cost_id,date,job_id,contractor_id,cost_category,actual_cost_cad
COST00001,2025-01-07,JOB0001,CON004,Rig,33498.44
COST00002,2025-01-07,JOB0001,CON006,Directional,14669.18
COST00003,2025-01-07,JOB0001,CON005,Fluids,10300.95
COST00004,2025-01-07,JOB0001,CON002,Cementing,5021.28
COST00005,2025-01-07,JOB0001,CON004,Rentals,9629.55
COST00006,2025-01-07,JOB0001,CON003,HSE,3163.15
COST00007,2025-01-08,JOB0001,CON003,Rig,26461.11
COST00008,2025-01-08,JOB0001,CON002,Directional,11970.8
COST00009,2025-01-08,JOB0001,CON003,Fluids,7351.14
COST00010,2025-01-08,JOB0001,CON003,Cementing,4426.66
COST00011,2025-01-08,JOB0001,CON006,Rentals,6690.44
COST00012,2025-01-08,JOB0001,CON001,HSE,4328.83
COST00013,2025-01-09,JOB0001,CON001,Rig,29988.06
COST00014,2025-01-09,JOB0001,CON003,Directional,12648.6
COST00015,2025-01-09,JOB0001,CON006,Fluids,8075.76
COST00016,2025-01-09,JOB0001,CON002,Cementing,4027.79
COST00017,2025-01-09,JOB0001,CON005,Rentals,7282.95
COST00018,2025-01-09,JOB0001,CON001,HSE,3877.32
COST00019,2025-01-10,JOB0001,CON004,Rig,20524.48
COST00020,2025-01-10,JOB0001,CON004,Directional,9739.19
COST00021,2025-01-10,JOB0001,CON004,Fluids,6724.35
COST00022,2025-01-10,JOB0001,CON005,Cementing,5280.51
COST00023,2025-01-10,JOB0001,CON003,Rentals,7251.96
COST00024,2025-01-10,JOB0001,CON004,HSE,4275.59
COST00025,2025-01-11,JOB0001,CON001,Rig,34210.24
COST00026,2025-01-11,JOB0001,CON006,Directional,11690.6
COST00027,2025-01-11,JOB0001,CON001,Fluids,11962.28
COST00028,2025-01-11,JOB0001,CON003,Cementing,5479.1
COST00029,2025-01-11,JOB0001,CON003,Rentals,8736.32
COST00030,2025-01-11,JOB0001,CON006,HSE,5017.85
COST00031,2025-01-12,JOB0001,CON003,Rig,30893.71
COST00032,2025-01-12,JOB0001,CON001,Directional,10719.97
COST00033,2025-01-12,JOB0001,CON006,Fluids,6696.45
COST00034,2025-01-12,JOB0001,CON005,Cementing,5451.31
COST00035,2025-01-12,JOB0001,CON001,Rentals,6952.35
COST00036,2025-01-12,JOB0001,CON002,HSE,3406.9
COST00037,2025-01-13,JOB0001,CON004,Rig,32837.3
COST00038,2025-01-13,JOB0001,CON001,Directional,16457.6
COST00039,2025-01-13,JOB0001,CON004,Fluids,12839.96
COST00040,2025-01-13,JOB0001,CON006,Cementing,6256.46
COST00041,2025-01-13,JOB0001,CON005,Rentals,9757.77
COST00042,2025-01-13,JOB0001,CON006,HSE,4688.56
COST00043,2025-01-14,JOB0001,CON004,Rig,23492.9
COST00044,2025-01-14,JOB0001,CON004,Directional,14083.07
COST00045,2025-01-14,JOB0001,CON004,Fluids,9212.77
COST00046,2025-01-14,JOB0001,CON001,Cementing,4214.03
COST00047,2025-01-14,JOB0001,CON001,Rentals,8601.48
COST00048,2025-01-14,JOB0001,CON006,HSE,4640.18
COST00049,2025-01-15,JOB0001,CON001,Rig,20768.57
COST00050,2025-01-15,JOB0001,CON004,Directional,9555.95
COST00051,2025-01-15,JOB0001,CON006,Fluids,10004.91
COST00052,2025-01-15,JOB0001,CON003,Cementing,4570.39
COST00053,2025-01-15,JOB0001,CON002,Rentals,8398.3
COST00054,2025-01-15,JOB0001,CON001,HSE,4324.26
COST00055,2025-01-16,JOB0001,CON001,Rig,34854.07
COST00056,2025-01-16,JOB0001,CON005,Directional,12118.48
COST00057,2025-01-16,JOB0001,CON001,Fluids,10277.75
COST00058,2025-01-16,JOB0001,CON006,Cementing,6436.03
COST00059,2025-01-16,JOB0001,CON005,Rentals,9689.9
COST00060,2025-01-16,JOB0001,CON004,HSE,3942.29
COST00061,2025-01-17,JOB0001,CON005,Rig,29926.21
COST00062,2025-01-17,JOB0001,CON002,Directional,10324.55
COST00063,2025-01-17,JOB0001,CON005,Fluids,7912.55
COST00064,2025-01-17,JOB0001,CON002,Cementing,4501.49
COST00065,2025-01-17,JOB0001,CON001,Rentals,6533.5
COST00066,2025-01-17,JOB0001,CON004,HSE,3515.83
COST00067,2025-01-18,JOB0001,CON006,Rig,30959.23
COST00068,2025-01-18,JOB0001,CON006,Directional,15168.15
COST00069,2025-01-18,JOB0001,CON002,Fluids,8605.58
COST00070,2025-01-18,JOB0001,CON005,Cementing,6283.85
COST00071,2025-01-18,JOB0001,CON002,Rentals,9034.38
COST00072,2025-01-18,JOB0001,CON005,HSE,3744.29
COST00073,2025-01-19,JOB0001,CON002,Rig,30181.67
COST00074,2025-01-19,JOB0001,CON001,Directional,13392.83
COST00075,2025-01-19,JOB0001,CON005,Fluids,9788.91
COST00076,2025-01-19,JOB0001,CON002,Cementing,6280.64
COST00077,2025-01-19,JOB0001,CON006,Rentals,9023.97
COST00078,2025-01-19,JOB0001,CON003,HSE,4122.03
COST00079,2025-01-20,JOB0001,CON005,Rig,23674.56
COST00080,2025-01-20,JOB0001,CON001,Directional,10893.79
COST00081,2025-01-20,JOB0001,CON002,Fluids,10151.18
COST00082,2025-01-20,JOB0001,CON006,Cementing,5318.17
COST00083,2025-01-20,JOB0001,CON003,Rentals,6891.02
COST00084,2025-01-20,JOB0001,CON004,HSE,3221.46
COST00085,2025-01-21,JOB0001,CON006,Rig,27205.32
COST00086,2025-01-21,JOB0001,CON003,Directional,9455.02
COST00087,2025-01-21,JOB0001,CON005,Fluids,7615.01
COST00088,2025-01-21,JOB0001,CON006,Cementing,3606.21
COST00089,2025-01-21,JOB0001,CON004,Rentals,5883.04
COST00090,2025-01-21,JOB0001,CON002,HSE,4296.72
COST00091,2025-01-22,JOB0001,CON004,Rig,25108.47
COST00092,2025-01-22,JOB0001,CON002,Directional,11785.99
COST00093,2025-01-22,JOB0001,CON001,Fluids,7101.88
COST00094,2025-01-22,JOB0001,CON001,Cementing,4822.52
COST00095,2025-01-22,JOB0001,CON005,Rentals,6297.83
COST00096,2025-01-22,JOB0001,CON002,HSE,4340.03
COST00097,2025-01-23,JOB0001,CON003,Rig,46815.01
COST00098,2025-01-23,JOB0001,CON004,Directional,17881.06
COST00099,2025-01-23,JOB0001,CON001,Fluids,12327.87
COST00100,2025-01-23,JOB0001,CON001,Cementing,6093.55
COST00101,2025-01-23,JOB0001,CON006,Rentals,11154.25
COST00102,2025-01-23,JOB0001,CON006,HSE,4719.69
COST00103,2025-01-24,JOB0001,CON006,Rig,29160.45
COST00104,2025-01-24,JOB0001,CON005,Directional,10387.53
COST00105,2025-01-24,JOB0001,CON003,Fluids,7594.35
COST00106,2025-01-24,JOB0001,CON002,Cementing,4663.63
COST00107,2025-01-24,JOB0001,CON002,Rentals,8455.39
COST00108,2025-01-24,JOB0001,CON006,HSE,3269.37
COST00109,2025-01-25,JOB0001,CON004,Rig,18980.08
COST00110,2025-01-25,JOB0001,CON006,Directional,10223.11
COST00111,2025-01-25,JOB0001,CON003,Fluids,6060.31
COST00112,2025-01-25,JOB0001,CON003,Cementing,4185.29
COST00113,2025-01-25,JOB0001,CON003,Rentals,7332.49
COST00114,2025-01-25,JOB0001,CON001,HSE,3077.29
COST00115,2025-01-26,JOB0001,CON002,Rig,24571.41
COST00116,2025-01-26,JOB0001,CON006,Directional,13558.09
COST00117,2025-01-26,JOB0001,CON005,Fluids,8518.27
COST00118,2025-01-26,JOB0001,CON006,Cementing,5693.11
COST00119,2025-01-26,JOB0001,CON002,Rentals,6415.64
COST00120,2025-01-26,JOB0001,CON004,HSE,4401.94
COST00121,2025-01-27,JOB0001,CON005,Rig,25826.78
COST00122,2025-01-27,JOB0001,CON002,Directional,9099.43
COST00123,2025-01-27,JOB0001,CON003,Fluids,6651.11
COST00124,2025-01-27,JOB0001,CON002,Cementing,4338.48
COST00125,2025-01-27,JOB0001,CON001,Rentals,7497.21
COST00126,2025-01-27,JOB0001,CON004,HSE,2975.1
COST00127,2025-01-28,JOB0001,CON003,Rig,35010.66
COST00128,2025-01-28,JOB0001,CON006,Directional,14862.96
COST00129,2025-01-28,JOB0001,CON003,Fluids,13457.28
COST00130,2025-01-28,JOB0001,CON005,Cementing,7368.53
COST00131,2025-01-28,JOB0001,CON001,Rentals,8939.56
COST00132,2025-01-28,JOB0001,CON006,HSE,6189.38
COST00133,2025-01-29,JOB0001,CON005,Rig,31099.95
COST00134,2025-01-29,JOB0001,CON002,Directional,14353.14
COST00135,2025-01-29,JOB0001,CON002,Fluids,8974.62
COST00136,2025-01-29,JOB0001,CON006,Cementing,5076.81
COST00137,2025-01-29,JOB0001,CON001,Rentals,9611.94
COST00138,2025-01-29,JOB0001,CON004,HSE,3897.37
COST00139,2025-01-30,JOB0001,CON006,Rig,35730.81
COST00140,2025-01-30,JOB0001,CON002,Directional,14503.04
COST00141,2025-01-30,JOB0001,CON003,Fluids,11496.03
COST00142,2025-01-30,JOB0001,CON002,Cementing,5343.52
COST00143,2025-01-30,JOB0001,CON006,Rentals,10219.63
COST00144,2025-01-30,JOB0001,CON006,HSE,3577.79
COST00145,2025-01-31,JOB0001,CON004,Rig,20153.54
COST00146,2025-01-31,JOB0001,CON003,Directional,12277.68
COST00147,2025-01-31,JOB0001,CON002,Fluids,7648.57
COST00148,2025-01-31,JOB0001,CON006,Cementing,5008.97
COST00149,2025-01-31,JOB0001,CON001,Rentals,7734.59
COST00150,2025-01-31,JOB0001,CON004,HSE,4348.68
COST00151,2025-02-01,JOB0001,CON005,Rig,26307.85
COST00152,2025-02-01,JOB0001,CON006,Directional,12910.13
COST00153,2025-02-01,JOB0001,CON006,Fluids,8039.04
COST00154,2025-02-01,JOB0001,CON002,Cementing,3985.85
COST00155,2025-02-01,JOB0001,CON006,Rentals,8822.1
COST00156,2025-02-01,JOB0001,CON004,HSE,3866.68
COST00157,2025-02-02,JOB0001,CON003,Rig,21199.16
COST00158,2025-02-02,JOB0001,CON004,Directional,7993.45
COST00159,2025-02-02,JOB0001,CON006,Fluids,8571.31
COST00160,2025-02-02,JOB0001,CON005,Cementing,3877.13
COST00161,2025-02-02,JOB0001,CON006,Rentals,8712.99
COST00162,2025-02-02,JOB0001,CON002,HSE,4041.59
COST00163,2025-02-03,JOB0001,CON006,Rig,22902.74
COST00164,2025-02-03,JOB0001,CON005,Directional,9433.36
COST00165,2025-02-03,JOB0001,CON005,Fluids,10259.92
COST00166,2025-02-03,JOB0001,CON004,Cementing,5364.64
COST00167,2025-02-03,JOB0001,CON005,Rentals,6126.18
COST00168,2025-02-03,JOB0001,CON006,HSE,3592.9
COST00169,2025-02-04,JOB0001,CON005,Rig,24371.79
COST00170,2025-02-04,JOB0001,CON004,Directional,14011.79
COST00171,2025-02-04,JOB0001,CON004,Fluids,6891.84
COST00172,2025-02-04,JOB0001,CON005,Cementing,6030.92
COST00173,2025-02-04,JOB0001,CON001,Rentals,8412.22
COST00174,2025-02-04,JOB0001,CON004,HSE,4325.29
COST00175,2025-02-05,JOB0001,CON005,Rig,23710.0
COST00176,2025-02-05,JOB0001,CON005,Directional,12414.85
COST00177,2025-02-05,JOB0001,CON003,Fluids,10550.19
COST00178,2025-02-05,JOB0001,CON002,Cementing,5533.63
COST00179,2025-02-05,JOB0001,CON005,Rentals,8422.38
COST00180,2025-02-05,JOB0001,CON005,HSE,3798.97
COST00181,2025-02-06,JOB0001,CON004,Rig,30273.86
COST00182,2025-02-06,JOB0001,CON005,Directional,11646.57
COST00183,2025-02-06,JOB0001,CON006,Fluids,9342.17
COST00184,2025-02-06,JOB0001,CON006,Cementing,5929.27
COST00185,2025-02-06,JOB0001,CON001,Rentals,6434.7
COST00186,2025-02-06,JOB0001,CON004,HSE,3646.44
COST00187,2025-02-07,JOB0001,CON002,Rig,22288.86
COST00188,2025-02-07,JOB0001,CON003,Directional,11349.61
COST00189,2025-02-07,JOB0001,CON003,Fluids,6826.64
COST00190,2025-02-07,JOB0001,CON006,Cementing,4982.47
COST00191,2025-02-07,JOB0001,CON001,Rentals,7843.25
COST00192,2025-02-07,JOB0001,CON003,HSE,4442.31
COST00193,2025-02-08,JOB0001,CON002,Rig,27982.69
COST00194,2025-02-08,JOB0001,CON003,Directional,8785.39
COST00195,2025-02-08,JOB0001,CON002,Fluids,8063.64
COST00196,2025-02-08,JOB0001,CON004,Cementing,4947.47
COST00197,2025-02-08,JOB0001,CON001,Rentals,8362.46
COST00198,2025-02-08,JOB0001,CON004,HSE,3602.17
COST00199,2025-02-09,JOB0001,CON003,Rig,23127.44
COST00200,2025-02-09,JOB0001,CON004,Directional,9611.84
COST00201,2025-02-09,JOB0001,CON005,Fluids,8585.07
COST00202,2025-02-09,JOB0001,CON006,Cementing,4511.35
COST00203,2025-02-09,JOB0001,CON006,Rentals,6324.15
COST00204,2025-02-09,JOB0001,CON002,HSE,4096.96
COST00205,2025-02-10,JOB0001,CON005,Rig,30052.19
COST00206,2025-02-10,JOB0001,CON003,Directional,11222.78
COST00207,2025-02-10,JOB0001,CON004,Fluids,10790.27
COST00208,2025-02-10,JOB0001,CON001,Cementing,5774.89
COST00209,2025-02-10,JOB0001,CON001,Rentals,8122.93
COST00210,2025-02-10,JOB0001,CON003,HSE,3245.05
COST00211,2025-02-11,JOB0001,CON005,Rig,26344.81
COST00212,2025-02-11,JOB0001,CON005,Directional,11351.88
COST00213,2025-02-11,JOB0001,CON001,Fluids,9318.02
COST00214,2025-02-11,JOB0001,CON002,Cementing,5727.15
COST00215,2025-02-11,JOB0001,CON005,Rentals,8640.84
COST00216,2025-02-11,JOB0001,CON005,HSE,3336.0
COST00217,2025-02-12,JOB0001,CON003,Rig,24199.52
COST00218,2025-02-12,JOB0001,CON005,Directional,12195.5
COST00219,2025-02-12,JOB0001,CON006,Fluids,9981.68
COST00220,2025-02-12,JOB0001,CON006,Cementing,5147.79
COST00221,2025-02-12,JOB0001,CON002,Rentals,8268.29
COST00222,2025-02-12,JOB0001,CON002,HSE,3806.81
COST00223,2025-02-13,JOB0001,CON001,Rig,31703.02
COST00224,2025-02-13,JOB0001,CON002,Directional,13386.23
COST00225,2025-02-13,JOB0001,CON001,Fluids,9780.57
COST00226,2025-02-13,JOB0001,CON006,Cementing,4554.05
COST00227,2025-02-13,JOB0001,CON003,Rentals,6497.68
COST00228,2025-02-13,JOB0001,CON001,HSE,2932.86
COST00229,2025-02-14,JOB0001,CON006,Rig,21992.37
COST00230,2025-02-14,JOB0001,CON006,Directional,9535.99
COST00231,2025-02-14,JOB0001,CON004,Fluids,6813.25
COST00232,2025-02-14,JOB0001,CON001,Cementing,4157.68
COST00233,2025-02-14,JOB0001,CON003,Rentals,8232.21
COST00234,2025-02-14,JOB0001,CON003,HSE,4038.9
COST00235,2025-01-21,JOB0002,CON005,Rig,25933.71
COST00236,2025-01-21,JOB0002,CON003,Directional,13738.89
COST00237,2025-01-21,JOB0002,CON001,Fluids,8604.82
COST00238,2025-01-21,JOB0002,CON003,Cementing,6302.83
COST00239,2025-01-21,JOB0002,CON005,Rentals,8030.48
COST00240,2025-01-21,JOB0002,CON001,HSE,4523.12
COST00241,2025-01-22,JOB0002,CON001,Rig,29405.25
COST00242,2025-01-22,JOB0002,CON004,Directional,19211.3
COST00243,2025-01-22,JOB0002,CON003,Fluids,9201.46
COST00244,2025-01-22,JOB0002,CON004,Cementing,7597.87
COST00245,2025-01-22,JOB0002,CON004,Rentals,11458.61
COST00246,2025-01-22,JOB0002,CON002,HSE,5620.7
COST00247,2025-01-23,JOB0002,CON004,Rig,28007.23
COST00248,2025-01-23,JOB0002,CON005,Directional,8963.19
COST00249,2025-01-23,JOB0002,CON003,Fluids,6852.69
COST00250,2025-01-23,JOB0002,CON004,Cementing,4233.37
COST00251,2025-01-23,JOB0002,CON005,Rentals,8223.82
COST00252,2025-01-23,JOB0002,CON002,HSE,3121.92
COST00253,2025-01-24,JOB0002,CON003,Rig,32906.39
COST00254,2025-01-24,JOB0002,CON001,Directional,10573.71
COST00255,2025-01-24,JOB0002,CON006,Fluids,9243.71
COST00256,2025-01-24,JOB0002,CON006,Cementing,6735.69
COST00257,2025-01-24,JOB0002,CON001,Rentals,8736.08
COST00258,2025-01-24,JOB0002,CON005,HSE,5082.31
COST00259,2025-01-25,JOB0002,CON002,Rig,39799.32
COST00260,2025-01-25,JOB0002,CON003,Directional,17792.45
COST00261,2025-01-25,JOB0002,CON003,Fluids,11849.86
COST00262,2025-01-25,JOB0002,CON006,Cementing,8031.67
COST00263,2025-01-25,JOB0002,CON002,Rentals,9566.37
COST00264,2025-01-25,JOB0002,CON001,HSE,5780.58
COST00265,2025-01-26,JOB0002,CON003,Rig,25602.85
COST00266,2025-01-26,JOB0002,CON003,Directional,13949.78
COST00267,2025-01-26,JOB0002,CON003,Fluids,8069.02
COST00268,2025-01-26,JOB0002,CON005,Cementing,4443.69
COST00269,2025-01-26,JOB0002,CON001,Rentals,8190.58
COST00270,2025-01-26,JOB0002,CON004,HSE,4637.61
COST00271,2025-01-27,JOB0002,CON002,Rig,36626.85
COST00272,2025-01-27,JOB0002,CON002,Directional,14013.48
COST00273,2025-01-27,JOB0002,CON003,Fluids,12012.26
COST00274,2025-01-27,JOB0002,CON001,Cementing,6844.59
COST00275,2025-01-27,JOB0002,CON004,Rentals,9133.22
COST00276,2025-01-27,JOB0002,CON006,HSE,4659.68
COST00277,2025-01-28,JOB0002,CON006,Rig,33677.95
COST00278,2025-01-28,JOB0002,CON005,Directional,12954.48
COST00279,2025-01-28,JOB0002,CON002,Fluids,9203.27
COST00280,2025-01-28,JOB0002,CON003,Cementing,7414.53
COST00281,2025-01-28,JOB0002,CON004,Rentals,11402.2
COST00282,2025-01-28,JOB0002,CON002,HSE,5912.64
COST00283,2025-01-29,JOB0002,CON005,Rig,31525.78
COST00284,2025-01-29,JOB0002,CON003,Directional,13337.57
COST00285,2025-01-29,JOB0002,CON005,Fluids,12010.47
COST00286,2025-01-29,JOB0002,CON003,Cementing,5424.36
COST00287,2025-01-29,JOB0002,CON004,Rentals,6858.56
COST00288,2025-01-29,JOB0002,CON004,HSE,4386.44
COST00289,2025-01-30,JOB0002,CON002,Rig,35188.8
COST00290,2025-01-30,JOB0002,CON003,Directional,12624.32
COST00291,2025-01-30,JOB0002,CON005,Fluids,13433.19
COST00292,2025-01-30,JOB0002,CON005,Cementing,5782.37
COST00293,2025-01-30,JOB0002,CON003,Rentals,10399.55
COST00294,2025-01-30,JOB0002,CON001,HSE,4020.14
COST00295,2025-01-31,JOB0002,CON005,Rig,26999.69
COST00296,2025-01-31,JOB0002,CON004,Directional,13266.01
COST00297,2025-01-31,JOB0002,CON003,Fluids,8982.51
COST00298,2025-01-31,JOB0002,CON003,Cementing,6083.58
COST00299,2025-01-31,JOB0002,CON002,Rentals,9158.59
COST00300,2025-01-31,JOB0002,CON005,HSE,4306.5
COST00301,2025-02-01,JOB0002,CON003,Rig,28308.63
COST00302,2025-02-01,JOB0002,CON004,Directional,13205.84
COST00303,2025-02-01,JOB0002,CON006,Fluids,9963.77
COST00304,2025-02-01,JOB0002,CON002,Cementing,5026.33
COST00305,2025-02-01,JOB0002,CON003,Rentals,9021.98
COST00306,2025-02-01,JOB0002,CON003,HSE,4961.32
COST00307,2025-02-02,JOB0002,CON004,Rig,34119.13
COST00308,2025-02-02,JOB0002,CON003,Directional,10563.79
COST00309,2025-02-02,JOB0002,CON005,Fluids,10075.93
COST00310,2025-02-02,JOB0002,CON002,Cementing,6498.63
COST00311,2025-02-02,JOB0002,CON001,Rentals,7280.66
COST00312,2025-02-02,JOB0002,CON003,HSE,3788.41
COST00313,2025-02-03,JOB0002,CON002,Rig,33495.85
COST00314,2025-02-03,JOB0002,CON006,Directional,14169.0
COST00315,2025-02-03,JOB0002,CON001,Fluids,11762.6
COST00316,2025-02-03,JOB0002,CON001,Cementing,6473.5
COST00317,2025-02-03,JOB0002,CON001,Rentals,10117.24
COST00318,2025-02-03,JOB0002,CON005,HSE,3930.48
COST00319,2025-02-04,JOB0002,CON001,Rig,29434.12
COST00320,2025-02-04,JOB0002,CON005,Directional,11811.03
COST00321,2025-02-04,JOB0002,CON002,Fluids,11917.99
COST00322,2025-02-04,JOB0002,CON006,Cementing,5987.52
COST00323,2025-02-04,JOB0002,CON006,Rentals,9030.59
COST00324,2025-02-04,JOB0002,CON001,HSE,5216.92
COST00325,2025-02-05,JOB0002,CON003,Rig,43237.19
COST00326,2025-02-05,JOB0002,CON005,Directional,14872.42
COST00327,2025-02-05,JOB0002,CON004,Fluids,11947.07
COST00328,2025-02-05,JOB0002,CON006,Cementing,7574.95
COST00329,2025-02-05,JOB0002,CON002,Rentals,13535.55
COST00330,2025-02-05,JOB0002,CON006,HSE,4618.38
COST00331,2025-02-06,JOB0002,CON001,Rig,32307.24
COST00332,2025-02-06,JOB0002,CON006,Directional,12876.94
COST00333,2025-02-06,JOB0002,CON006,Fluids,8149.2
COST00334,2025-02-06,JOB0002,CON004,Cementing,7054.92
COST00335,2025-02-06,JOB0002,CON004,Rentals,10290.02
COST00336,2025-02-06,JOB0002,CON001,HSE,5143.36
COST00337,2025-02-07,JOB0002,CON004,Rig,25111.59
COST00338,2025-02-07,JOB0002,CON003,Directional,11760.61
COST00339,2025-02-07,JOB0002,CON004,Fluids,11262.19
COST00340,2025-02-07,JOB0002,CON004,Cementing,4902.07
COST00341,2025-02-07,JOB0002,CON001,Rentals,10339.25
COST00342,2025-02-07,JOB0002,CON006,HSE,4986.79
COST00343,2025-02-08,JOB0002,CON004,Rig,30285.33
COST00344,2025-02-08,JOB0002,CON006,Directional,14678.35
COST00345,2025-02-08,JOB0002,CON002,Fluids,10219.81
COST00346,2025-02-08,JOB0002,CON003,Cementing,5368.59
COST00347,2025-02-08,JOB0002,CON003,Rentals,8376.73
COST00348,2025-02-08,JOB0002,CON005,HSE,3893.42
COST00349,2025-02-09,JOB0002,CON002,Rig,23528.17
COST00350,2025-02-09,JOB0002,CON002,Directional,10758.91
COST00351,2025-02-09,JOB0002,CON004,Fluids,9909.68
COST00352,2025-02-09,JOB0002,CON005,Cementing,6101.72
COST00353,2025-02-09,JOB0002,CON006,Rentals,8830.66
COST00354,2025-02-09,JOB0002,CON005,HSE,3177.25
COST00355,2025-02-10,JOB0002,CON004,Rig,30886.19
COST00356,2025-02-10,JOB0002,CON006,Directional,14139.63
COST00357,2025-02-10,JOB0002,CON002,Fluids,10944.72
COST00358,2025-02-10,JOB0002,CON005,Cementing,5142.23
COST00359,2025-02-10,JOB0002,CON006,Rentals,9018.48
COST00360,2025-02-10,JOB0002,CON004,HSE,4089.14
COST00361,2025-02-11,JOB0002,CON004,Rig,28312.73
COST00362,2025-02-11,JOB0002,CON003,Directional,11609.19
COST00363,2025-02-11,JOB0002,CON006,Fluids,9557.68
COST00364,2025-02-11,JOB0002,CON003,Cementing,6196.05
COST00365,2025-02-11,JOB0002,CON002,Rentals,9814.87
COST00366,2025-02-11,JOB0002,CON004,HSE,5001.22
COST00367,2025-02-12,JOB0002,CON003,Rig,26082.47
COST00368,2025-02-12,JOB0002,CON001,Directional,12720.6
COST00369,2025-02-12,JOB0002,CON001,Fluids,9365.43
COST00370,2025-02-12,JOB0002,CON003,Cementing,5994.04
COST00371,2025-02-12,JOB0002,CON002,Rentals,10562.99
COST00372,2025-02-12,JOB0002,CON005,HSE,4782.17
COST00373,2025-02-13,JOB0002,CON003,Rig,37161.09
COST00374,2025-02-13,JOB0002,CON001,Directional,14140.38
COST00375,2025-02-13,JOB0002,CON004,Fluids,9020.67
COST00376,2025-02-13,JOB0002,CON002,Cementing,4922.62
COST00377,2025-02-13,JOB0002,CON001,Rentals,11244.5
COST00378,2025-02-13,JOB0002,CON002,HSE,5225.62
COST00379,2025-02-14,JOB0002,CON002,Rig,35033.45
COST00380,2025-02-14,JOB0002,CON002,Directional,18442.84
COST00381,2025-02-14,JOB0002,CON006,Fluids,12100.23
COST00382,2025-02-14,JOB0002,CON006,Cementing,7065.95
COST00383,2025-02-14,JOB0002,CON001,Rentals,11038.55
COST00384,2025-02-14,JOB0002,CON005,HSE,4372.56
COST00385,2025-02-15,JOB0002,CON003,Rig,33030.25
COST00386,2025-02-15,JOB0002,CON001,Directional,19619.36
COST00387,2025-02-15,JOB0002,CON005,Fluids,11900.33
COST00388,2025-02-15,JOB0002,CON003,Cementing,6084.13
COST00389,2025-02-15,JOB0002,CON003,Rentals,11970.64
COST00390,2025-02-15,JOB0002,CON006,HSE,4873.16
COST00391,2025-02-16,JOB0002,CON005,Rig,23873.47
COST00392,2025-02-16,JOB0002,CON003,Directional,12903.15
COST00393,2025-02-16,JOB0002,CON001,Fluids,9123.99
COST00394,2025-02-16,JOB0002,CON005,Cementing,5780.24
COST00395,2025-02-16,JOB0002,CON005,Rentals,10672.71
COST00396,2025-02-16,JOB0002,CON006,HSE,4378.78
COST00397,2025-02-17,JOB0002,CON001,Rig,22162.8
COST00398,2025-02-17,JOB0002,CON001,Directional,13129.92
COST00399,2025-02-17,JOB0002,CON004,Fluids,8737.84
COST00400,2025-02-17,JOB0002,CON004,Cementing,5925.19
COST00401,2025-02-17,JOB0002,CON005,Rentals,6874.96
COST00402,2025-02-17,JOB0002,CON004,HSE,4654.24
COST00403,2025-02-18,JOB0002,CON001,Rig,25880.13
COST00404,2025-02-18,JOB0002,CON002,Directional,15214.74
COST00405,2025-02-18,JOB0002,CON003,Fluids,11854.99
COST00406,2025-02-18,JOB0002,CON006,Cementing,6912.97
COST00407,2025-02-18,JOB0002,CON001,Rentals,8727.38
COST00408,2025-02-18,JOB0002,CON002,HSE,5180.91
COST00409,2025-02-19,JOB0002,CON003,Rig,23304.96
COST00410,2025-02-19,JOB0002,CON006,Directional,13789.74
COST00411,2025-02-19,JOB0002,CON006,Fluids,10857.76
COST00412,2025-02-19,JOB0002,CON002,Cementing,4556.34
COST00413,2025-02-19,JOB0002,CON003,Rentals,7521.03
COST00414,2025-02-19,JOB0002,CON003,HSE,4781.52
COST00415,2025-02-20,JOB0002,CON005,Rig,34363.14
COST00416,2025-02-20,JOB0002,CON003,Directional,13455.15
COST00417,2025-02-20,JOB0002,CON004,Fluids,9592.21
COST00418,2025-02-20,JOB0002,CON006,Cementing,4693.88
COST00419,2025-02-20,JOB0002,CON006,Rentals,7086.01
COST00420,2025-02-20,JOB0002,CON002,HSE,3538.13
COST00421,2025-02-21,JOB0002,CON006,Rig,40200.02
COST00422,2025-02-21,JOB0002,CON004,Directional,14749.95
COST00423,2025-02-21,JOB0002,CON004,Fluids,15011.27
COST00424,2025-02-21,JOB0002,CON005,Cementing,6471.33
COST00425,2025-02-21,JOB0002,CON005,Rentals,11890.69
COST00426,2025-02-21,JOB0002,CON001,HSE,5871.79
COST00427,2025-02-22,JOB0002,CON001,Rig,27665.13
COST00428,2025-02-22,JOB0002,CON004,Directional,15635.64
COST00429,2025-02-22,JOB0002,CON003,Fluids,10554.62
COST00430,2025-02-22,JOB0002,CON003,Cementing,5250.74
COST00431,2025-02-22,JOB0002,CON006,Rentals,9728.63
COST00432,2025-02-22,JOB0002,CON005,HSE,4677.06
COST00433,2025-02-23,JOB0002,CON002,Rig,33270.14
COST00434,2025-02-23,JOB0002,CON001,Directional,13725.7
COST00435,2025-02-23,JOB0002,CON003,Fluids,13780.36
COST00436,2025-02-23,JOB0002,CON004,Cementing,7671.57
COST00437,2025-02-23,JOB0002,CON002,Rentals,10602.63
COST00438,2025-02-23,JOB0002,CON003,HSE,5766.18
COST00439,2025-02-24,JOB0002,CON001,Rig,31873.84
COST00440,2025-02-24,JOB0002,CON006,Directional,15040.25
COST00441,2025-02-24,JOB0002,CON004,Fluids,11809.09
COST00442,2025-02-24,JOB0002,CON005,Cementing,7995.05
COST00443,2025-02-24,JOB0002,CON006,Rentals,9738.26
COST00444,2025-02-24,JOB0002,CON002,HSE,4142.61
COST00445,2025-02-25,JOB0002,CON006,Rig,38051.27
COST00446,2025-02-25,JOB0002,CON006,Directional,15104.1
COST00447,2025-02-25,JOB0002,CON001,Fluids,13762.84
COST00448,2025-02-25,JOB0002,CON006,Cementing,7772.66
COST00449,2025-02-25,JOB0002,CON004,Rentals,10151.39
COST00450,2025-02-25,JOB0002,CON003,HSE,5398.8
COST00451,2025-02-26,JOB0002,CON006,Rig,26762.85
COST00452,2025-02-26,JOB0002,CON006,Directional,11272.87
COST00453,2025-02-26,JOB0002,CON003,Fluids,9735.15
COST00454,2025-02-26,JOB0002,CON005,Cementing,4927.81
COST00455,2025-02-26,JOB0002,CON002,Rentals,6906.79
COST00456,2025-02-26,JOB0002,CON002,HSE,4075.74
COST00457,2025-02-27,JOB0002,CON002,Rig,36491.61
COST00458,2025-02-27,JOB0002,CON004,Directional,17834.63
COST00459,2025-02-27,JOB0002,CON004,Fluids,13351.16
COST00460,2025-02-27,JOB0002,CON004,Cementing,6869.23
COST00461,2025-02-27,JOB0002,CON004,Rentals,11811.87
COST00462,2025-02-27,JOB0002,CON002,HSE,5374.64
COST00463,2025-02-28,JOB0002,CON005,Rig,32865.77
COST00464,2025-02-28,JOB0002,CON002,Directional,15121.85
COST00465,2025-02-28,JOB0002,CON004,Fluids,10503.19
COST00466,2025-02-28,JOB0002,CON004,Cementing,5223.47
COST00467,2025-02-28,JOB0002,CON001,Rentals,6650.28
COST00468,2025-02-28,JOB0002,CON006,HSE,3222.06
COST00469,2025-03-01,JOB0002,CON005,Rig,23390.77
COST00470,2025-03-01,JOB0002,CON003,Directional,11909.84
COST00471,2025-03-01,JOB0002,CON001,Fluids,9396.12
COST00472,2025-03-01,JOB0002,CON002,Cementing,4323.3
COST00473,2025-03-01,JOB0002,CON002,Rentals,8602.12
COST00474,2025-03-01,JOB0002,CON004,HSE,3700.58
COST00475,2025-02-02,JOB0003,CON003,Rig,19726.12
COST00476,2025-02-02,JOB0003,CON002,Directional,7735.84
COST00477,2025-02-02,JOB0003,CON003,Fluids,6057.51
COST00478,2025-02-02,JOB0003,CON003,Cementing,2827.22
COST00479,2025-02-02,JOB0003,CON006,Rentals,6580.15
COST00480,2025-02-02,JOB0003,CON002,HSE,2594.86
COST00481,2025-02-03,JOB0003,CON006,Rig,15262.65
COST00482,2025-02-03,JOB0003,CON002,Directional,8221.14
COST00483,2025-02-03,JOB0003,CON005,Fluids,5694.13
COST00484,2025-02-03,JOB0003,CON003,Cementing,2922.93
COST00485,2025-02-03,JOB0003,CON006,Rentals,5771.83
COST00486,2025-02-03,JOB0003,CON003,HSE,3117.02
COST00487,2025-02-04,JOB0003,CON001,Rig,20977.14
COST00488,2025-02-04,JOB0003,CON003,Directional,7762.68
COST00489,2025-02-04,JOB0003,CON006,Fluids,6127.08
COST00490,2025-02-04,JOB0003,CON006,Cementing,4328.46
COST00491,2025-02-04,JOB0003,CON002,Rentals,7183.42
COST00492,2025-02-04,JOB0003,CON001,HSE,2875.39
COST00493,2025-02-05,JOB0003,CON001,Rig,19658.32
COST00494,2025-02-05,JOB0003,CON002,Directional,9595.5
COST00495,2025-02-05,JOB0003,CON003,Fluids,7315.11
COST00496,2025-02-05,JOB0003,CON001,Cementing,3756.26
COST00497,2025-02-05,JOB0003,CON006,Rentals,5265.37
COST00498,2025-02-05,JOB0003,CON006,HSE,2554.31
COST00499,2025-02-06,JOB0003,CON003,Rig,17461.79
COST00500,2025-02-06,JOB0003,CON004,Directional,6233.88
COST00501,2025-02-06,JOB0003,CON005,Fluids,7524.99
COST00502,2025-02-06,JOB0003,CON003,Cementing,3856.12
COST00503,2025-02-06,JOB0003,CON002,Rentals,5495.49
COST00504,2025-02-06,JOB0003,CON001,HSE,2433.47
COST00505,2025-02-07,JOB0003,CON006,Rig,18940.88
COST00506,2025-02-07,JOB0003,CON005,Directional,9074.82
COST00507,2025-02-07,JOB0003,CON004,Fluids,9511.96
COST00508,2025-02-07,JOB0003,CON006,Cementing,4087.07
COST00509,2025-02-07,JOB0003,CON002,Rentals,6850.16
COST00510,2025-02-07,JOB0003,CON004,HSE,2616.58
COST00511,2025-02-08,JOB0003,CON003,Rig,18194.36
COST00512,2025-02-08,JOB0003,CON006,Directional,10090.73
COST00513,2025-02-08,JOB0003,CON004,Fluids,5428.57
COST00514,2025-02-08,JOB0003,CON004,Cementing,4272.09
COST00515,2025-02-08,JOB0003,CON005,Rentals,5789.77
COST00516,2025-02-08,JOB0003,CON003,HSE,3029.86
COST00517,2025-02-09,JOB0003,CON002,Rig,26197.86
COST00518,2025-02-09,JOB0003,CON001,Directional,9273.25
COST00519,2025-02-09,JOB0003,CON006,Fluids,8947.16
COST00520,2025-02-09,JOB0003,CON003,Cementing,4665.93
COST00521,2025-02-09,JOB0003,CON003,Rentals,5767.19
COST00522,2025-02-09,JOB0003,CON003,HSE,3533.24
COST00523,2025-02-10,JOB0003,CON005,Rig,23268.98
COST00524,2025-02-10,JOB0003,CON004,Directional,9673.31
COST00525,2025-02-10,JOB0003,CON002,Fluids,6860.82
COST00526,2025-02-10,JOB0003,CON002,Cementing,3560.41
COST00527,2025-02-10,JOB0003,CON002,Rentals,6069.97
COST00528,2025-02-10,JOB0003,CON003,HSE,3626.48
COST00529,2025-02-11,JOB0003,CON003,Rig,20458.68
COST00530,2025-02-11,JOB0003,CON003,Directional,9799.36
COST00531,2025-02-11,JOB0003,CON006,Fluids,6421.03
COST00532,2025-02-11,JOB0003,CON004,Cementing,3733.18
COST00533,2025-02-11,JOB0003,CON004,Rentals,5607.09
COST00534,2025-02-11,JOB0003,CON002,HSE,2595.63
COST00535,2025-02-12,JOB0003,CON002,Rig,20738.36
COST00536,2025-02-12,JOB0003,CON001,Directional,10973.02
COST00537,2025-02-12,JOB0003,CON004,Fluids,8529.92
COST00538,2025-02-12,JOB0003,CON004,Cementing,4161.36
COST00539,2025-02-12,JOB0003,CON006,Rentals,8339.54
COST00540,2025-02-12,JOB0003,CON006,HSE,3151.24
COST00541,2025-02-13,JOB0003,CON004,Rig,20882.73
COST00542,2025-02-13,JOB0003,CON003,Directional,8778.26
COST00543,2025-02-13,JOB0003,CON006,Fluids,7150.54
COST00544,2025-02-13,JOB0003,CON001,Cementing,4070.77
COST00545,2025-02-13,JOB0003,CON005,Rentals,5321.36
COST00546,2025-02-13,JOB0003,CON005,HSE,2926.75
COST00547,2025-02-14,JOB0003,CON002,Rig,24890.28
COST00548,2025-02-14,JOB0003,CON003,Directional,15100.01
COST00549,2025-02-14,JOB0003,CON001,Fluids,11450.69
COST00550,2025-02-14,JOB0003,CON005,Cementing,4153.3
COST00551,2025-02-14,JOB0003,CON003,Rentals,8544.66
COST00552,2025-02-14,JOB0003,CON002,HSE,4828.48
COST00553,2025-02-15,JOB0003,CON004,Rig,27008.2
COST00554,2025-02-15,JOB0003,CON003,Directional,13520.02
COST00555,2025-02-15,JOB0003,CON003,Fluids,7293.46
COST00556,2025-02-15,JOB0003,CON006,Cementing,4495.79
COST00557,2025-02-15,JOB0003,CON005,Rentals,7533.78
COST00558,2025-02-15,JOB0003,CON006,HSE,4174.5
COST00559,2025-02-16,JOB0003,CON002,Rig,19127.49
COST00560,2025-02-16,JOB0003,CON003,Directional,10758.94
COST00561,2025-02-16,JOB0003,CON005,Fluids,7022.06
COST00562,2025-02-16,JOB0003,CON003,Cementing,4569.11
COST00563,2025-02-16,JOB0003,CON003,Rentals,7528.16
COST00564,2025-02-16,JOB0003,CON003,HSE,3129.88
COST00565,2025-02-17,JOB0003,CON004,Rig,23063.51
COST00566,2025-02-17,JOB0003,CON006,Directional,9159.14
COST00567,2025-02-17,JOB0003,CON001,Fluids,7019.66
COST00568,2025-02-17,JOB0003,CON006,Cementing,2990.06
COST00569,2025-02-17,JOB0003,CON003,Rentals,5201.98
COST00570,2025-02-17,JOB0003,CON006,HSE,2242.94
COST00571,2025-02-18,JOB0003,CON001,Rig,17109.23
COST00572,2025-02-18,JOB0003,CON001,Directional,8244.25
COST00573,2025-02-18,JOB0003,CON003,Fluids,6188.6
COST00574,2025-02-18,JOB0003,CON006,Cementing,3620.62
COST00575,2025-02-18,JOB0003,CON005,Rentals,5762.74
COST00576,2025-02-18,JOB0003,CON002,HSE,3329.99
COST00577,2025-02-19,JOB0003,CON006,Rig,21148.11
COST00578,2025-02-19,JOB0003,CON002,Directional,8638.95
COST00579,2025-02-19,JOB0003,CON006,Fluids,7608.38
COST00580,2025-02-19,JOB0003,CON006,Cementing,3401.07
COST00581,2025-02-19,JOB0003,CON001,Rentals,4961.41
COST00582,2025-02-19,JOB0003,CON001,HSE,3544.67
COST00583,2025-02-20,JOB0003,CON004,Rig,30843.09
COST00584,2025-02-20,JOB0003,CON006,Directional,10793.37
COST00585,2025-02-20,JOB0003,CON003,Fluids,9727.95
COST00586,2025-02-20,JOB0003,CON005,Cementing,6602.65
COST00587,2025-02-20,JOB0003,CON006,Rentals,7134.37
COST00588,2025-02-20,JOB0003,CON001,HSE,4788.83
COST00589,2025-02-21,JOB0003,CON005,Rig,22819.41
COST00590,2025-02-21,JOB0003,CON006,Directional,10622.94
COST00591,2025-02-21,JOB0003,CON003,Fluids,6329.02
COST00592,2025-02-21,JOB0003,CON001,Cementing,4118.12
COST00593,2025-02-21,JOB0003,CON001,Rentals,6629.51
COST00594,2025-02-21,JOB0003,CON003,HSE,2447.89
COST00595,2025-02-22,JOB0003,CON006,Rig,32205.7
COST00596,2025-02-22,JOB0003,CON005,Directional,17470.28
COST00597,2025-02-22,JOB0003,CON006,Fluids,9743.53
COST00598,2025-02-22,JOB0003,CON004,Cementing,4980.13
COST00599,2025-02-22,JOB0003,CON006,Rentals,10460.5
COST00600,2025-02-22,JOB0003,CON001,HSE,5046.24
COST00601,2025-02-23,JOB0003,CON005,Rig,21431.66
COST00602,2025-02-23,JOB0003,CON003,Directional,11096.08
COST00603,2025-02-23,JOB0003,CON001,Fluids,8053.82
COST00604,2025-02-23,JOB0003,CON005,Cementing,5077.76
COST00605,2025-02-23,JOB0003,CON002,Rentals,6097.65
COST00606,2025-02-23,JOB0003,CON004,HSE,2678.83
COST00607,2025-02-24,JOB0003,CON004,Rig,20581.59
COST00608,2025-02-24,JOB0003,CON005,Directional,7676.2
COST00609,2025-02-24,JOB0003,CON002,Fluids,5516.97
COST00610,2025-02-24,JOB0003,CON001,Cementing,2962.92
COST00611,2025-02-24,JOB0003,CON001,Rentals,6385.88
COST00612,2025-02-24,JOB0003,CON005,HSE,2572.05
COST00613,2025-02-25,JOB0003,CON005,Rig,18558.1
COST00614,2025-02-25,JOB0003,CON004,Directional,7980.84
COST00615,2025-02-25,JOB0003,CON006,Fluids,7980.1
COST00616,2025-02-25,JOB0003,CON005,Cementing,3778.71
COST00617,2025-02-25,JOB0003,CON006,Rentals,5563.23
COST00618,2025-02-25,JOB0003,CON001,HSE,3322.75
COST00619,2025-02-26,JOB0003,CON003,Rig,16353.68
COST00620,2025-02-26,JOB0003,CON003,Directional,9986.52
COST00621,2025-02-26,JOB0003,CON002,Fluids,6804.57
COST00622,2025-02-26,JOB0003,CON003,Cementing,2932.18
COST00623,2025-02-26,JOB0003,CON006,Rentals,4842.09
COST00624,2025-02-26,JOB0003,CON003,HSE,2162.96
COST00625,2025-02-27,JOB0003,CON003,Rig,28008.55
COST00626,2025-02-27,JOB0003,CON003,Directional,8010.49
COST00627,2025-02-27,JOB0003,CON004,Fluids,9251.4
COST00628,2025-02-27,JOB0003,CON005,Cementing,4727.31
COST00629,2025-02-27,JOB0003,CON001,Rentals,8045.02
COST00630,2025-02-27,JOB0003,CON002,HSE,2587.66
COST00631,2025-02-28,JOB0003,CON004,Rig,23305.91
COST00632,2025-02-28,JOB0003,CON001,Directional,7945.92
COST00633,2025-02-28,JOB0003,CON003,Fluids,8084.47
COST00634,2025-02-28,JOB0003,CON006,Cementing,3600.71
COST00635,2025-02-28,JOB0003,CON002,Rentals,6081.45
COST00636,2025-02-28,JOB0003,CON004,HSE,2402.46
COST00637,2025-03-01,JOB0003,CON003,Rig,23267.84
COST00638,2025-03-01,JOB0003,CON004,Directional,8339.12
COST00639,2025-03-01,JOB0003,CON001,Fluids,6770.8
COST00640,2025-03-01,JOB0003,CON004,Cementing,4177.6
COST00641,2025-03-01,JOB0003,CON001,Rentals,5738.46
COST00642,2025-03-01,JOB0003,CON004,HSE,3686.52
COST00643,2025-03-02,JOB0003,CON004,Rig,15172.76
COST00644,2025-03-02,JOB0003,CON005,Directional,8114.32
COST00645,2025-03-02,JOB0003,CON004,Fluids,5927.43
COST00646,2025-03-02,JOB0003,CON005,Cementing,3763.08
COST00647,2025-03-02,JOB0003,CON003,Rentals,6168.56
COST00648,2025-03-02,JOB0003,CON005,HSE,2825.71
COST00649,2025-03-03,JOB0003,CON003,Rig,32349.75
COST00650,2025-03-03,JOB0003,CON002,Directional,14028.61
COST00651,2025-03-03,JOB0003,CON004,Fluids,10656.44
COST00652,2025-03-03,JOB0003,CON006,Cementing,4353.73
COST00653,2025-03-03,JOB0003,CON003,Rentals,7411.47
COST00654,2025-03-03,JOB0003,CON006,HSE,4822.43
COST00655,2025-03-04,JOB0003,CON004,Rig,24244.59
COST00656,2025-03-04,JOB0003,CON005,Directional,9806.01
COST00657,2025-03-04,JOB0003,CON006,Fluids,7779.43
COST00658,2025-03-04,JOB0003,CON005,Cementing,3821.97
COST00659,2025-03-04,JOB0003,CON004,Rentals,4883.41
COST00660,2025-03-04,JOB0003,CON001,HSE,2610.29
COST00661,2025-03-05,JOB0003,CON006,Rig,19345.23
COST00662,2025-03-05,JOB0003,CON004,Directional,7610.63
COST00663,2025-03-05,JOB0003,CON003,Fluids,7911.39
COST00664,2025-03-05,JOB0003,CON004,Cementing,3953.46
COST00665,2025-03-05,JOB0003,CON006,Rentals,5431.92
COST00666,2025-03-05,JOB0003,CON006,HSE,3013.74
COST00667,2025-03-06,JOB0003,CON006,Rig,21411.35
COST00668,2025-03-06,JOB0003,CON004,Directional,8945.28
COST00669,2025-03-06,JOB0003,CON005,Fluids,6591.2
COST00670,2025-03-06,JOB0003,CON002,Cementing,5324.86
COST00671,2025-03-06,JOB0003,CON003,Rentals,7596.22
COST00672,2025-03-06,JOB0003,CON004,HSE,3442.19
COST00673,2025-03-07,JOB0003,CON003,Rig,17072.01
COST00674,2025-03-07,JOB0003,CON002,Directional,10538.44
COST00675,2025-03-07,JOB0003,CON001,Fluids,8679.58
COST00676,2025-03-07,JOB0003,CON006,Cementing,3540.69
COST00677,2025-03-07,JOB0003,CON004,Rentals,7037.24
COST00678,2025-03-07,JOB0003,CON003,HSE,2930.25
COST00679,2025-03-08,JOB0003,CON006,Rig,16072.95
COST00680,2025-03-08,JOB0003,CON002,Directional,10211.19
COST00681,2025-03-08,JOB0003,CON002,Fluids,7358.87
COST00682,2025-03-08,JOB0003,CON006,Cementing,4705.39
COST00683,2025-03-08,JOB0003,CON002,Rentals,6591.94
COST00684,2025-03-08,JOB0003,CON001,HSE,3021.36
COST00685,2025-03-09,JOB0003,CON002,Rig,16366.69
COST00686,2025-03-09,JOB0003,CON001,Directional,7403.62
COST00687,2025-03-09,JOB0003,CON006,Fluids,6104.31
COST00688,2025-03-09,JOB0003,CON005,Cementing,2732.2
COST00689,2025-03-09,JOB0003,CON006,Rentals,4970.14
COST00690,2025-03-09,JOB0003,CON001,HSE,2288.63
COST00691,2025-03-10,JOB0003,CON005,Rig,28971.99
COST00692,2025-03-10,JOB0003,CON004,Directional,14434.46
COST00693,2025-03-10,JOB0003,CON005,Fluids,12298.56
COST00694,2025-03-10,JOB0003,CON001,Cementing,6777.81
COST00695,2025-03-10,JOB0003,CON003,Rentals,9669.78
COST00696,2025-03-10,JOB0003,CON006,HSE,4618.96
COST00697,2025-03-11,JOB0003,CON003,Rig,23243.57
COST00698,2025-03-11,JOB0003,CON005,Directional,8051.64
COST00699,2025-03-11,JOB0003,CON005,Fluids,7397.58
COST00700,2025-03-11,JOB0003,CON003,Cementing,4359.5
COST00701,2025-03-11,JOB0003,CON001,Rentals,6215.36
COST00702,2025-03-11,JOB0003,CON005,HSE,2989.54
COST00703,2025-03-12,JOB0003,CON001,Rig,36553.92
COST00704,2025-03-12,JOB0003,CON001,Directional,13730.81
COST00705,2025-03-12,JOB0003,CON003,Fluids,8530.89
COST00706,2025-03-12,JOB0003,CON003,Cementing,5667.41
COST00707,2025-03-12,JOB0003,CON004,Rentals,8307.07
COST00708,2025-03-12,JOB0003,CON004,HSE,4023.86
COST00709,2025-03-13,JOB0003,CON002,Rig,22349.97
COST00710,2025-03-13,JOB0003,CON001,Directional,8155.55
COST00711,2025-03-13,JOB0003,CON002,Fluids,7252.37
COST00712,2025-03-13,JOB0003,CON001,Cementing,2918.96
COST00713,2025-03-13,JOB0003,CON005,Rentals,5072.47
COST00714,2025-03-13,JOB0003,CON003,HSE,3402.44
COST00715,2025-03-14,JOB0003,CON003,Rig,23411.15
COST00716,2025-03-14,JOB0003,CON005,Directional,6679.51
COST00717,2025-03-14,JOB0003,CON003,Fluids,8282.15
COST00718,2025-03-14,JOB0003,CON006,Cementing,3347.16
COST00719,2025-03-14,JOB0003,CON001,Rentals,6125.78
COST00720,2025-03-14,JOB0003,CON002,HSE,2608.69
COST00721,2025-03-15,JOB0003,CON004,Rig,19183.15
COST00722,2025-03-15,JOB0003,CON001,Directional,10758.61
COST00723,2025-03-15,JOB0003,CON003,Fluids,6515.61
COST00724,2025-03-15,JOB0003,CON001,Cementing,4743.2
COST00725,2025-03-15,JOB0003,CON005,Rentals,7324.82
COST00726,2025-03-15,JOB0003,CON002,HSE,3614.59
COST00727,2025-03-16,JOB0003,CON001,Rig,20242.91
COST00728,2025-03-16,JOB0003,CON003,Directional,8579.28
COST00729,2025-03-16,JOB0003,CON001,Fluids,7065.69
COST00730,2025-03-16,JOB0003,CON004,Cementing,3796.79
COST00731,2025-03-16,JOB0003,CON001,Rentals,5948.4
COST00732,2025-03-16,JOB0003,CON001,HSE,3130.2
COST00733,2025-03-17,JOB0003,CON002,Rig,21854.56
COST00734,2025-03-17,JOB0003,CON004,Directional,10970.26
COST00735,2025-03-17,JOB0003,CON003,Fluids,8643.84
COST00736,2025-03-17,JOB0003,CON002,Cementing,3694.37
COST00737,2025-03-17,JOB0003,CON002,Rentals,6643.59
COST00738,2025-03-17,JOB0003,CON005,HSE,3270.11
COST00739,2025-03-18,JOB0003,CON005,Rig,22059.26
COST00740,2025-03-18,JOB0003,CON001,Directional,8730.64
COST00741,2025-03-18,JOB0003,CON004,Fluids,6841.25
COST00742,2025-03-18,JOB0003,CON005,Cementing,4665.99
COST00743,2025-03-18,JOB0003,CON001,Rentals,7722.03
COST00744,2025-03-18,JOB0003,CON003,HSE,3557.77
COST00745,2025-03-19,JOB0003,CON003,Rig,25830.81
COST00746,2025-03-19,JOB0003,CON005,Directional,14798.59
COST00747,2025-03-19,JOB0003,CON005,Fluids,10094.42
COST00748,2025-03-19,JOB0003,CON004,Cementing,6179.0
COST00749,2025-03-19,JOB0003,CON003,Rentals,7469.11
COST00750,2025-03-19,JOB0003,CON003,HSE,4754.33
COST00751,2025-03-20,JOB0003,CON004,Rig,22435.56
COST00752,2025-03-20,JOB0003,CON001,Directional,10717.6
COST00753,2025-03-20,JOB0003,CON003,Fluids,5987.55
COST00754,2025-03-20,JOB0003,CON006,Cementing,4796.2
COST00755,2025-03-20,JOB0003,CON003,Rentals,5776.03
COST00756,2025-03-20,JOB0003,CON004,HSE,2745.91
COST00757,2025-03-21,JOB0003,CON006,Rig,24172.29
COST00758,2025-03-21,JOB0003,CON006,Directional,9773.01
COST00759,2025-03-21,JOB0003,CON001,Fluids,7948.97
COST00760,2025-03-21,JOB0003,CON002,Cementing,4858.48
COST00761,2025-03-21,JOB0003,CON002,Rentals,7067.69
COST00762,2025-03-21,JOB0003,CON006,HSE,3891.27
COST00763,2025-03-22,JOB0003,CON003,Rig,28103.26
COST00764,2025-03-22,JOB0003,CON004,Directional,10360.09
COST00765,2025-03-22,JOB0003,CON001,Fluids,10417.06
COST00766,2025-03-22,JOB0003,CON005,Cementing,6372.22
COST00767,2025-03-22,JOB0003,CON003,Rentals,9136.73
COST00768,2025-03-22,JOB0003,CON001,HSE,4693.19
COST00769,2025-03-23,JOB0003,CON002,Rig,17095.68
COST00770,2025-03-23,JOB0003,CON005,Directional,6203.85
COST00771,2025-03-23,JOB0003,CON004,Fluids,5909.2
COST00772,2025-03-23,JOB0003,CON004,Cementing,2921.56
COST00773,2025-03-23,JOB0003,CON006,Rentals,4409.18
COST00774,2025-03-23,JOB0003,CON006,HSE,2184.48
COST00775,2025-03-24,JOB0003,CON006,Rig,23221.08
COST00776,2025-03-24,JOB0003,CON004,Directional,8694.38
COST00777,2025-03-24,JOB0003,CON002,Fluids,7647.95
COST00778,2025-03-24,JOB0003,CON006,Cementing,3885.33
COST00779,2025-03-24,JOB0003,CON004,Rentals,6435.86
COST00780,2025-03-24,JOB0003,CON004,HSE,2476.35
COST00781,2025-03-25,JOB0003,CON006,Rig,16010.86
COST00782,2025-03-25,JOB0003,CON001,Directional,7306.22
COST00783,2025-03-25,JOB0003,CON001,Fluids,7800.83
COST00784,2025-03-25,JOB0003,CON003,Cementing,2951.27
COST00785,2025-03-25,JOB0003,CON004,Rentals,6541.28
COST00786,2025-03-25,JOB0003,CON002,HSE,3033.05
COST00787,2025-03-26,JOB0003,CON003,Rig,24393.11
COST00788,2025-03-26,JOB0003,CON005,Directional,10304.3
COST00789,2025-03-26,JOB0003,CON001,Fluids,6784.13
COST00790,2025-03-26,JOB0003,CON004,Cementing,4560.61
COST00791,2025-03-26,JOB0003,CON004,Rentals,4860.78
COST00792,2025-03-26,JOB0003,CON003,HSE,2896.77
COST00793,2025-03-27,JOB0003,CON002,Rig,21267.3
COST00794,2025-03-27,JOB0003,CON004,Directional,11015.18
COST00795,2025-03-27,JOB0003,CON005,Fluids,7864.65
COST00796,2025-03-27,JOB0003,CON006,Cementing,4462.56
COST00797,2025-03-27,JOB0003,CON004,Rentals,7350.33
COST00798,2025-03-27,JOB0003,CON006,HSE,3376.2
COST00799,2025-03-28,JOB0003,CON005,Rig,44146.44
COST00800,2025-03-28,JOB0003,CON003,Directional,12140.98
COST00801,2025-03-28,JOB0003,CON003,Fluids,8738.24
COST00802,2025-03-28,JOB0003,CON003,Cementing,6893.63
COST00803,2025-03-28,JOB0003,CON002,Rentals,8267.11
COST00804,2025-03-28,JOB0003,CON004,HSE,5005.3
COST00805,2025-02-21,JOB0004,CON006,Rig,25053.52
COST00806,2025-02-21,JOB0004,CON006,Directional,13558.64
COST00807,2025-02-21,JOB0004,CON004,Fluids,9007.97
COST00808,2025-02-21,JOB0004,CON003,Cementing,6711.68
COST00809,2025-02-21,JOB0004,CON006,Rentals,8177.91
COST00810,2025-02-21,JOB0004,CON004,HSE,5111.58
COST00811,2025-02-22,JOB0004,CON004,Rig,23217.15
COST00812,2025-02-22,JOB0004,CON001,Directional,12788.83
COST00813,2025-02-22,JOB0004,CON003,Fluids,8731.69
COST00814,2025-02-22,JOB0004,CON003,Cementing,5451.91
COST00815,2025-02-22,JOB0004,CON001,Rentals,6784.09
COST00816,2025-02-22,JOB0004,CON003,HSE,3472.89
COST00817,2025-02-23,JOB0004,CON006,Rig,42348.62
COST00818,2025-02-23,JOB0004,CON001,Directional,15524.34
COST00819,2025-02-23,JOB0004,CON003,Fluids,15898.23
COST00820,2025-02-23,JOB0004,CON003,Cementing,7082.02
COST00821,2025-02-23,JOB0004,CON004,Rentals,12309.6
COST00822,2025-02-23,JOB0004,CON006,HSE,5416.78
COST00823,2025-02-24,JOB0004,CON004,Rig,22130.05
COST00824,2025-02-24,JOB0004,CON005,Directional,14675.54
COST00825,2025-02-24,JOB0004,CON006,Fluids,8268.01
COST00826,2025-02-24,JOB0004,CON002,Cementing,5637.06
COST00827,2025-02-24,JOB0004,CON005,Rentals,7887.5
COST00828,2025-02-24,JOB0004,CON005,HSE,4805.56
COST00829,2025-02-25,JOB0004,CON001,Rig,35893.94
COST00830,2025-02-25,JOB0004,CON004,Directional,11507.94
COST00831,2025-02-25,JOB0004,CON005,Fluids,10017.82
COST00832,2025-02-25,JOB0004,CON001,Cementing,5472.47
COST00833,2025-02-25,JOB0004,CON005,Rentals,8350.78
COST00834,2025-02-25,JOB0004,CON002,HSE,5567.99
COST00835,2025-02-26,JOB0004,CON003,Rig,28732.02
COST00836,2025-02-26,JOB0004,CON006,Directional,15598.01
COST00837,2025-02-26,JOB0004,CON001,Fluids,9291.24
COST00838,2025-02-26,JOB0004,CON002,Cementing,6810.2
COST00839,2025-02-26,JOB0004,CON002,Rentals,9285.85
COST00840,2025-02-26,JOB0004,CON002,HSE,5129.09
COST00841,2025-02-27,JOB0004,CON004,Rig,30334.6
COST00842,2025-02-27,JOB0004,CON005,Directional,13660.83
COST00843,2025-02-27,JOB0004,CON004,Fluids,12309.52
COST00844,2025-02-27,JOB0004,CON003,Cementing,5919.43
COST00845,2025-02-27,JOB0004,CON006,Rentals,9670.54
COST00846,2025-02-27,JOB0004,CON005,HSE,5282.92
COST00847,2025-02-28,JOB0004,CON006,Rig,32843.93
COST00848,2025-02-28,JOB0004,CON002,Directional,10228.02
COST00849,2025-02-28,JOB0004,CON004,Fluids,11656.91
COST00850,2025-02-28,JOB0004,CON006,Cementing,4825.37
COST00851,2025-02-28,JOB0004,CON005,Rentals,7266.38
COST00852,2025-02-28,JOB0004,CON006,HSE,5372.63
COST00853,2025-03-01,JOB0004,CON004,Rig,31260.67
COST00854,2025-03-01,JOB0004,CON001,Directional,14351.87
COST00855,2025-03-01,JOB0004,CON002,Fluids,9302.96
COST00856,2025-03-01,JOB0004,CON005,Cementing,5040.79
COST00857,2025-03-01,JOB0004,CON006,Rentals,7987.81
COST00858,2025-03-01,JOB0004,CON002,HSE,3925.7
COST00859,2025-03-02,JOB0004,CON003,Rig,35579.89
COST00860,2025-03-02,JOB0004,CON005,Directional,13013.56
COST00861,2025-03-02,JOB0004,CON006,Fluids,7903.61
COST00862,2025-03-02,JOB0004,CON005,Cementing,6577.77
COST00863,2025-03-02,JOB0004,CON001,Rentals,8574.39
COST00864,2025-03-02,JOB0004,CON004,HSE,5112.94
COST00865,2025-03-03,JOB0004,CON001,Rig,31483.11
COST00866,2025-03-03,JOB0004,CON003,Directional,15830.59
COST00867,2025-03-03,JOB0004,CON002,Fluids,9668.94
COST00868,2025-03-03,JOB0004,CON002,Cementing,8017.33
COST00869,2025-03-03,JOB0004,CON004,Rentals,10388.03
COST00870,2025-03-03,JOB0004,CON004,HSE,5337.39
COST00871,2025-03-04,JOB0004,CON006,Rig,33771.58
COST00872,2025-03-04,JOB0004,CON006,Directional,15009.13
COST00873,2025-03-04,JOB0004,CON002,Fluids,8625.54
COST00874,2025-03-04,JOB0004,CON004,Cementing,5625.66
COST00875,2025-03-04,JOB0004,CON005,Rentals,10345.2
COST00876,2025-03-04,JOB0004,CON004,HSE,4532.09
COST00877,2025-03-05,JOB0004,CON006,Rig,36659.93
COST00878,2025-03-05,JOB0004,CON005,Directional,12814.52
COST00879,2025-03-05,JOB0004,CON002,Fluids,12756.26
COST00880,2025-03-05,JOB0004,CON002,Cementing,4697.18
COST00881,2025-03-05,JOB0004,CON003,Rentals,7321.24
COST00882,2025-03-05,JOB0004,CON005,HSE,5150.77
COST00883,2025-03-06,JOB0004,CON004,Rig,35497.45
COST00884,2025-03-06,JOB0004,CON003,Directional,10523.28
COST00885,2025-03-06,JOB0004,CON006,Fluids,10480.84
COST00886,2025-03-06,JOB0004,CON002,Cementing,4415.67
COST00887,2025-03-06,JOB0004,CON001,Rentals,8109.79
COST00888,2025-03-06,JOB0004,CON002,HSE,4772.73
COST00889,2025-03-07,JOB0004,CON006,Rig,35509.23
COST00890,2025-03-07,JOB0004,CON005,Directional,14776.57
COST00891,2025-03-07,JOB0004,CON004,Fluids,10637.54
COST00892,2025-03-07,JOB0004,CON004,Cementing,6410.27
COST00893,2025-03-07,JOB0004,CON001,Rentals,8807.54
COST00894,2025-03-07,JOB0004,CON003,HSE,4923.18
COST00895,2025-03-08,JOB0004,CON004,Rig,32580.19
COST00896,2025-03-08,JOB0004,CON006,Directional,11679.26
COST00897,2025-03-08,JOB0004,CON005,Fluids,8080.67
COST00898,2025-03-08,JOB0004,CON005,Cementing,4901.81
COST00899,2025-03-08,JOB0004,CON003,Rentals,7745.19
COST00900,2025-03-08,JOB0004,CON005,HSE,3831.89
COST00901,2025-03-09,JOB0004,CON003,Rig,29568.65
COST00902,2025-03-09,JOB0004,CON004,Directional,12172.94
COST00903,2025-03-09,JOB0004,CON005,Fluids,11058.88
COST00904,2025-03-09,JOB0004,CON003,Cementing,5202.12
COST00905,2025-03-09,JOB0004,CON004,Rentals,9121.4
COST00906,2025-03-09,JOB0004,CON003,HSE,4498.31
COST00907,2025-03-10,JOB0004,CON002,Rig,28073.06
COST00908,2025-03-10,JOB0004,CON004,Directional,13562.69
COST00909,2025-03-10,JOB0004,CON002,Fluids,13392.27
COST00910,2025-03-10,JOB0004,CON006,Cementing,5631.41
COST00911,2025-03-10,JOB0004,CON001,Rentals,8633.28
COST00912,2025-03-10,JOB0004,CON006,HSE,4775.18
COST00913,2025-03-11,JOB0004,CON001,Rig,35081.39
COST00914,2025-03-11,JOB0004,CON003,Directional,14449.87
COST00915,2025-03-11,JOB0004,CON004,Fluids,10889.69
COST00916,2025-03-11,JOB0004,CON001,Cementing,5805.32
COST00917,2025-03-11,JOB0004,CON005,Rentals,7757.8
COST00918,2025-03-11,JOB0004,CON002,HSE,4930.52
COST00919,2025-03-12,JOB0004,CON002,Rig,28409.24
COST00920,2025-03-12,JOB0004,CON001,Directional,13289.61
COST00921,2025-03-12,JOB0004,CON006,Fluids,12096.79
COST00922,2025-03-12,JOB0004,CON001,Cementing,7039.56
COST00923,2025-03-12,JOB0004,CON006,Rentals,7080.08
COST00924,2025-03-12,JOB0004,CON005,HSE,5129.87
COST00925,2025-03-13,JOB0004,CON004,Rig,33048.34
COST00926,2025-03-13,JOB0004,CON002,Directional,10181.21
COST00927,2025-03-13,JOB0004,CON005,Fluids,9579.85
COST00928,2025-03-13,JOB0004,CON001,Cementing,6186.62
COST00929,2025-03-13,JOB0004,CON005,Rentals,7326.18
COST00930,2025-03-13,JOB0004,CON005,HSE,3706.27
COST00931,2025-03-14,JOB0004,CON004,Rig,33340.74
COST00932,2025-03-14,JOB0004,CON002,Directional,13963.85
COST00933,2025-03-14,JOB0004,CON006,Fluids,13750.79
COST00934,2025-03-14,JOB0004,CON004,Cementing,7368.69
COST00935,2025-03-14,JOB0004,CON001,Rentals,11949.94
COST00936,2025-03-14,JOB0004,CON001,HSE,4880.22
COST00937,2025-03-15,JOB0004,CON003,Rig,30029.14
COST00938,2025-03-15,JOB0004,CON001,Directional,10371.06
COST00939,2025-03-15,JOB0004,CON004,Fluids,8612.73
COST00940,2025-03-15,JOB0004,CON001,Cementing,4684.18
COST00941,2025-03-15,JOB0004,CON006,Rentals,10153.22
COST00942,2025-03-15,JOB0004,CON002,HSE,4808.6
COST00943,2025-03-16,JOB0004,CON003,Rig,25500.47
COST00944,2025-03-16,JOB0004,CON004,Directional,14082.91
COST00945,2025-03-16,JOB0004,CON001,Fluids,9068.85
COST00946,2025-03-16,JOB0004,CON004,Cementing,6118.6
COST00947,2025-03-16,JOB0004,CON004,Rentals,7368.7
COST00948,2025-03-16,JOB0004,CON001,HSE,3008.29
COST00949,2025-03-17,JOB0004,CON004,Rig,23300.13
COST00950,2025-03-17,JOB0004,CON006,Directional,9596.4
COST00951,2025-03-17,JOB0004,CON002,Fluids,7167.85
COST00952,2025-03-17,JOB0004,CON003,Cementing,4870.5
COST00953,2025-03-17,JOB0004,CON006,Rentals,5917.94
COST00954,2025-03-17,JOB0004,CON003,HSE,3435.34
COST00955,2025-03-18,JOB0004,CON004,Rig,31063.18
COST00956,2025-03-18,JOB0004,CON002,Directional,13786.74
COST00957,2025-03-18,JOB0004,CON004,Fluids,11273.87
COST00958,2025-03-18,JOB0004,CON006,Cementing,5852.89
COST00959,2025-03-18,JOB0004,CON003,Rentals,7639.21
COST00960,2025-03-18,JOB0004,CON004,HSE,3591.44
COST00961,2025-03-19,JOB0004,CON006,Rig,34621.8
COST00962,2025-03-19,JOB0004,CON005,Directional,10712.54
COST00963,2025-03-19,JOB0004,CON001,Fluids,7241.96
COST00964,2025-03-19,JOB0004,CON001,Cementing,6572.67
COST00965,2025-03-19,JOB0004,CON001,Rentals,6885.92
COST00966,2025-03-19,JOB0004,CON005,HSE,3877.14
COST00967,2025-03-20,JOB0004,CON003,Rig,37912.59
COST00968,2025-03-20,JOB0004,CON002,Directional,11071.83
COST00969,2025-03-20,JOB0004,CON004,Fluids,10465.36
COST00970,2025-03-20,JOB0004,CON006,Cementing,4599.05
COST00971,2025-03-20,JOB0004,CON003,Rentals,10012.76
COST00972,2025-03-20,JOB0004,CON004,HSE,4305.82
COST00973,2025-03-21,JOB0004,CON003,Rig,30606.62
COST00974,2025-03-21,JOB0004,CON004,Directional,14970.6
COST00975,2025-03-21,JOB0004,CON001,Fluids,9952.04
COST00976,2025-03-21,JOB0004,CON004,Cementing,7556.56
COST00977,2025-03-21,JOB0004,CON006,Rentals,9879.7
COST00978,2025-03-21,JOB0004,CON005,HSE,6358.72
COST00979,2025-03-22,JOB0004,CON006,Rig,26530.61
COST00980,2025-03-22,JOB0004,CON003,Directional,16371.41
COST00981,2025-03-22,JOB0004,CON002,Fluids,11132.28
COST00982,2025-03-22,JOB0004,CON003,Cementing,6353.64
COST00983,2025-03-22,JOB0004,CON002,Rentals,8457.18
COST00984,2025-03-22,JOB0004,CON002,HSE,4782.86
COST00985,2025-03-23,JOB0004,CON004,Rig,39463.51
COST00986,2025-03-23,JOB0004,CON004,Directional,15644.1
COST00987,2025-03-23,JOB0004,CON004,Fluids,10641.76
COST00988,2025-03-23,JOB0004,CON004,Cementing,7254.16
COST00989,2025-03-23,JOB0004,CON004,Rentals,10045.01
COST00990,2025-03-23,JOB0004,CON004,HSE,3800.31
COST00991,2025-03-24,JOB0004,CON003,Rig,26356.08
COST00992,2025-03-24,JOB0004,CON003,Directional,10239.05
COST00993,2025-03-24,JOB0004,CON003,Fluids,9275.09
COST00994,2025-03-24,JOB0004,CON003,Cementing,7222.03
COST00995,2025-03-24,JOB0004,CON004,Rentals,7526.75
COST00996,2025-03-24,JOB0004,CON005,HSE,3736.52
COST00997,2025-03-25,JOB0004,CON002,Rig,35915.22
COST00998,2025-03-25,JOB0004,CON001,Directional,11936.5
COST00999,2025-03-25,JOB0004,CON002,Fluids,9145.92
COST01000,2025-03-25,JOB0004,CON003,Cementing,7295.16
COST01001,2025-03-25,JOB0004,CON002,Rentals,9376.7
COST01002,2025-03-25,JOB0004,CON004,HSE,4691.27
COST01003,2025-03-26,JOB0004,CON006,Rig,26249.58
COST01004,2025-03-26,JOB0004,CON001,Directional,15725.31
COST01005,2025-03-26,JOB0004,CON001,Fluids,12450.56
COST01006,2025-03-26,JOB0004,CON006,Cementing,5405.28
COST01007,2025-03-26,JOB0004,CON004,Rentals,7437.65
COST01008,2025-03-26,JOB0004,CON004,HSE,3883.51
COST01009,2025-03-27,JOB0004,CON001,Rig,33844.96
COST01010,2025-03-27,JOB0004,CON004,Directional,15918.49
COST01011,2025-03-27,JOB0004,CON003,Fluids,10130.77
COST01012,2025-03-27,JOB0004,CON002,Cementing,5681.35
COST01013,2025-03-27,JOB0004,CON003,Rentals,10038.8
COST01014,2025-03-27,JOB0004,CON006,HSE,5170.28
COST01015,2025-03-28,JOB0004,CON004,Rig,29873.62
COST01016,2025-03-28,JOB0004,CON002,Directional,14576.16
COST01017,2025-03-28,JOB0004,CON002,Fluids,11768.39
COST01018,2025-03-28,JOB0004,CON004,Cementing,6894.06
COST01019,2025-03-28,JOB0004,CON004,Rentals,8739.59
COST01020,2025-03-28,JOB0004,CON006,HSE,4990.46
COST01021,2025-03-29,JOB0004,CON003,Rig,28368.84
COST01022,2025-03-29,JOB0004,CON001,Directional,15813.0
COST01023,2025-03-29,JOB0004,CON005,Fluids,8941.35
COST01024,2025-03-29,JOB0004,CON001,Cementing,4613.53
COST01025,2025-03-29,JOB0004,CON002,Rentals,10591.7
COST01026,2025-03-29,JOB0004,CON005,HSE,3604.13
COST01027,2025-03-30,JOB0004,CON003,Rig,26227.04
COST01028,2025-03-30,JOB0004,CON002,Directional,12772.56
COST01029,2025-03-30,JOB0004,CON003,Fluids,10263.82
COST01030,2025-03-30,JOB0004,CON005,Cementing,6984.65
COST01031,2025-03-30,JOB0004,CON006,Rentals,10449.64
COST01032,2025-03-30,JOB0004,CON002,HSE,3794.03
COST01033,2025-03-09,JOB0005,CON002,Rig,18532.45
COST01034,2025-03-09,JOB0005,CON002,Directional,6929.82
COST01035,2025-03-09,JOB0005,CON002,Fluids,5842.42
COST01036,2025-03-09,JOB0005,CON006,Cementing,3987.53
COST01037,2025-03-09,JOB0005,CON005,Rentals,5646.9
COST01038,2025-03-09,JOB0005,CON003,HSE,2831.27
COST01039,2025-03-10,JOB0005,CON001,Rig,20552.87
COST01040,2025-03-10,JOB0005,CON006,Directional,8580.65
COST01041,2025-03-10,JOB0005,CON001,Fluids,6907.95
COST01042,2025-03-10,JOB0005,CON004,Cementing,3668.12
COST01043,2025-03-10,JOB0005,CON001,Rentals,4260.65
COST01044,2025-03-10,JOB0005,CON003,HSE,2166.74
COST01045,2025-03-11,JOB0005,CON004,Rig,32423.36
COST01046,2025-03-11,JOB0005,CON003,Directional,15046.05
COST01047,2025-03-11,JOB0005,CON004,Fluids,11026.24
COST01048,2025-03-11,JOB0005,CON002,Cementing,4737.44
COST01049,2025-03-11,JOB0005,CON001,Rentals,6649.46
COST01050,2025-03-11,JOB0005,CON003,HSE,4198.26
COST01051,2025-03-12,JOB0005,CON004,Rig,23644.73
COST01052,2025-03-12,JOB0005,CON004,Directional,7676.9
COST01053,2025-03-12,JOB0005,CON005,Fluids,6564.16
COST01054,2025-03-12,JOB0005,CON004,Cementing,3396.73
COST01055,2025-03-12,JOB0005,CON003,Rentals,4894.66
COST01056,2025-03-12,JOB0005,CON004,HSE,2462.34
COST01057,2025-03-13,JOB0005,CON003,Rig,23059.91
COST01058,2025-03-13,JOB0005,CON005,Directional,11415.42
COST01059,2025-03-13,JOB0005,CON004,Fluids,6492.37
COST01060,2025-03-13,JOB0005,CON002,Cementing,3876.07
COST01061,2025-03-13,JOB0005,CON003,Rentals,5733.87
COST01062,2025-03-13,JOB0005,CON006,HSE,2948.29
COST01063,2025-03-14,JOB0005,CON003,Rig,25005.39
COST01064,2025-03-14,JOB0005,CON001,Directional,7831.41
COST01065,2025-03-14,JOB0005,CON004,Fluids,7865.72
COST01066,2025-03-14,JOB0005,CON002,Cementing,3715.34
COST01067,2025-03-14,JOB0005,CON004,Rentals,7035.91
COST01068,2025-03-14,JOB0005,CON001,HSE,2971.48
COST01069,2025-03-15,JOB0005,CON002,Rig,22071.12
COST01070,2025-03-15,JOB0005,CON002,Directional,7369.18
COST01071,2025-03-15,JOB0005,CON001,Fluids,8550.62
COST01072,2025-03-15,JOB0005,CON001,Cementing,4407.72
COST01073,2025-03-15,JOB0005,CON001,Rentals,5459.28
COST01074,2025-03-15,JOB0005,CON002,HSE,2576.63
COST01075,2025-03-16,JOB0005,CON005,Rig,18516.54
COST01076,2025-03-16,JOB0005,CON005,Directional,10341.75
COST01077,2025-03-16,JOB0005,CON006,Fluids,6825.8
COST01078,2025-03-16,JOB0005,CON006,Cementing,4768.49
COST01079,2025-03-16,JOB0005,CON003,Rentals,5448.39
COST01080,2025-03-16,JOB0005,CON001,HSE,2690.95
COST01081,2025-03-17,JOB0005,CON006,Rig,24808.29
COST01082,2025-03-17,JOB0005,CON004,Directional,10852.66
COST01083,2025-03-17,JOB0005,CON002,Fluids,7506.63
COST01084,2025-03-17,JOB0005,CON002,Cementing,4406.83
COST01085,2025-03-17,JOB0005,CON001,Rentals,5811.75
COST01086,2025-03-17,JOB0005,CON006,HSE,3454.86
COST01087,2025-03-18,JOB0005,CON006,Rig,24600.33
COST01088,2025-03-18,JOB0005,CON004,Directional,11343.98
COST01089,2025-03-18,JOB0005,CON002,Fluids,6768.96
COST01090,2025-03-18,JOB0005,CON003,Cementing,5167.05
COST01091,2025-03-18,JOB0005,CON002,Rentals,6730.12
COST01092,2025-03-18,JOB0005,CON003,HSE,3224.97
COST01093,2025-03-19,JOB0005,CON003,Rig,19337.39
COST01094,2025-03-19,JOB0005,CON006,Directional,9725.11
COST01095,2025-03-19,JOB0005,CON006,Fluids,7846.71
COST01096,2025-03-19,JOB0005,CON001,Cementing,3579.69
COST01097,2025-03-19,JOB0005,CON001,Rentals,4533.39
COST01098,2025-03-19,JOB0005,CON006,HSE,2489.21
COST01099,2025-03-20,JOB0005,CON003,Rig,19576.39
COST01100,2025-03-20,JOB0005,CON005,Directional,6692.1
COST01101,2025-03-20,JOB0005,CON003,Fluids,7343.63
COST01102,2025-03-20,JOB0005,CON003,Cementing,3922.6
COST01103,2025-03-20,JOB0005,CON004,Rentals,5834.97
COST01104,2025-03-20,JOB0005,CON004,HSE,2474.75
COST01105,2025-03-21,JOB0005,CON005,Rig,17457.12
COST01106,2025-03-21,JOB0005,CON002,Directional,8538.25
COST01107,2025-03-21,JOB0005,CON006,Fluids,7367.5
COST01108,2025-03-21,JOB0005,CON002,Cementing,4740.4
COST01109,2025-03-21,JOB0005,CON001,Rentals,4822.32
COST01110,2025-03-21,JOB0005,CON006,HSE,3346.59
COST01111,2025-03-22,JOB0005,CON005,Rig,19660.01
COST01112,2025-03-22,JOB0005,CON004,Directional,10054.57
COST01113,2025-03-22,JOB0005,CON001,Fluids,6903.84
COST01114,2025-03-22,JOB0005,CON004,Cementing,3810.2
COST01115,2025-03-22,JOB0005,CON006,Rentals,5494.58
COST01116,2025-03-22,JOB0005,CON006,HSE,3457.57
COST01117,2025-03-23,JOB0005,CON006,Rig,25654.61
COST01118,2025-03-23,JOB0005,CON001,Directional,12204.62
COST01119,2025-03-23,JOB0005,CON002,Fluids,9644.05
COST01120,2025-03-23,JOB0005,CON001,Cementing,4952.23
COST01121,2025-03-23,JOB0005,CON005,Rentals,7381.25
COST01122,2025-03-23,JOB0005,CON006,HSE,4478.67
COST01123,2025-03-24,JOB0005,CON001,Rig,23629.9
COST01124,2025-03-24,JOB0005,CON006,Directional,10150.9
COST01125,2025-03-24,JOB0005,CON006,Fluids,7382.55
COST01126,2025-03-24,JOB0005,CON001,Cementing,4363.58
COST01127,2025-03-24,JOB0005,CON006,Rentals,7200.14
COST01128,2025-03-24,JOB0005,CON005,HSE,4019.85
COST01129,2025-03-25,JOB0005,CON003,Rig,27769.91
COST01130,2025-03-25,JOB0005,CON006,Directional,9704.53
COST01131,2025-03-25,JOB0005,CON005,Fluids,7320.79
COST01132,2025-03-25,JOB0005,CON004,Cementing,3702.43
COST01133,2025-03-25,JOB0005,CON006,Rentals,6539.24
COST01134,2025-03-25,JOB0005,CON005,HSE,2626.3
COST01135,2025-03-26,JOB0005,CON001,Rig,29423.15
COST01136,2025-03-26,JOB0005,CON002,Directional,16455.8
COST01137,2025-03-26,JOB0005,CON006,Fluids,12064.01
COST01138,2025-03-26,JOB0005,CON004,Cementing,5840.48
COST01139,2025-03-26,JOB0005,CON005,Rentals,7984.05
COST01140,2025-03-26,JOB0005,CON006,HSE,4289.13
COST01141,2025-03-27,JOB0005,CON001,Rig,19923.93
COST01142,2025-03-27,JOB0005,CON005,Directional,10116.36
COST01143,2025-03-27,JOB0005,CON003,Fluids,5893.76
COST01144,2025-03-27,JOB0005,CON004,Cementing,4733.28
COST01145,2025-03-27,JOB0005,CON004,Rentals,5507.59
COST01146,2025-03-27,JOB0005,CON001,HSE,3004.23
COST01147,2025-03-28,JOB0005,CON005,Rig,22739.12
COST01148,2025-03-28,JOB0005,CON004,Directional,8363.24
COST01149,2025-03-28,JOB0005,CON003,Fluids,6854.04
COST01150,2025-03-28,JOB0005,CON006,Cementing,4186.84
COST01151,2025-03-28,JOB0005,CON005,Rentals,5863.93
COST01152,2025-03-28,JOB0005,CON002,HSE,2531.34
COST01153,2025-03-29,JOB0005,CON004,Rig,21376.87
COST01154,2025-03-29,JOB0005,CON001,Directional,9122.19
COST01155,2025-03-29,JOB0005,CON002,Fluids,5490.29
COST01156,2025-03-29,JOB0005,CON001,Cementing,4215.6
COST01157,2025-03-29,JOB0005,CON004,Rentals,6152.71
COST01158,2025-03-29,JOB0005,CON001,HSE,2721.99
COST01159,2025-03-30,JOB0005,CON003,Rig,16310.78
COST01160,2025-03-30,JOB0005,CON002,Directional,9389.49
COST01161,2025-03-30,JOB0005,CON002,Fluids,5843.23
COST01162,2025-03-30,JOB0005,CON002,Cementing,4450.87
COST01163,2025-03-30,JOB0005,CON002,Rentals,6539.12
COST01164,2025-03-30,JOB0005,CON005,HSE,2933.94
COST01165,2025-03-31,JOB0005,CON006,Rig,20835.52
COST01166,2025-03-31,JOB0005,CON004,Directional,8072.32
COST01167,2025-03-31,JOB0005,CON006,Fluids,6751.82
COST01168,2025-03-31,JOB0005,CON002,Cementing,4094.19
COST01169,2025-03-31,JOB0005,CON004,Rentals,5221.91
COST01170,2025-03-31,JOB0005,CON006,HSE,3060.41
COST01171,2025-04-01,JOB0005,CON003,Rig,20592.94
COST01172,2025-04-01,JOB0005,CON004,Directional,7028.22
COST01173,2025-04-01,JOB0005,CON004,Fluids,7862.13
COST01174,2025-04-01,JOB0005,CON002,Cementing,4145.85
COST01175,2025-04-01,JOB0005,CON003,Rentals,6760.32
COST01176,2025-04-01,JOB0005,CON005,HSE,2699.8
COST01177,2025-04-02,JOB0005,CON006,Rig,18006.54
COST01178,2025-04-02,JOB0005,CON003,Directional,9492.48
COST01179,2025-04-02,JOB0005,CON006,Fluids,8089.46
COST01180,2025-04-02,JOB0005,CON002,Cementing,4738.3
COST01181,2025-04-02,JOB0005,CON001,Rentals,6716.87
COST01182,2025-04-02,JOB0005,CON003,HSE,2739.6
COST01183,2025-04-03,JOB0005,CON003,Rig,21107.99
COST01184,2025-04-03,JOB0005,CON001,Directional,9236.01
COST01185,2025-04-03,JOB0005,CON006,Fluids,7007.77
COST01186,2025-04-03,JOB0005,CON002,Cementing,4731.17
COST01187,2025-04-03,JOB0005,CON002,Rentals,6651.28
COST01188,2025-04-03,JOB0005,CON001,HSE,2619.62
COST01189,2025-04-04,JOB0005,CON006,Rig,15298.75
COST01190,2025-04-04,JOB0005,CON006,Directional,9055.44
COST01191,2025-04-04,JOB0005,CON003,Fluids,5787.02
COST01192,2025-04-04,JOB0005,CON006,Cementing,3527.13
COST01193,2025-04-04,JOB0005,CON006,Rentals,5308.42
COST01194,2025-04-04,JOB0005,CON005,HSE,2484.63
COST01195,2025-04-05,JOB0005,CON002,Rig,30269.29
COST01196,2025-04-05,JOB0005,CON006,Directional,14796.99
COST01197,2025-04-05,JOB0005,CON004,Fluids,8816.77
COST01198,2025-04-05,JOB0005,CON001,Cementing,6293.3
COST01199,2025-04-05,JOB0005,CON003,Rentals,9453.72
COST01200,2025-04-05,JOB0005,CON003,HSE,4597.35
COST01201,2025-04-06,JOB0005,CON005,Rig,20220.79
COST01202,2025-04-06,JOB0005,CON005,Directional,8244.72
COST01203,2025-04-06,JOB0005,CON004,Fluids,4790.3
COST01204,2025-04-06,JOB0005,CON002,Cementing,3239.79
COST01205,2025-04-06,JOB0005,CON006,Rentals,4423.88
COST01206,2025-04-06,JOB0005,CON003,HSE,2801.15
COST01207,2025-04-07,JOB0005,CON005,Rig,18757.37
COST01208,2025-04-07,JOB0005,CON001,Directional,8917.04
COST01209,2025-04-07,JOB0005,CON002,Fluids,6950.53
COST01210,2025-04-07,JOB0005,CON005,Cementing,3420.17
COST01211,2025-04-07,JOB0005,CON006,Rentals,6465.78
COST01212,2025-04-07,JOB0005,CON001,HSE,3456.09
COST01213,2025-04-08,JOB0005,CON003,Rig,32225.68
COST01214,2025-04-08,JOB0005,CON006,Directional,12512.66
COST01215,2025-04-08,JOB0005,CON004,Fluids,9635.28
COST01216,2025-04-08,JOB0005,CON006,Cementing,6259.77
COST01217,2025-04-08,JOB0005,CON006,Rentals,7272.78
COST01218,2025-04-08,JOB0005,CON004,HSE,3867.26
COST01219,2025-04-09,JOB0005,CON001,Rig,23315.76
COST01220,2025-04-09,JOB0005,CON006,Directional,9113.29
COST01221,2025-04-09,JOB0005,CON006,Fluids,5764.78
COST01222,2025-04-09,JOB0005,CON004,Cementing,3079.69
COST01223,2025-04-09,JOB0005,CON001,Rentals,4182.1
COST01224,2025-04-09,JOB0005,CON003,HSE,2285.18
COST01225,2025-04-10,JOB0005,CON001,Rig,22528.11
COST01226,2025-04-10,JOB0005,CON001,Directional,10091.03
COST01227,2025-04-10,JOB0005,CON005,Fluids,9288.59
COST01228,2025-04-10,JOB0005,CON006,Cementing,4070.42
COST01229,2025-04-10,JOB0005,CON001,Rentals,7060.34
COST01230,2025-04-10,JOB0005,CON001,HSE,4018.18
COST01231,2025-04-11,JOB0005,CON003,Rig,30925.61
COST01232,2025-04-11,JOB0005,CON005,Directional,10368.36
COST01233,2025-04-11,JOB0005,CON003,Fluids,8500.74
COST01234,2025-04-11,JOB0005,CON002,Cementing,5777.86
COST01235,2025-04-11,JOB0005,CON001,Rentals,7479.3
COST01236,2025-04-11,JOB0005,CON006,HSE,4033.01
COST01237,2025-04-12,JOB0005,CON001,Rig,18435.63
COST01238,2025-04-12,JOB0005,CON003,Directional,7823.65
COST01239,2025-04-12,JOB0005,CON004,Fluids,7275.52
COST01240,2025-04-12,JOB0005,CON005,Cementing,3289.68
COST01241,2025-04-12,JOB0005,CON006,Rentals,5263.5
COST01242,2025-04-12,JOB0005,CON001,HSE,1920.38
COST01243,2025-04-13,JOB0005,CON004,Rig,24908.44
COST01244,2025-04-13,JOB0005,CON001,Directional,9024.53
COST01245,2025-04-13,JOB0005,CON004,Fluids,8051.82
COST01246,2025-04-13,JOB0005,CON003,Cementing,5003.32
COST01247,2025-04-13,JOB0005,CON005,Rentals,6392.52
COST01248,2025-04-13,JOB0005,CON002,HSE,3493.4
COST01249,2025-04-14,JOB0005,CON002,Rig,21740.61
COST01250,2025-04-14,JOB0005,CON006,Directional,9464.13
COST01251,2025-04-14,JOB0005,CON001,Fluids,5160.32
COST01252,2025-04-14,JOB0005,CON003,Cementing,2540.0
COST01253,2025-04-14,JOB0005,CON004,Rentals,5567.23
COST01254,2025-04-14,JOB0005,CON003,HSE,2051.88
COST01255,2025-04-15,JOB0005,CON003,Rig,17218.77
COST01256,2025-04-15,JOB0005,CON001,Directional,9300.24
COST01257,2025-04-15,JOB0005,CON002,Fluids,7948.18
COST01258,2025-04-15,JOB0005,CON006,Cementing,3230.5
COST01259,2025-04-15,JOB0005,CON006,Rentals,5544.72
COST01260,2025-04-15,JOB0005,CON001,HSE,2797.57
COST01261,2025-04-16,JOB0005,CON005,Rig,20647.69
COST01262,2025-04-16,JOB0005,CON002,Directional,8033.3
COST01263,2025-04-16,JOB0005,CON004,Fluids,7437.19
COST01264,2025-04-16,JOB0005,CON004,Cementing,3792.54
COST01265,2025-04-16,JOB0005,CON001,Rentals,6152.52
COST01266,2025-04-16,JOB0005,CON005,HSE,2293.93
COST01267,2025-04-17,JOB0005,CON001,Rig,18296.19
COST01268,2025-04-17,JOB0005,CON004,Directional,9849.51
COST01269,2025-04-17,JOB0005,CON003,Fluids,6540.89
COST01270,2025-04-17,JOB0005,CON001,Cementing,3440.99
COST01271,2025-04-17,JOB0005,CON004,Rentals,5773.03
COST01272,2025-04-17,JOB0005,CON004,HSE,2804.83
COST01273,2025-04-18,JOB0005,CON003,Rig,15345.18
COST01274,2025-04-18,JOB0005,CON005,Directional,8803.79
COST01275,2025-04-18,JOB0005,CON002,Fluids,4842.13
COST01276,2025-04-18,JOB0005,CON006,Cementing,3887.55
COST01277,2025-04-18,JOB0005,CON006,Rentals,3912.24
COST01278,2025-04-18,JOB0005,CON005,HSE,2050.53
COST01279,2025-04-19,JOB0005,CON001,Rig,23276.26
COST01280,2025-04-19,JOB0005,CON006,Directional,7053.07
COST01281,2025-04-19,JOB0005,CON002,Fluids,5683.64
COST01282,2025-04-19,JOB0005,CON004,Cementing,3896.46
COST01283,2025-04-19,JOB0005,CON003,Rentals,5406.46
COST01284,2025-04-19,JOB0005,CON003,HSE,3153.32
COST01285,2025-04-20,JOB0005,CON002,Rig,20126.08
COST01286,2025-04-20,JOB0005,CON002,Directional,9766.59
COST01287,2025-04-20,JOB0005,CON003,Fluids,8036.81
COST01288,2025-04-20,JOB0005,CON003,Cementing,4044.92
COST01289,2025-04-20,JOB0005,CON005,Rentals,6129.63
COST01290,2025-04-20,JOB0005,CON002,HSE,2456.48
COST01291,2025-04-21,JOB0005,CON003,Rig,24474.74
COST01292,2025-04-21,JOB0005,CON006,Directional,7411.99
COST01293,2025-04-21,JOB0005,CON005,Fluids,6531.8
COST01294,2025-04-21,JOB0005,CON003,Cementing,2999.8
COST01295,2025-04-21,JOB0005,CON004,Rentals,5433.94
COST01296,2025-04-21,JOB0005,CON004,HSE,2610.07
COST01297,2025-04-22,JOB0005,CON002,Rig,21063.08
COST01298,2025-04-22,JOB0005,CON006,Directional,9183.94
COST01299,2025-04-22,JOB0005,CON006,Fluids,6390.92
COST01300,2025-04-22,JOB0005,CON005,Cementing,4180.35
COST01301,2025-04-22,JOB0005,CON001,Rentals,6158.87
COST01302,2025-04-22,JOB0005,CON001,HSE,2985.05
COST01303,2025-04-23,JOB0005,CON003,Rig,15201.79
COST01304,2025-04-23,JOB0005,CON002,Directional,7690.69
COST01305,2025-04-23,JOB0005,CON003,Fluids,6493.76
COST01306,2025-04-23,JOB0005,CON001,Cementing,3615.56
COST01307,2025-04-23,JOB0005,CON006,Rentals,5016.99
COST01308,2025-04-23,JOB0005,CON003,HSE,2499.29
COST01309,2025-04-24,JOB0005,CON002,Rig,15830.52
COST01310,2025-04-24,JOB0005,CON004,Directional,9551.06
COST01311,2025-04-24,JOB0005,CON004,Fluids,6768.0
COST01312,2025-04-24,JOB0005,CON002,Cementing,3497.7
COST01313,2025-04-24,JOB0005,CON004,Rentals,5043.18
COST01314,2025-04-24,JOB0005,CON005,HSE,2766.33
COST01315,2025-04-25,JOB0005,CON001,Rig,18757.61
COST01316,2025-04-25,JOB0005,CON002,Directional,8277.13
COST01317,2025-04-25,JOB0005,CON004,Fluids,6074.07
COST01318,2025-04-25,JOB0005,CON004,Cementing,4761.29
COST01319,2025-04-25,JOB0005,CON005,Rentals,5009.4
COST01320,2025-04-25,JOB0005,CON003,HSE,2415.2
COST01321,2025-04-26,JOB0005,CON001,Rig,20184.93
COST01322,2025-04-26,JOB0005,CON001,Directional,10031.34
COST01323,2025-04-26,JOB0005,CON005,Fluids,7115.86
COST01324,2025-04-26,JOB0005,CON001,Cementing,3443.27
COST01325,2025-04-26,JOB0005,CON002,Rentals,6848.25
COST01326,2025-04-26,JOB0005,CON003,HSE,2643.98
COST01327,2025-04-27,JOB0005,CON002,Rig,20788.43
COST01328,2025-04-27,JOB0005,CON003,Directional,11074.33
COST01329,2025-04-27,JOB0005,CON004,Fluids,9415.22
COST01330,2025-04-27,JOB0005,CON004,Cementing,3874.34
COST01331,2025-04-27,JOB0005,CON002,Rentals,6442.23
COST01332,2025-04-27,JOB0005,CON003,HSE,3496.8
COST01333,2025-04-28,JOB0005,CON003,Rig,23962.27
COST01334,2025-04-28,JOB0005,CON002,Directional,8446.76
COST01335,2025-04-28,JOB0005,CON006,Fluids,5849.23
COST01336,2025-04-28,JOB0005,CON005,Cementing,3118.98
COST01337,2025-04-28,JOB0005,CON003,Rentals,4469.65
COST01338,2025-04-28,JOB0005,CON005,HSE,3099.63
COST01339,2025-04-29,JOB0005,CON004,Rig,17320.58
COST01340,2025-04-29,JOB0005,CON003,Directional,7867.92
COST01341,2025-04-29,JOB0005,CON001,Fluids,6724.54
COST01342,2025-04-29,JOB0005,CON006,Cementing,4338.02
COST01343,2025-04-29,JOB0005,CON006,Rentals,5876.41
COST01344,2025-04-29,JOB0005,CON003,HSE,2929.25
COST01345,2025-04-30,JOB0005,CON004,Rig,18524.27
COST01346,2025-04-30,JOB0005,CON006,Directional,9519.89
COST01347,2025-04-30,JOB0005,CON006,Fluids,7098.3
COST01348,2025-04-30,JOB0005,CON004,Cementing,4032.67
COST01349,2025-04-30,JOB0005,CON005,Rentals,6877.47
COST01350,2025-04-30,JOB0005,CON006,HSE,2772.3
COST01351,2025-05-01,JOB0005,CON006,Rig,15854.89
COST01352,2025-05-01,JOB0005,CON001,Directional,7888.29
COST01353,2025-05-01,JOB0005,CON006,Fluids,6550.7
COST01354,2025-05-01,JOB0005,CON006,Cementing,3907.32
COST01355,2025-05-01,JOB0005,CON005,Rentals,4716.02
COST01356,2025-05-01,JOB0005,CON001,HSE,2286.56
COST01357,2025-04-03,JOB0006,CON002,Rig,37312.21
COST01358,2025-04-03,JOB0006,CON001,Directional,15030.52
COST01359,2025-04-03,JOB0006,CON005,Fluids,9459.52
COST01360,2025-04-03,JOB0006,CON005,Cementing,6680.5
COST01361,2025-04-03,JOB0006,CON002,Rentals,10287.79
COST01362,2025-04-03,JOB0006,CON004,HSE,3933.77
COST01363,2025-04-04,JOB0006,CON006,Rig,19297.38
COST01364,2025-04-04,JOB0006,CON002,Directional,12227.44
COST01365,2025-04-04,JOB0006,CON001,Fluids,9596.66
COST01366,2025-04-04,JOB0006,CON004,Cementing,4575.3
COST01367,2025-04-04,JOB0006,CON003,Rentals,6519.62
COST01368,2025-04-04,JOB0006,CON006,HSE,4013.0
COST01369,2025-04-05,JOB0006,CON004,Rig,31600.15
COST01370,2025-04-05,JOB0006,CON005,Directional,11607.13
COST01371,2025-04-05,JOB0006,CON004,Fluids,10442.54
COST01372,2025-04-05,JOB0006,CON002,Cementing,5280.83
COST01373,2025-04-05,JOB0006,CON003,Rentals,7384.41
COST01374,2025-04-05,JOB0006,CON001,HSE,4669.58
COST01375,2025-04-06,JOB0006,CON005,Rig,25366.38
COST01376,2025-04-06,JOB0006,CON001,Directional,11622.18
COST01377,2025-04-06,JOB0006,CON006,Fluids,8905.18
COST01378,2025-04-06,JOB0006,CON006,Cementing,5452.22
COST01379,2025-04-06,JOB0006,CON003,Rentals,8124.06
COST01380,2025-04-06,JOB0006,CON005,HSE,3198.55
COST01381,2025-04-07,JOB0006,CON005,Rig,31121.31
COST01382,2025-04-07,JOB0006,CON003,Directional,17548.21
COST01383,2025-04-07,JOB0006,CON003,Fluids,10508.55
COST01384,2025-04-07,JOB0006,CON003,Cementing,5680.03
COST01385,2025-04-07,JOB0006,CON001,Rentals,9826.57
COST01386,2025-04-07,JOB0006,CON004,HSE,5992.62
COST01387,2025-04-08,JOB0006,CON003,Rig,26069.05
COST01388,2025-04-08,JOB0006,CON002,Directional,10844.78
COST01389,2025-04-08,JOB0006,CON001,Fluids,10609.18
COST01390,2025-04-08,JOB0006,CON001,Cementing,5443.65
COST01391,2025-04-08,JOB0006,CON006,Rentals,9490.72
COST01392,2025-04-08,JOB0006,CON006,HSE,4217.94
COST01393,2025-04-09,JOB0006,CON005,Rig,28136.89
COST01394,2025-04-09,JOB0006,CON003,Directional,12436.67
COST01395,2025-04-09,JOB0006,CON003,Fluids,11039.26
COST01396,2025-04-09,JOB0006,CON006,Cementing,7017.46
COST01397,2025-04-09,JOB0006,CON005,Rentals,9041.79
COST01398,2025-04-09,JOB0006,CON002,HSE,4977.14
COST01399,2025-04-10,JOB0006,CON005,Rig,23883.82
COST01400,2025-04-10,JOB0006,CON004,Directional,10150.02
COST01401,2025-04-10,JOB0006,CON004,Fluids,8262.94
COST01402,2025-04-10,JOB0006,CON006,Cementing,6354.82
COST01403,2025-04-10,JOB0006,CON004,Rentals,9047.4
COST01404,2025-04-10,JOB0006,CON002,HSE,3643.15
COST01405,2025-04-11,JOB0006,CON005,Rig,31983.02
COST01406,2025-04-11,JOB0006,CON004,Directional,14992.44
COST01407,2025-04-11,JOB0006,CON003,Fluids,10077.88
COST01408,2025-04-11,JOB0006,CON003,Cementing,6732.09
COST01409,2025-04-11,JOB0006,CON001,Rentals,9331.15
COST01410,2025-04-11,JOB0006,CON006,HSE,4648.62
COST01411,2025-04-12,JOB0006,CON004,Rig,24461.7
COST01412,2025-04-12,JOB0006,CON005,Directional,13692.19
COST01413,2025-04-12,JOB0006,CON003,Fluids,7580.08
COST01414,2025-04-12,JOB0006,CON003,Cementing,5658.07
COST01415,2025-04-12,JOB0006,CON001,Rentals,9842.77
COST01416,2025-04-12,JOB0006,CON003,HSE,4129.14
COST01417,2025-04-13,JOB0006,CON004,Rig,31720.87
COST01418,2025-04-13,JOB0006,CON003,Directional,12740.99
COST01419,2025-04-13,JOB0006,CON005,Fluids,9554.79
COST01420,2025-04-13,JOB0006,CON001,Cementing,6993.5
COST01421,2025-04-13,JOB0006,CON003,Rentals,9383.97
COST01422,2025-04-13,JOB0006,CON004,HSE,5048.98
COST01423,2025-04-14,JOB0006,CON004,Rig,34021.62
COST01424,2025-04-14,JOB0006,CON004,Directional,12256.09
COST01425,2025-04-14,JOB0006,CON004,Fluids,11575.77
COST01426,2025-04-14,JOB0006,CON002,Cementing,5562.82
COST01427,2025-04-14,JOB0006,CON003,Rentals,10008.38
COST01428,2025-04-14,JOB0006,CON003,HSE,3502.87
COST01429,2025-04-15,JOB0006,CON003,Rig,28436.55
COST01430,2025-04-15,JOB0006,CON004,Directional,10584.67
COST01431,2025-04-15,JOB0006,CON002,Fluids,8632.8
COST01432,2025-04-15,JOB0006,CON004,Cementing,3823.81
COST01433,2025-04-15,JOB0006,CON005,Rentals,8419.7
COST01434,2025-04-15,JOB0006,CON005,HSE,2914.03
COST01435,2025-04-16,JOB0006,CON005,Rig,43129.34
COST01436,2025-04-16,JOB0006,CON004,Directional,14306.47
COST01437,2025-04-16,JOB0006,CON005,Fluids,12635.79
COST01438,2025-04-16,JOB0006,CON002,Cementing,6001.73
COST01439,2025-04-16,JOB0006,CON006,Rentals,11787.65
COST01440,2025-04-16,JOB0006,CON006,HSE,5937.47
COST01441,2025-04-17,JOB0006,CON005,Rig,23872.41
COST01442,2025-04-17,JOB0006,CON003,Directional,11242.25
COST01443,2025-04-17,JOB0006,CON004,Fluids,10204.36
COST01444,2025-04-17,JOB0006,CON002,Cementing,4766.25
COST01445,2025-04-17,JOB0006,CON003,Rentals,9457.54
COST01446,2025-04-17,JOB0006,CON003,HSE,4198.17
COST01447,2025-04-18,JOB0006,CON004,Rig,28540.4
COST01448,2025-04-18,JOB0006,CON002,Directional,9762.31
COST01449,2025-04-18,JOB0006,CON004,Fluids,10152.93
COST01450,2025-04-18,JOB0006,CON006,Cementing,4815.89
COST01451,2025-04-18,JOB0006,CON004,Rentals,7454.85
COST01452,2025-04-18,JOB0006,CON006,HSE,3982.75
COST01453,2025-04-19,JOB0006,CON005,Rig,37480.63
COST01454,2025-04-19,JOB0006,CON005,Directional,17181.03
COST01455,2025-04-19,JOB0006,CON003,Fluids,12969.3
COST01456,2025-04-19,JOB0006,CON006,Cementing,6595.17
COST01457,2025-04-19,JOB0006,CON002,Rentals,11155.61
COST01458,2025-04-19,JOB0006,CON003,HSE,5149.09
COST01459,2025-04-20,JOB0006,CON002,Rig,28248.89
COST01460,2025-04-20,JOB0006,CON002,Directional,13560.94
COST01461,2025-04-20,JOB0006,CON004,Fluids,7456.92
COST01462,2025-04-20,JOB0006,CON005,Cementing,3920.0
COST01463,2025-04-20,JOB0006,CON004,Rentals,6131.72
COST01464,2025-04-20,JOB0006,CON005,HSE,2879.27
COST01465,2025-04-21,JOB0006,CON002,Rig,28136.2
COST01466,2025-04-21,JOB0006,CON001,Directional,11823.5
COST01467,2025-04-21,JOB0006,CON002,Fluids,6911.63
COST01468,2025-04-21,JOB0006,CON003,Cementing,3834.22
COST01469,2025-04-21,JOB0006,CON002,Rentals,7150.65
COST01470,2025-04-21,JOB0006,CON003,HSE,3506.79
COST01471,2025-04-22,JOB0006,CON001,Rig,21018.06
COST01472,2025-04-22,JOB0006,CON006,Directional,10915.45
COST01473,2025-04-22,JOB0006,CON005,Fluids,7819.81
COST01474,2025-04-22,JOB0006,CON006,Cementing,4243.31
COST01475,2025-04-22,JOB0006,CON003,Rentals,8166.8
COST01476,2025-04-22,JOB0006,CON004,HSE,4345.69
COST01477,2025-04-23,JOB0006,CON002,Rig,28400.22
COST01478,2025-04-23,JOB0006,CON006,Directional,8920.28
COST01479,2025-04-23,JOB0006,CON003,Fluids,10220.88
COST01480,2025-04-23,JOB0006,CON002,Cementing,4503.35
COST01481,2025-04-23,JOB0006,CON002,Rentals,8310.32
COST01482,2025-04-23,JOB0006,CON006,HSE,4482.82
COST01483,2025-04-24,JOB0006,CON006,Rig,22881.39
COST01484,2025-04-24,JOB0006,CON004,Directional,11908.97
COST01485,2025-04-24,JOB0006,CON001,Fluids,8818.82
COST01486,2025-04-24,JOB0006,CON006,Cementing,4284.95
COST01487,2025-04-24,JOB0006,CON004,Rentals,7113.09
COST01488,2025-04-24,JOB0006,CON004,HSE,3631.74
COST01489,2025-04-25,JOB0006,CON002,Rig,24453.73
COST01490,2025-04-25,JOB0006,CON005,Directional,13117.9
COST01491,2025-04-25,JOB0006,CON001,Fluids,8660.33
COST01492,2025-04-25,JOB0006,CON002,Cementing,5287.61
COST01493,2025-04-25,JOB0006,CON001,Rentals,5387.26
COST01494,2025-04-25,JOB0006,CON002,HSE,3751.99
COST01495,2025-04-26,JOB0006,CON004,Rig,24854.92
COST01496,2025-04-26,JOB0006,CON003,Directional,9184.83
COST01497,2025-04-26,JOB0006,CON001,Fluids,9941.31
COST01498,2025-04-26,JOB0006,CON001,Cementing,4349.75
COST01499,2025-04-26,JOB0006,CON005,Rentals,7989.66
COST01500,2025-04-26,JOB0006,CON005,HSE,3428.72
COST01501,2025-04-27,JOB0006,CON001,Rig,31540.62
COST01502,2025-04-27,JOB0006,CON006,Directional,10663.83
COST01503,2025-04-27,JOB0006,CON005,Fluids,9858.79
COST01504,2025-04-27,JOB0006,CON006,Cementing,5982.94
COST01505,2025-04-27,JOB0006,CON004,Rentals,8812.77
COST01506,2025-04-27,JOB0006,CON005,HSE,4626.4
COST01507,2025-04-28,JOB0006,CON003,Rig,30253.33
COST01508,2025-04-28,JOB0006,CON005,Directional,12701.4
COST01509,2025-04-28,JOB0006,CON001,Fluids,7666.87
COST01510,2025-04-28,JOB0006,CON005,Cementing,5345.84
COST01511,2025-04-28,JOB0006,CON003,Rentals,8739.31
COST01512,2025-04-28,JOB0006,CON005,HSE,3350.72
COST01513,2025-04-29,JOB0006,CON002,Rig,24737.42
COST01514,2025-04-29,JOB0006,CON006,Directional,9494.56
COST01515,2025-04-29,JOB0006,CON001,Fluids,9093.52
COST01516,2025-04-29,JOB0006,CON005,Cementing,5047.84
COST01517,2025-04-29,JOB0006,CON005,Rentals,9033.98
COST01518,2025-04-29,JOB0006,CON003,HSE,3573.73
COST01519,2025-04-30,JOB0006,CON001,Rig,38573.43
COST01520,2025-04-30,JOB0006,CON005,Directional,14386.77
COST01521,2025-04-30,JOB0006,CON001,Fluids,9798.39
COST01522,2025-04-30,JOB0006,CON004,Cementing,7150.2
COST01523,2025-04-30,JOB0006,CON006,Rentals,8157.21
COST01524,2025-04-30,JOB0006,CON004,HSE,4836.5
COST01525,2025-05-01,JOB0006,CON006,Rig,33255.86
COST01526,2025-05-01,JOB0006,CON006,Directional,11128.37
COST01527,2025-05-01,JOB0006,CON004,Fluids,11142.5
COST01528,2025-05-01,JOB0006,CON004,Cementing,5482.86
COST01529,2025-05-01,JOB0006,CON001,Rentals,6673.72
COST01530,2025-05-01,JOB0006,CON005,HSE,4456.02
COST01531,2025-05-02,JOB0006,CON006,Rig,30564.99
COST01532,2025-05-02,JOB0006,CON001,Directional,8079.67
COST01533,2025-05-02,JOB0006,CON006,Fluids,10256.31
COST01534,2025-05-02,JOB0006,CON004,Cementing,4112.78
COST01535,2025-05-02,JOB0006,CON005,Rentals,8879.96
COST01536,2025-05-02,JOB0006,CON003,HSE,2843.19
COST01537,2025-05-03,JOB0006,CON002,Rig,25197.0
COST01538,2025-05-03,JOB0006,CON006,Directional,11607.36
COST01539,2025-05-03,JOB0006,CON002,Fluids,7197.11
COST01540,2025-05-03,JOB0006,CON006,Cementing,4935.59
COST01541,2025-05-03,JOB0006,CON002,Rentals,6833.24
COST01542,2025-05-03,JOB0006,CON005,HSE,4603.35
COST01543,2025-05-04,JOB0006,CON002,Rig,26114.78
COST01544,2025-05-04,JOB0006,CON001,Directional,18422.53
COST01545,2025-05-04,JOB0006,CON006,Fluids,12704.0
COST01546,2025-05-04,JOB0006,CON003,Cementing,5082.06
COST01547,2025-05-04,JOB0006,CON004,Rentals,8773.68
COST01548,2025-05-04,JOB0006,CON006,HSE,4688.63
COST01549,2025-05-05,JOB0006,CON004,Rig,25053.57
COST01550,2025-05-05,JOB0006,CON003,Directional,10723.76
COST01551,2025-05-05,JOB0006,CON006,Fluids,7596.44
COST01552,2025-05-05,JOB0006,CON006,Cementing,5785.36
COST01553,2025-05-05,JOB0006,CON005,Rentals,6040.93
COST01554,2025-05-05,JOB0006,CON001,HSE,3254.9
COST01555,2025-05-06,JOB0006,CON004,Rig,31846.49
COST01556,2025-05-06,JOB0006,CON003,Directional,14411.01
COST01557,2025-05-06,JOB0006,CON004,Fluids,9426.23
COST01558,2025-05-06,JOB0006,CON004,Cementing,5034.26
COST01559,2025-05-06,JOB0006,CON005,Rentals,9109.85
COST01560,2025-05-06,JOB0006,CON006,HSE,4452.54
COST01561,2025-05-07,JOB0006,CON006,Rig,32405.18
COST01562,2025-05-07,JOB0006,CON003,Directional,11321.53
COST01563,2025-05-07,JOB0006,CON002,Fluids,10292.16
COST01564,2025-05-07,JOB0006,CON003,Cementing,5224.47
COST01565,2025-05-07,JOB0006,CON003,Rentals,7731.8
COST01566,2025-05-07,JOB0006,CON002,HSE,4499.6
COST01567,2025-05-08,JOB0006,CON003,Rig,29692.84
COST01568,2025-05-08,JOB0006,CON006,Directional,12484.26
COST01569,2025-05-08,JOB0006,CON001,Fluids,8270.64
COST01570,2025-05-08,JOB0006,CON004,Cementing,3574.13
COST01571,2025-05-08,JOB0006,CON002,Rentals,5674.43
COST01572,2025-05-08,JOB0006,CON005,HSE,3397.03
COST01573,2025-05-09,JOB0006,CON001,Rig,30807.77
COST01574,2025-05-09,JOB0006,CON001,Directional,13820.34
COST01575,2025-05-09,JOB0006,CON002,Fluids,10412.04
COST01576,2025-05-09,JOB0006,CON002,Cementing,5629.16
COST01577,2025-05-09,JOB0006,CON005,Rentals,8850.52
COST01578,2025-05-09,JOB0006,CON001,HSE,4626.97
COST01579,2025-05-10,JOB0006,CON003,Rig,29354.09
COST01580,2025-05-10,JOB0006,CON006,Directional,10925.63
COST01581,2025-05-10,JOB0006,CON006,Fluids,10300.49
COST01582,2025-05-10,JOB0006,CON003,Cementing,6276.05
COST01583,2025-05-10,JOB0006,CON006,Rentals,9480.02
COST01584,2025-05-10,JOB0006,CON001,HSE,3607.41
COST01585,2025-04-23,JOB0007,CON003,Rig,23832.86
COST01586,2025-04-23,JOB0007,CON002,Directional,13836.08
COST01587,2025-04-23,JOB0007,CON001,Fluids,9766.28
COST01588,2025-04-23,JOB0007,CON001,Cementing,5831.5
COST01589,2025-04-23,JOB0007,CON003,Rentals,7026.15
COST01590,2025-04-23,JOB0007,CON004,HSE,4504.66
COST01591,2025-04-24,JOB0007,CON001,Rig,35510.61
COST01592,2025-04-24,JOB0007,CON006,Directional,17596.99
COST01593,2025-04-24,JOB0007,CON004,Fluids,10210.92
COST01594,2025-04-24,JOB0007,CON006,Cementing,7844.25
COST01595,2025-04-24,JOB0007,CON003,Rentals,9972.7
COST01596,2025-04-24,JOB0007,CON003,HSE,4424.82
COST01597,2025-04-25,JOB0007,CON002,Rig,27712.25
COST01598,2025-04-25,JOB0007,CON005,Directional,11453.45
COST01599,2025-04-25,JOB0007,CON001,Fluids,9024.08
COST01600,2025-04-25,JOB0007,CON002,Cementing,6852.91
COST01601,2025-04-25,JOB0007,CON003,Rentals,9299.99
COST01602,2025-04-25,JOB0007,CON004,HSE,4167.22
COST01603,2025-04-26,JOB0007,CON006,Rig,27208.25
COST01604,2025-04-26,JOB0007,CON001,Directional,8809.65
COST01605,2025-04-26,JOB0007,CON001,Fluids,8247.03
COST01606,2025-04-26,JOB0007,CON003,Cementing,5652.61
COST01607,2025-04-26,JOB0007,CON001,Rentals,6244.63
COST01608,2025-04-26,JOB0007,CON003,HSE,3326.25
COST01609,2025-04-27,JOB0007,CON003,Rig,25606.41
COST01610,2025-04-27,JOB0007,CON004,Directional,11000.16
COST01611,2025-04-27,JOB0007,CON005,Fluids,9568.41
COST01612,2025-04-27,JOB0007,CON003,Cementing,4716.43
COST01613,2025-04-27,JOB0007,CON003,Rentals,7891.18
COST01614,2025-04-27,JOB0007,CON006,HSE,3241.99
COST01615,2025-04-28,JOB0007,CON002,Rig,29173.69
COST01616,2025-04-28,JOB0007,CON001,Directional,14736.59
COST01617,2025-04-28,JOB0007,CON004,Fluids,7841.97
COST01618,2025-04-28,JOB0007,CON003,Cementing,5215.27
COST01619,2025-04-28,JOB0007,CON002,Rentals,8986.4
COST01620,2025-04-28,JOB0007,CON003,HSE,4564.23
COST01621,2025-04-29,JOB0007,CON001,Rig,20621.12
COST01622,2025-04-29,JOB0007,CON001,Directional,10546.48
COST01623,2025-04-29,JOB0007,CON006,Fluids,8868.91
COST01624,2025-04-29,JOB0007,CON002,Cementing,4353.35
COST01625,2025-04-29,JOB0007,CON003,Rentals,8978.61
COST01626,2025-04-29,JOB0007,CON001,HSE,2965.01
COST01627,2025-04-30,JOB0007,CON001,Rig,33684.68
COST01628,2025-04-30,JOB0007,CON005,Directional,14779.05
COST01629,2025-04-30,JOB0007,CON001,Fluids,10505.98
COST01630,2025-04-30,JOB0007,CON005,Cementing,5382.43
COST01631,2025-04-30,JOB0007,CON003,Rentals,6779.2
COST01632,2025-04-30,JOB0007,CON003,HSE,3829.09
COST01633,2025-05-01,JOB0007,CON001,Rig,27165.27
COST01634,2025-05-01,JOB0007,CON004,Directional,12512.4
COST01635,2025-05-01,JOB0007,CON002,Fluids,7581.51
COST01636,2025-05-01,JOB0007,CON002,Cementing,6210.35
COST01637,2025-05-01,JOB0007,CON003,Rentals,8707.57
COST01638,2025-05-01,JOB0007,CON004,HSE,3556.38
COST01639,2025-05-02,JOB0007,CON002,Rig,33379.21
COST01640,2025-05-02,JOB0007,CON001,Directional,15294.05
COST01641,2025-05-02,JOB0007,CON005,Fluids,8272.95
COST01642,2025-05-02,JOB0007,CON004,Cementing,6523.16
COST01643,2025-05-02,JOB0007,CON005,Rentals,7087.22
COST01644,2025-05-02,JOB0007,CON003,HSE,5090.86
COST01645,2025-05-03,JOB0007,CON005,Rig,30532.61
COST01646,2025-05-03,JOB0007,CON004,Directional,14250.39
COST01647,2025-05-03,JOB0007,CON002,Fluids,9752.05
COST01648,2025-05-03,JOB0007,CON003,Cementing,5453.43
COST01649,2025-05-03,JOB0007,CON005,Rentals,9292.23
COST01650,2025-05-03,JOB0007,CON006,HSE,4375.68
COST01651,2025-05-04,JOB0007,CON006,Rig,27689.76
COST01652,2025-05-04,JOB0007,CON004,Directional,11343.42
COST01653,2025-05-04,JOB0007,CON005,Fluids,8498.26
COST01654,2025-05-04,JOB0007,CON006,Cementing,4297.38
COST01655,2025-05-04,JOB0007,CON002,Rentals,7181.15
COST01656,2025-05-04,JOB0007,CON006,HSE,4327.85
COST01657,2025-05-05,JOB0007,CON004,Rig,29543.79
COST01658,2025-05-05,JOB0007,CON003,Directional,13110.8
COST01659,2025-05-05,JOB0007,CON004,Fluids,12121.03
COST01660,2025-05-05,JOB0007,CON003,Cementing,5159.16
COST01661,2025-05-05,JOB0007,CON006,Rentals,8728.98
COST01662,2025-05-05,JOB0007,CON001,HSE,5423.16
COST01663,2025-05-06,JOB0007,CON002,Rig,25454.48
COST01664,2025-05-06,JOB0007,CON001,Directional,14170.07
COST01665,2025-05-06,JOB0007,CON002,Fluids,10458.62
COST01666,2025-05-06,JOB0007,CON006,Cementing,6898.66
COST01667,2025-05-06,JOB0007,CON005,Rentals,7684.99
COST01668,2025-05-06,JOB0007,CON003,HSE,4470.63
COST01669,2025-05-07,JOB0007,CON005,Rig,32493.68
COST01670,2025-05-07,JOB0007,CON005,Directional,15125.95
COST01671,2025-05-07,JOB0007,CON004,Fluids,10318.35
COST01672,2025-05-07,JOB0007,CON005,Cementing,6538.52
COST01673,2025-05-07,JOB0007,CON003,Rentals,9120.45
COST01674,2025-05-07,JOB0007,CON001,HSE,4625.34
COST01675,2025-05-08,JOB0007,CON004,Rig,21533.43
COST01676,2025-05-08,JOB0007,CON001,Directional,11565.67
COST01677,2025-05-08,JOB0007,CON002,Fluids,8852.01
COST01678,2025-05-08,JOB0007,CON006,Cementing,4231.88
COST01679,2025-05-08,JOB0007,CON006,Rentals,6889.01
COST01680,2025-05-08,JOB0007,CON006,HSE,4288.94
COST01681,2025-05-09,JOB0007,CON002,Rig,34008.35
COST01682,2025-05-09,JOB0007,CON004,Directional,14740.52
COST01683,2025-05-09,JOB0007,CON003,Fluids,11608.36
COST01684,2025-05-09,JOB0007,CON003,Cementing,4507.67
COST01685,2025-05-09,JOB0007,CON003,Rentals,8093.6
COST01686,2025-05-09,JOB0007,CON001,HSE,3081.17
COST01687,2025-05-10,JOB0007,CON006,Rig,32806.58
COST01688,2025-05-10,JOB0007,CON005,Directional,18538.87
COST01689,2025-05-10,JOB0007,CON002,Fluids,13003.77
COST01690,2025-05-10,JOB0007,CON004,Cementing,6509.93
COST01691,2025-05-10,JOB0007,CON001,Rentals,8591.25
COST01692,2025-05-10,JOB0007,CON005,HSE,5436.16
COST01693,2025-05-11,JOB0007,CON002,Rig,20534.04
COST01694,2025-05-11,JOB0007,CON005,Directional,12092.1
COST01695,2025-05-11,JOB0007,CON005,Fluids,10003.34
COST01696,2025-05-11,JOB0007,CON005,Cementing,4389.36
COST01697,2025-05-11,JOB0007,CON004,Rentals,7968.13
COST01698,2025-05-11,JOB0007,CON004,HSE,4131.27
COST01699,2025-05-12,JOB0007,CON003,Rig,25014.68
COST01700,2025-05-12,JOB0007,CON006,Directional,9182.87
COST01701,2025-05-12,JOB0007,CON004,Fluids,9644.82
COST01702,2025-05-12,JOB0007,CON001,Cementing,5663.61
COST01703,2025-05-12,JOB0007,CON005,Rentals,5757.61
COST01704,2025-05-12,JOB0007,CON006,HSE,4299.97
COST01705,2025-05-13,JOB0007,CON002,Rig,39306.94
COST01706,2025-05-13,JOB0007,CON006,Directional,10176.21
COST01707,2025-05-13,JOB0007,CON006,Fluids,9534.89
COST01708,2025-05-13,JOB0007,CON001,Cementing,5183.88
COST01709,2025-05-13,JOB0007,CON005,Rentals,7247.29
COST01710,2025-05-13,JOB0007,CON004,HSE,5147.0
COST01711,2025-05-14,JOB0007,CON002,Rig,22309.65
COST01712,2025-05-14,JOB0007,CON004,Directional,12032.25
COST01713,2025-05-14,JOB0007,CON004,Fluids,8459.19
COST01714,2025-05-14,JOB0007,CON005,Cementing,5329.49
COST01715,2025-05-14,JOB0007,CON003,Rentals,9527.11
COST01716,2025-05-14,JOB0007,CON001,HSE,3853.96
COST01717,2025-05-15,JOB0007,CON001,Rig,26096.07
COST01718,2025-05-15,JOB0007,CON004,Directional,9249.96
COST01719,2025-05-15,JOB0007,CON006,Fluids,10330.49
COST01720,2025-05-15,JOB0007,CON005,Cementing,4760.91
COST01721,2025-05-15,JOB0007,CON003,Rentals,7021.38
COST01722,2025-05-15,JOB0007,CON002,HSE,3857.9
COST01723,2025-05-16,JOB0007,CON004,Rig,37435.1
COST01724,2025-05-16,JOB0007,CON001,Directional,15401.2
COST01725,2025-05-16,JOB0007,CON002,Fluids,8467.45
COST01726,2025-05-16,JOB0007,CON004,Cementing,6716.29
COST01727,2025-05-16,JOB0007,CON006,Rentals,10364.84
COST01728,2025-05-16,JOB0007,CON001,HSE,4043.41
COST01729,2025-05-17,JOB0007,CON002,Rig,27725.0
COST01730,2025-05-17,JOB0007,CON002,Directional,12088.41
COST01731,2025-05-17,JOB0007,CON005,Fluids,11020.73
COST01732,2025-05-17,JOB0007,CON004,Cementing,5224.7
COST01733,2025-05-17,JOB0007,CON005,Rentals,8457.41
COST01734,2025-05-17,JOB0007,CON003,HSE,3627.06
COST01735,2025-05-18,JOB0007,CON003,Rig,30424.33
COST01736,2025-05-18,JOB0007,CON005,Directional,13313.0
COST01737,2025-05-18,JOB0007,CON002,Fluids,9534.25
COST01738,2025-05-18,JOB0007,CON002,Cementing,6926.34
COST01739,2025-05-18,JOB0007,CON002,Rentals,8302.46
COST01740,2025-05-18,JOB0007,CON004,HSE,4292.52
COST01741,2025-05-19,JOB0007,CON003,Rig,34776.26
COST01742,2025-05-19,JOB0007,CON003,Directional,11922.46
COST01743,2025-05-19,JOB0007,CON005,Fluids,11838.27
COST01744,2025-05-19,JOB0007,CON005,Cementing,5981.71
COST01745,2025-05-19,JOB0007,CON004,Rentals,8312.64
COST01746,2025-05-19,JOB0007,CON004,HSE,4453.33
COST01747,2025-05-20,JOB0007,CON003,Rig,30323.0
COST01748,2025-05-20,JOB0007,CON003,Directional,14046.18
COST01749,2025-05-20,JOB0007,CON004,Fluids,8506.16
COST01750,2025-05-20,JOB0007,CON006,Cementing,7239.99
COST01751,2025-05-20,JOB0007,CON001,Rentals,11190.95
COST01752,2025-05-20,JOB0007,CON005,HSE,4114.64
COST01753,2025-05-21,JOB0007,CON003,Rig,31570.46
COST01754,2025-05-21,JOB0007,CON001,Directional,14832.42
COST01755,2025-05-21,JOB0007,CON001,Fluids,9455.35
COST01756,2025-05-21,JOB0007,CON002,Cementing,6569.74
COST01757,2025-05-21,JOB0007,CON004,Rentals,7681.67
COST01758,2025-05-21,JOB0007,CON006,HSE,4662.67
COST01759,2025-05-22,JOB0007,CON005,Rig,21662.59
COST01760,2025-05-22,JOB0007,CON003,Directional,14268.11
COST01761,2025-05-22,JOB0007,CON005,Fluids,7790.16
COST01762,2025-05-22,JOB0007,CON005,Cementing,5183.47
COST01763,2025-05-22,JOB0007,CON002,Rentals,9632.52
COST01764,2025-05-22,JOB0007,CON002,HSE,3335.42
COST01765,2025-05-23,JOB0007,CON003,Rig,20337.94
COST01766,2025-05-23,JOB0007,CON004,Directional,10882.24
COST01767,2025-05-23,JOB0007,CON001,Fluids,7348.04
COST01768,2025-05-23,JOB0007,CON005,Cementing,6023.95
COST01769,2025-05-23,JOB0007,CON006,Rentals,9081.72
COST01770,2025-05-23,JOB0007,CON005,HSE,3422.55
COST01771,2025-05-24,JOB0007,CON005,Rig,28695.62
COST01772,2025-05-24,JOB0007,CON001,Directional,13525.97
COST01773,2025-05-24,JOB0007,CON002,Fluids,9080.44
COST01774,2025-05-24,JOB0007,CON005,Cementing,5701.15
COST01775,2025-05-24,JOB0007,CON002,Rentals,8761.68
COST01776,2025-05-24,JOB0007,CON005,HSE,4497.12
COST01777,2025-05-25,JOB0007,CON003,Rig,35904.94
COST01778,2025-05-25,JOB0007,CON004,Directional,13879.78
COST01779,2025-05-25,JOB0007,CON003,Fluids,8458.98
COST01780,2025-05-25,JOB0007,CON003,Cementing,4361.55
COST01781,2025-05-25,JOB0007,CON004,Rentals,9938.7
COST01782,2025-05-25,JOB0007,CON002,HSE,3257.18
COST01783,2025-05-26,JOB0007,CON006,Rig,24230.15
COST01784,2025-05-26,JOB0007,CON004,Directional,12255.38
COST01785,2025-05-26,JOB0007,CON006,Fluids,9500.7
COST01786,2025-05-26,JOB0007,CON005,Cementing,4629.77
COST01787,2025-05-26,JOB0007,CON001,Rentals,8204.31
COST01788,2025-05-26,JOB0007,CON003,HSE,4435.19
COST01789,2025-05-27,JOB0007,CON001,Rig,39833.25
COST01790,2025-05-27,JOB0007,CON004,Directional,15021.9
COST01791,2025-05-27,JOB0007,CON004,Fluids,11561.38
COST01792,2025-05-27,JOB0007,CON005,Cementing,5183.73
COST01793,2025-05-27,JOB0007,CON001,Rentals,8828.5
COST01794,2025-05-27,JOB0007,CON001,HSE,4732.17
COST01795,2025-05-28,JOB0007,CON001,Rig,23664.66
COST01796,2025-05-28,JOB0007,CON001,Directional,9419.29
COST01797,2025-05-28,JOB0007,CON001,Fluids,11209.68
COST01798,2025-05-28,JOB0007,CON004,Cementing,4675.5
COST01799,2025-05-28,JOB0007,CON003,Rentals,9475.3
COST01800,2025-05-28,JOB0007,CON002,HSE,3803.23
COST01801,2025-05-29,JOB0007,CON001,Rig,24014.53
COST01802,2025-05-29,JOB0007,CON004,Directional,11790.32
COST01803,2025-05-29,JOB0007,CON004,Fluids,8856.3
COST01804,2025-05-29,JOB0007,CON006,Cementing,5774.81
COST01805,2025-05-29,JOB0007,CON003,Rentals,7083.33
COST01806,2025-05-29,JOB0007,CON001,HSE,4315.79
COST01807,2025-05-30,JOB0007,CON002,Rig,28632.35
COST01808,2025-05-30,JOB0007,CON004,Directional,9664.61
COST01809,2025-05-30,JOB0007,CON003,Fluids,7163.68
COST01810,2025-05-30,JOB0007,CON004,Cementing,4743.62
COST01811,2025-05-30,JOB0007,CON002,Rentals,6375.04
COST01812,2025-05-30,JOB0007,CON003,HSE,3013.27
COST01813,2025-05-31,JOB0007,CON003,Rig,27536.6
COST01814,2025-05-31,JOB0007,CON001,Directional,15553.13
COST01815,2025-05-31,JOB0007,CON004,Fluids,7890.23
COST01816,2025-05-31,JOB0007,CON005,Cementing,4942.64
COST01817,2025-05-31,JOB0007,CON005,Rentals,10273.89
COST01818,2025-05-31,JOB0007,CON005,HSE,5043.21
COST01819,2025-06-01,JOB0007,CON004,Rig,25388.02
COST01820,2025-06-01,JOB0007,CON006,Directional,12710.91
COST01821,2025-06-01,JOB0007,CON004,Fluids,9014.43
COST01822,2025-06-01,JOB0007,CON003,Cementing,5121.53
COST01823,2025-06-01,JOB0007,CON003,Rentals,7734.46
COST01824,2025-06-01,JOB0007,CON006,HSE,3745.22
COST01825,2025-06-02,JOB0007,CON003,Rig,44229.14
COST01826,2025-06-02,JOB0007,CON003,Directional,18484.38
COST01827,2025-06-02,JOB0007,CON004,Fluids,16403.24
COST01828,2025-06-02,JOB0007,CON004,Cementing,8186.52
COST01829,2025-06-02,JOB0007,CON002,Rentals,11555.19
COST01830,2025-06-02,JOB0007,CON003,HSE,5196.1
COST01831,2025-06-03,JOB0007,CON002,Rig,27675.09
COST01832,2025-06-03,JOB0007,CON003,Directional,12857.83
COST01833,2025-06-03,JOB0007,CON003,Fluids,9097.55
COST01834,2025-06-03,JOB0007,CON001,Cementing,3781.44
COST01835,2025-06-03,JOB0007,CON005,Rentals,5799.64
COST01836,2025-06-03,JOB0007,CON006,HSE,4184.68
COST01837,2025-06-04,JOB0007,CON003,Rig,33818.5
COST01838,2025-06-04,JOB0007,CON004,Directional,16855.43
COST01839,2025-06-04,JOB0007,CON005,Fluids,10309.77
COST01840,2025-06-04,JOB0007,CON001,Cementing,6765.09
COST01841,2025-06-04,JOB0007,CON002,Rentals,8678.42
COST01842,2025-06-04,JOB0007,CON001,HSE,4332.59
COST01843,2025-06-05,JOB0007,CON001,Rig,35700.42
COST01844,2025-06-05,JOB0007,CON006,Directional,13443.83
COST01845,2025-06-05,JOB0007,CON002,Fluids,12531.85
COST01846,2025-06-05,JOB0007,CON002,Cementing,8886.7
COST01847,2025-06-05,JOB0007,CON001,Rentals,13175.85
COST01848,2025-06-05,JOB0007,CON002,HSE,5994.97
COST01849,2025-06-06,JOB0007,CON003,Rig,23085.8
COST01850,2025-06-06,JOB0007,CON002,Directional,15885.28
COST01851,2025-06-06,JOB0007,CON004,Fluids,11145.28
COST01852,2025-06-06,JOB0007,CON006,Cementing,5884.05
COST01853,2025-06-06,JOB0007,CON003,Rentals,7457.69
COST01854,2025-06-06,JOB0007,CON006,HSE,3271.61
COST01855,2025-06-07,JOB0007,CON005,Rig,28155.58
COST01856,2025-06-07,JOB0007,CON003,Directional,13894.16
COST01857,2025-06-07,JOB0007,CON005,Fluids,11322.36
COST01858,2025-06-07,JOB0007,CON006,Cementing,5177.16
COST01859,2025-06-07,JOB0007,CON002,Rentals,8689.65
COST01860,2025-06-07,JOB0007,CON001,HSE,4797.31
COST01861,2025-06-08,JOB0007,CON005,Rig,28999.73
COST01862,2025-06-08,JOB0007,CON005,Directional,16045.23
COST01863,2025-06-08,JOB0007,CON005,Fluids,8911.32
COST01864,2025-06-08,JOB0007,CON002,Cementing,7768.29
COST01865,2025-06-08,JOB0007,CON006,Rentals,7220.74
COST01866,2025-06-08,JOB0007,CON003,HSE,5448.19
COST01867,2025-05-11,JOB0008,CON003,Rig,22587.18
COST01868,2025-05-11,JOB0008,CON003,Directional,9139.36
COST01869,2025-05-11,JOB0008,CON006,Fluids,7485.23
COST01870,2025-05-11,JOB0008,CON006,Cementing,3431.04
COST01871,2025-05-11,JOB0008,CON001,Rentals,5564.16
COST01872,2025-05-11,JOB0008,CON004,HSE,3373.12
COST01873,2025-05-12,JOB0008,CON006,Rig,22582.08
COST01874,2025-05-12,JOB0008,CON006,Directional,7763.87
COST01875,2025-05-12,JOB0008,CON002,Fluids,7463.0
COST01876,2025-05-12,JOB0008,CON003,Cementing,4831.39
COST01877,2025-05-12,JOB0008,CON006,Rentals,5173.21
COST01878,2025-05-12,JOB0008,CON001,HSE,3570.44
COST01879,2025-05-13,JOB0008,CON006,Rig,22744.11
COST01880,2025-05-13,JOB0008,CON006,Directional,8708.09
COST01881,2025-05-13,JOB0008,CON006,Fluids,7110.16
COST01882,2025-05-13,JOB0008,CON006,Cementing,4089.39
COST01883,2025-05-13,JOB0008,CON006,Rentals,7888.61
COST01884,2025-05-13,JOB0008,CON003,HSE,3460.8
COST01885,2025-05-14,JOB0008,CON006,Rig,15658.27
COST01886,2025-05-14,JOB0008,CON004,Directional,9981.94
COST01887,2025-05-14,JOB0008,CON003,Fluids,7831.83
COST01888,2025-05-14,JOB0008,CON002,Cementing,3717.79
COST01889,2025-05-14,JOB0008,CON005,Rentals,5312.0
COST01890,2025-05-14,JOB0008,CON002,HSE,2624.4
COST01891,2025-05-15,JOB0008,CON004,Rig,17758.18
COST01892,2025-05-15,JOB0008,CON004,Directional,9526.83
COST01893,2025-05-15,JOB0008,CON001,Fluids,5831.21
COST01894,2025-05-15,JOB0008,CON005,Cementing,4417.57
COST01895,2025-05-15,JOB0008,CON002,Rentals,4569.74
COST01896,2025-05-15,JOB0008,CON004,HSE,3177.92
COST01897,2025-05-16,JOB0008,CON005,Rig,27520.86
COST01898,2025-05-16,JOB0008,CON003,Directional,10635.8
COST01899,2025-05-16,JOB0008,CON002,Fluids,8044.27
COST01900,2025-05-16,JOB0008,CON002,Cementing,5096.85
COST01901,2025-05-16,JOB0008,CON001,Rentals,7343.16
COST01902,2025-05-16,JOB0008,CON006,HSE,3635.31
COST01903,2025-05-17,JOB0008,CON005,Rig,20071.02
COST01904,2025-05-17,JOB0008,CON004,Directional,7163.2
COST01905,2025-05-17,JOB0008,CON003,Fluids,5759.3
COST01906,2025-05-17,JOB0008,CON001,Cementing,4723.21
COST01907,2025-05-17,JOB0008,CON003,Rentals,5091.81
COST01908,2025-05-17,JOB0008,CON003,HSE,3929.23
COST01909,2025-05-18,JOB0008,CON006,Rig,18040.91
COST01910,2025-05-18,JOB0008,CON006,Directional,8905.05
COST01911,2025-05-18,JOB0008,CON005,Fluids,8257.17
COST01912,2025-05-18,JOB0008,CON004,Cementing,4336.77
COST01913,2025-05-18,JOB0008,CON004,Rentals,4470.31
COST01914,2025-05-18,JOB0008,CON001,HSE,3247.83
COST01915,2025-05-19,JOB0008,CON006,Rig,19861.77
COST01916,2025-05-19,JOB0008,CON004,Directional,9588.41
COST01917,2025-05-19,JOB0008,CON003,Fluids,7536.75
COST01918,2025-05-19,JOB0008,CON001,Cementing,3292.05
COST01919,2025-05-19,JOB0008,CON006,Rentals,5326.14
COST01920,2025-05-19,JOB0008,CON002,HSE,2389.68
COST01921,2025-05-20,JOB0008,CON001,Rig,19613.68
COST01922,2025-05-20,JOB0008,CON002,Directional,11174.95
COST01923,2025-05-20,JOB0008,CON002,Fluids,6702.59
COST01924,2025-05-20,JOB0008,CON002,Cementing,5081.91
COST01925,2025-05-20,JOB0008,CON003,Rentals,5202.58
COST01926,2025-05-20,JOB0008,CON005,HSE,3580.85
COST01927,2025-05-21,JOB0008,CON003,Rig,19614.62
COST01928,2025-05-21,JOB0008,CON005,Directional,7366.27
COST01929,2025-05-21,JOB0008,CON002,Fluids,5979.79
COST01930,2025-05-21,JOB0008,CON001,Cementing,3869.22
COST01931,2025-05-21,JOB0008,CON006,Rentals,6104.93
COST01932,2025-05-21,JOB0008,CON006,HSE,3020.62
COST01933,2025-05-22,JOB0008,CON004,Rig,19582.3
COST01934,2025-05-22,JOB0008,CON002,Directional,11467.34
COST01935,2025-05-22,JOB0008,CON005,Fluids,7469.55
COST01936,2025-05-22,JOB0008,CON002,Cementing,5121.31
COST01937,2025-05-22,JOB0008,CON005,Rentals,6772.05
COST01938,2025-05-22,JOB0008,CON005,HSE,4378.43
COST01939,2025-05-23,JOB0008,CON005,Rig,21781.21
COST01940,2025-05-23,JOB0008,CON001,Directional,10067.56
COST01941,2025-05-23,JOB0008,CON006,Fluids,5950.72
COST01942,2025-05-23,JOB0008,CON001,Cementing,4005.33
COST01943,2025-05-23,JOB0008,CON006,Rentals,5936.14
COST01944,2025-05-23,JOB0008,CON005,HSE,2923.59
COST01945,2025-05-24,JOB0008,CON001,Rig,19393.93
COST01946,2025-05-24,JOB0008,CON003,Directional,7227.24
COST01947,2025-05-24,JOB0008,CON004,Fluids,5533.53
COST01948,2025-05-24,JOB0008,CON005,Cementing,3902.88
COST01949,2025-05-24,JOB0008,CON005,Rentals,5375.63
COST01950,2025-05-24,JOB0008,CON002,HSE,2862.89
COST01951,2025-05-25,JOB0008,CON003,Rig,20860.87
COST01952,2025-05-25,JOB0008,CON002,Directional,9982.84
COST01953,2025-05-25,JOB0008,CON002,Fluids,7698.42
COST01954,2025-05-25,JOB0008,CON006,Cementing,4781.09
COST01955,2025-05-25,JOB0008,CON001,Rentals,5995.82
COST01956,2025-05-25,JOB0008,CON005,HSE,3671.01
COST01957,2025-05-26,JOB0008,CON002,Rig,17266.36
COST01958,2025-05-26,JOB0008,CON001,Directional,7689.57
COST01959,2025-05-26,JOB0008,CON005,Fluids,6396.17
COST01960,2025-05-26,JOB0008,CON006,Cementing,3716.51
COST01961,2025-05-26,JOB0008,CON003,Rentals,6964.25
COST01962,2025-05-26,JOB0008,CON005,HSE,3681.98
COST01963,2025-05-27,JOB0008,CON005,Rig,19827.87
COST01964,2025-05-27,JOB0008,CON003,Directional,8114.62
COST01965,2025-05-27,JOB0008,CON001,Fluids,8062.67
COST01966,2025-05-27,JOB0008,CON001,Cementing,3828.23
COST01967,2025-05-27,JOB0008,CON004,Rentals,5978.85
COST01968,2025-05-27,JOB0008,CON001,HSE,3131.8
COST01969,2025-05-28,JOB0008,CON002,Rig,18110.32
COST01970,2025-05-28,JOB0008,CON002,Directional,10432.78
COST01971,2025-05-28,JOB0008,CON005,Fluids,8426.07
COST01972,2025-05-28,JOB0008,CON003,Cementing,4019.86
COST01973,2025-05-28,JOB0008,CON003,Rentals,5922.83
COST01974,2025-05-28,JOB0008,CON002,HSE,3628.92
COST01975,2025-05-29,JOB0008,CON004,Rig,21007.94
COST01976,2025-05-29,JOB0008,CON002,Directional,6970.36
COST01977,2025-05-29,JOB0008,CON005,Fluids,7932.86
COST01978,2025-05-29,JOB0008,CON001,Cementing,4316.81
COST01979,2025-05-29,JOB0008,CON003,Rentals,5698.34
COST01980,2025-05-29,JOB0008,CON002,HSE,2788.05
COST01981,2025-05-30,JOB0008,CON005,Rig,35001.43
COST01982,2025-05-30,JOB0008,CON002,Directional,14535.17
COST01983,2025-05-30,JOB0008,CON001,Fluids,9654.77
COST01984,2025-05-30,JOB0008,CON001,Cementing,5174.04
COST01985,2025-05-30,JOB0008,CON006,Rentals,7491.28
COST01986,2025-05-30,JOB0008,CON003,HSE,4194.13
COST01987,2025-05-31,JOB0008,CON003,Rig,18264.6
COST01988,2025-05-31,JOB0008,CON001,Directional,9147.4
COST01989,2025-05-31,JOB0008,CON005,Fluids,5674.48
COST01990,2025-05-31,JOB0008,CON006,Cementing,4015.49
COST01991,2025-05-31,JOB0008,CON002,Rentals,5375.5
COST01992,2025-05-31,JOB0008,CON002,HSE,2929.09
COST01993,2025-06-01,JOB0008,CON001,Rig,21133.96
COST01994,2025-06-01,JOB0008,CON004,Directional,10846.68
COST01995,2025-06-01,JOB0008,CON003,Fluids,9215.57
COST01996,2025-06-01,JOB0008,CON003,Cementing,5077.75
COST01997,2025-06-01,JOB0008,CON003,Rentals,6907.85
COST01998,2025-06-01,JOB0008,CON005,HSE,3363.57
COST01999,2025-06-02,JOB0008,CON004,Rig,20549.56
COST02000,2025-06-02,JOB0008,CON001,Directional,7703.22
COST02001,2025-06-02,JOB0008,CON006,Fluids,7166.11
COST02002,2025-06-02,JOB0008,CON001,Cementing,3136.54
COST02003,2025-06-02,JOB0008,CON003,Rentals,7124.08
COST02004,2025-06-02,JOB0008,CON001,HSE,2546.82
COST02005,2025-06-03,JOB0008,CON002,Rig,17716.52
COST02006,2025-06-03,JOB0008,CON001,Directional,6689.11
COST02007,2025-06-03,JOB0008,CON004,Fluids,6053.49
COST02008,2025-06-03,JOB0008,CON006,Cementing,3990.02
COST02009,2025-06-03,JOB0008,CON002,Rentals,5582.48
COST02010,2025-06-03,JOB0008,CON003,HSE,3125.03
COST02011,2025-06-04,JOB0008,CON004,Rig,18625.47
COST02012,2025-06-04,JOB0008,CON003,Directional,6286.48
COST02013,2025-06-04,JOB0008,CON006,Fluids,7588.59
COST02014,2025-06-04,JOB0008,CON003,Cementing,3155.08
COST02015,2025-06-04,JOB0008,CON003,Rentals,4167.98
COST02016,2025-06-04,JOB0008,CON006,HSE,2261.52
COST02017,2025-06-05,JOB0008,CON002,Rig,23650.47
COST02018,2025-06-05,JOB0008,CON003,Directional,10160.29
COST02019,2025-06-05,JOB0008,CON006,Fluids,6521.52
COST02020,2025-06-05,JOB0008,CON005,Cementing,4354.3
COST02021,2025-06-05,JOB0008,CON005,Rentals,6085.59
COST02022,2025-06-05,JOB0008,CON006,HSE,3602.37
COST02023,2025-06-06,JOB0008,CON004,Rig,22277.92
COST02024,2025-06-06,JOB0008,CON002,Directional,9776.64
COST02025,2025-06-06,JOB0008,CON002,Fluids,8495.2
COST02026,2025-06-06,JOB0008,CON004,Cementing,4904.13
COST02027,2025-06-06,JOB0008,CON002,Rentals,6397.68
COST02028,2025-06-06,JOB0008,CON001,HSE,3759.13
COST02029,2025-06-07,JOB0008,CON002,Rig,34689.71
COST02030,2025-06-07,JOB0008,CON005,Directional,11926.81
COST02031,2025-06-07,JOB0008,CON005,Fluids,9583.34
COST02032,2025-06-07,JOB0008,CON005,Cementing,4639.84
COST02033,2025-06-07,JOB0008,CON005,Rentals,10317.67
COST02034,2025-06-07,JOB0008,CON005,HSE,4359.29
COST02035,2025-06-08,JOB0008,CON001,Rig,20842.75
COST02036,2025-06-08,JOB0008,CON004,Directional,8879.83
COST02037,2025-06-08,JOB0008,CON003,Fluids,6736.74
COST02038,2025-06-08,JOB0008,CON002,Cementing,3672.72
COST02039,2025-06-08,JOB0008,CON005,Rentals,6583.46
COST02040,2025-06-08,JOB0008,CON005,HSE,2911.44
COST02041,2025-06-09,JOB0008,CON006,Rig,22815.75
COST02042,2025-06-09,JOB0008,CON004,Directional,8380.88
COST02043,2025-06-09,JOB0008,CON006,Fluids,5998.0
COST02044,2025-06-09,JOB0008,CON006,Cementing,4295.04
COST02045,2025-06-09,JOB0008,CON002,Rentals,5520.53
COST02046,2025-06-09,JOB0008,CON003,HSE,3266.51
COST02047,2025-06-10,JOB0008,CON005,Rig,17417.76
COST02048,2025-06-10,JOB0008,CON003,Directional,11102.61
COST02049,2025-06-10,JOB0008,CON001,Fluids,8288.15
COST02050,2025-06-10,JOB0008,CON003,Cementing,3279.25
COST02051,2025-06-10,JOB0008,CON001,Rentals,5443.28
COST02052,2025-06-10,JOB0008,CON001,HSE,2581.18
COST02053,2025-06-11,JOB0008,CON002,Rig,17165.38
COST02054,2025-06-11,JOB0008,CON004,Directional,7561.02
COST02055,2025-06-11,JOB0008,CON002,Fluids,6396.12
COST02056,2025-06-11,JOB0008,CON003,Cementing,5093.35
COST02057,2025-06-11,JOB0008,CON006,Rentals,5266.53
COST02058,2025-06-11,JOB0008,CON003,HSE,3570.2
COST02059,2025-06-12,JOB0008,CON001,Rig,16282.7
COST02060,2025-06-12,JOB0008,CON005,Directional,8522.85
COST02061,2025-06-12,JOB0008,CON005,Fluids,7332.09
COST02062,2025-06-12,JOB0008,CON005,Cementing,4287.06
COST02063,2025-06-12,JOB0008,CON002,Rentals,6643.08
COST02064,2025-06-12,JOB0008,CON005,HSE,2194.58
COST02065,2025-06-13,JOB0008,CON006,Rig,22530.99
COST02066,2025-06-13,JOB0008,CON003,Directional,8207.25
COST02067,2025-06-13,JOB0008,CON001,Fluids,6460.97
COST02068,2025-06-13,JOB0008,CON005,Cementing,4561.8
COST02069,2025-06-13,JOB0008,CON001,Rentals,6594.12
COST02070,2025-06-13,JOB0008,CON003,HSE,4167.37
COST02071,2025-06-14,JOB0008,CON003,Rig,17774.59
COST02072,2025-06-14,JOB0008,CON005,Directional,7908.35
COST02073,2025-06-14,JOB0008,CON006,Fluids,6454.71
COST02074,2025-06-14,JOB0008,CON006,Cementing,4557.1
COST02075,2025-06-14,JOB0008,CON001,Rentals,4657.7
COST02076,2025-06-14,JOB0008,CON001,HSE,3440.76
COST02077,2025-06-15,JOB0008,CON006,Rig,37344.1
COST02078,2025-06-15,JOB0008,CON006,Directional,14867.35
COST02079,2025-06-15,JOB0008,CON005,Fluids,8281.32
COST02080,2025-06-15,JOB0008,CON002,Cementing,7317.19
COST02081,2025-06-15,JOB0008,CON002,Rentals,10313.06
COST02082,2025-06-15,JOB0008,CON002,HSE,5866.26
COST02083,2025-06-16,JOB0008,CON005,Rig,21660.08
COST02084,2025-06-16,JOB0008,CON005,Directional,9824.89
COST02085,2025-06-16,JOB0008,CON005,Fluids,7387.89
COST02086,2025-06-16,JOB0008,CON001,Cementing,4306.91
COST02087,2025-06-16,JOB0008,CON003,Rentals,5018.97
COST02088,2025-06-16,JOB0008,CON006,HSE,2469.96
COST02089,2025-06-17,JOB0008,CON001,Rig,24267.4
COST02090,2025-06-17,JOB0008,CON002,Directional,10045.42
COST02091,2025-06-17,JOB0008,CON006,Fluids,8389.8
COST02092,2025-06-17,JOB0008,CON005,Cementing,4676.03
COST02093,2025-06-17,JOB0008,CON005,Rentals,7499.47
COST02094,2025-06-17,JOB0008,CON002,HSE,3794.62
COST02095,2025-06-18,JOB0008,CON004,Rig,25208.35
COST02096,2025-06-18,JOB0008,CON006,Directional,8886.72
COST02097,2025-06-18,JOB0008,CON004,Fluids,6641.71
COST02098,2025-06-18,JOB0008,CON003,Cementing,4038.11
COST02099,2025-06-18,JOB0008,CON002,Rentals,4685.49
COST02100,2025-06-18,JOB0008,CON005,HSE,3385.03
COST02101,2025-06-19,JOB0008,CON006,Rig,29967.93
COST02102,2025-06-19,JOB0008,CON005,Directional,13553.18
COST02103,2025-06-19,JOB0008,CON003,Fluids,10808.27
COST02104,2025-06-19,JOB0008,CON005,Cementing,5921.38
COST02105,2025-06-19,JOB0008,CON006,Rentals,7307.45
COST02106,2025-06-19,JOB0008,CON001,HSE,3462.83
COST02107,2025-06-20,JOB0008,CON003,Rig,20749.8
COST02108,2025-06-20,JOB0008,CON004,Directional,10330.31
COST02109,2025-06-20,JOB0008,CON003,Fluids,6035.16
COST02110,2025-06-20,JOB0008,CON005,Cementing,3222.79
COST02111,2025-06-20,JOB0008,CON006,Rentals,6427.54
COST02112,2025-06-20,JOB0008,CON006,HSE,3209.39
COST02113,2025-06-21,JOB0008,CON004,Rig,21546.87
COST02114,2025-06-21,JOB0008,CON005,Directional,10699.43
COST02115,2025-06-21,JOB0008,CON006,Fluids,6562.53
COST02116,2025-06-21,JOB0008,CON004,Cementing,3062.51
COST02117,2025-06-21,JOB0008,CON001,Rentals,6771.35
COST02118,2025-06-21,JOB0008,CON006,HSE,2789.38
