date,job_id,well_id,well_name,basin,region,well_type,rig_id,rig_name,contractor_id,contractor_name,operation_phase,afe_budget_cad,actual_cost_cad,cumulative_actual_cost_cad,cost_variance_cad,cost_variance_pct,planned_days,elapsed_days,schedule_variance_days,drilling_days,depth_drilled_m,cumulative_depth_m,target_depth_m,progress_pct,productive_hours,rig_available_hours,rig_utilization_pct,npt_hours,npt_pct,npt_cost_impact_cad,hse_incident_count,recordable_count,lost_time_count,cost_per_meter_cad,forecast_final_cost_cad,forecast_variance_cad,risk_flag
2025-01-07,JOB0001,WELL001,Prairie Dawn 01,Williston,Saskatchewan,Horizontal,RIG001,Rig 12,CON001,Northstar Drilling Services,Surface,4216509.87,76282.55,76282.55,44371.5144,0.0,42,1,0.6821,1,26.11,26.11,3450,0.0076,18.98,24.0,0.7908,5.02,0.2092,32263.73,0.0,0.0,0.0,2921.5837,4216509.87,0.0,Normal
2025-01-08,JOB0001,WELL001,Prairie Dawn 01,Williston,Saskatchewan,Horizontal,RIG001,Rig 12,CON001,Northstar Drilling Services,Surface,4216509.87,61228.98,137511.53,77.7518,0.0,42,2,0.631,2,86.34,112.45,3450,0.0326,20.35,24.0,0.8479,0.0,0.0,0.0,0.0,0.0,0.0,1222.8682,4216509.87,0.0,Normal
2025-01-09,JOB0001,WELL001,Prairie Dawn 01,Williston,Saskatchewan,Horizontal,RIG001,Rig 12,CON001,Northstar Drilling Services,Surface,4216509.87,65900.48,203412.01,22590.9563,0.0,42,3,1.1989,3,35.5,147.95,3450,0.0429,21.44,24.0,0.8933,0.0,0.0,0.0,0.0,0.0,0.0,1374.87,4216509.87,0.0,Normal
2025-01-10,JOB0001,WELL001,Prairie Dawn 01,Williston,Saskatchewan,Horizontal,RIG001,Rig 12,CON001,Northstar Drilling Services,Surface,4216509.87,53796.08,257208.09,1345.3824,0.0,42,4,1.4514,4,61.4,209.35,3450,0.0607,21.37,24.0,0.8904,0.0,0.0,0.0,0.0,0.0,0.0,1228.6032,4216509.87,0.0,Normal
2025-01-11,JOB0001,WELL001,Prairie Dawn 01,Williston,Saskatchewan,Horizontal,RIG001,Rig 12,CON001,Northstar Drilling Services,Intermediate,4216509.87,77096.39,334304.48,-38019.4524,0.0,42,5,1.2913,5,95.29,304.64,3450,0.0883,17.23,24.0,0.7179,6.34,0.2642,37318.44,0.0,0.0,0.0,1097.3755,4216509.87,0.0,Medium
2025-01-12,JOB0001,WELL001,Prairie Dawn 01,Williston,Saskatchewan,Horizontal,RIG001,Rig 12,CON001,Northstar Drilling Services,Intermediate,4216509.87,64120.69,398425.17,-14523.9184,0.0,42,6,1.8867,6,33.24,337.88,3450,0.0979,21.75,24.0,0.9062,0.0,0.0,0.0,1.0,0.0,0.0,1179.1913,4216509.87,0.0,Normal
2025-01-13,JOB0001,WELL001,Prairie Dawn 01,Williston,Saskatchewan,Horizontal,RIG001,Rig 12,CON001,Northstar Drilling Services,Intermediate,4216509.87,82837.65,481262.82,-2670.2954,-0.0055,42,7,2.1796,7,58.08,395.96,3450,0.1148,13.38,24.0,0.5575,8.93,0.3721,78512.43,0.0,0.0,0.0,1215.4329,4193243.5827,-23266.2873,Medium
2025-01-14,JOB0001,WELL001,Prairie Dawn 01,Williston,Saskatchewan,Horizontal,RIG001,Rig 12,CON001,Northstar Drilling Services,Intermediate,4216509.87,64244.43,545507.25,-73965.2696,-0.1194,42,8,1.8295,8,110.9,506.86,3450,0.1469,18.36,24.0,0.765,3.28,0.1367,18301.25,0.0,0.0,0.0,1076.2484,3713056.8845,-503452.9855,Normal
2025-01-15,JOB0001,WELL001,Prairie Dawn 01,Williston,Saskatchewan,Horizontal,RIG001,Rig 12,CON001,Northstar Drilling Services,Intermediate,4216509.87,57622.38,603129.63,-160180.8741,-0.2099,42,9,1.3968,9,117.69,624.55,3450,0.181,23.66,24.0,0.9858,0.0,0.0,0.0,0.0,0.0,0.0,965.7027,3331674.3631,-884835.5069,Normal
2025-01-16,JOB0001,WELL001,Prairie Dawn 01,Williston,Saskatchewan,Horizontal,RIG001,Rig 12,CON001,Northstar Drilling Services,Intermediate,4216509.87,77318.52,680448.15,-159896.1562,-0.1903,42,10,1.6295,10,63.03,687.58,3450,0.1993,17.87,24.0,0.7446,4.62,0.1925,43098.17,0.0,0.0,0.0,989.6276,3414215.244,-802294.626,Normal
2025-01-17,JOB0001,WELL001,Prairie Dawn 01,Williston,Saskatchewan,Horizontal,RIG001,Rig 12,CON001,Northstar Drilling Services,Intermediate,4216509.87,62714.13,743162.28,-153842.1414,-0.1715,42,11,2.0651,11,46.36,733.94,3450,0.2127,23.04,24.0,0.96,0.0,0.0,0.0,0.0,0.0,0.0,1012.5654,3493350.7725,-723159.0975,Medium
2025-01-18,JOB0001,WELL001,Prairie Dawn 01,Williston,Saskatchewan,Horizontal,RIG001,Rig 12,CON001,Northstar Drilling Services,Intermediate,4216509.87,73795.48,816957.76,-191936.9451,-0.1902,42,12,1.9506,12,91.55,825.49,3450,0.2393,15.28,24.0,0.6367,5.56,0.2317,30876.32,0.0,0.0,0.0,989.664,3414340.903,-802168.967,Normal
2025-01-19,JOB0001,WELL001,Prairie Dawn 01,Williston,Saskatchewan,Horizontal,RIG001,Rig 12,CON001,Northstar Drilling Services,Intermediate,4216509.87,72790.05,889747.81,-224034.1058,-0.2011,42,13,1.9058,13,85.82,911.31,3450,0.2641,19.52,24.0,0.8133,0.0,0.0,0.0,0.0,0.0,0.0,976.3393,3368370.746,-848139.124,Normal
2025-01-20,JOB0001,WELL001,Prairie Dawn 01,Williston,Saskatchewan,Horizontal,RIG001,Rig 12,CON001,Northstar Drilling Services,Intermediate,4216509.87,60150.18,949897.99,-305020.8997,-0.2431,42,14,1.4999,14,115.48,1026.79,3450,0.2976,19.0,24.0,0.7917,0.0,0.0,0.0,0.0,0.0,0.0,925.1142,3191643.9248,-1024865.9452,Normal
2025-01-21,JOB0001,WELL001,Prairie Dawn 01,Williston,Saskatchewan,Horizontal,RIG001,Rig 12,CON001,Northstar Drilling Services,Intermediate,4216509.87,58061.32,1007959.31,-447139.9135,-0.3073,42,15,0.506,15,163.79,1190.58,3450,0.3451,21.23,24.0,0.8846,0.0,0.0,0.0,0.0,0.0,0.0,846.612,2920811.3856,-1295698.4844,Normal
2025-01-22,JOB0001,WELL001,Prairie Dawn 01,Williston,Saskatchewan,Horizontal,RIG001,Rig 12,CON001,Northstar Drilling Services,Intermediate,4216509.87,59456.72,1067416.03,-454328.493,-0.2986,42,16,0.8421,16,54.53,1245.11,3450,0.3609,22.15,24.0,0.9229,0.0,0.0,0.0,1.0,0.0,0.0,857.2865,2957638.5247,-1258871.3453,Normal
2025-01-23,JOB0001,WELL001,Prairie Dawn 01,Williston,Saskatchewan,Horizontal,RIG001,Rig 12,CON001,Northstar Drilling Services,Intermediate,4216509.87,98991.43,1166407.46,-472238.2714,-0.2882,42,17,0.6777,17,95.65,1340.76,3450,0.3886,10.75,24.0,0.4479,11.58,0.4825,84827.9,0.0,0.0,0.0,869.9599,3001361.718,-1215148.152,Medium
2025-01-24,JOB0001,WELL001,Prairie Dawn 01,Williston,Saskatchewan,Horizontal,RIG001,Rig 12,CON001,Northstar Drilling Services,Intermediate,4216509.87,63530.72,1229938.18,-548536.7961,-0.3084,42,18,0.2849,18,114.41,1455.17,3450,0.4218,18.15,24.0,0.7562,3.23,0.1346,29739.68,0.0,0.0,0.0,845.2196,2916007.5599,-1300502.3101,Normal
2025-01-25,JOB0001,WELL001,Prairie Dawn 01,Williston,Saskatchewan,Horizontal,RIG001,Rig 12,CON001,Northstar Drilling Services,Intermediate,4216509.87,49858.57,1279796.75,-561791.4347,-0.3051,42,19,0.6562,19,51.64,1506.81,3450,0.4368,21.51,24.0,0.8963,0.0,0.0,0.0,0.0,0.0,0.0,849.3418,2930229.2841,-1286280.5859,Normal
2025-01-26,JOB0001,WELL001,Prairie Dawn 01,Williston,Saskatchewan,Horizontal,RIG001,Rig 12,CON001,Northstar Drilling Services,Intermediate,4216509.87,63158.46,1342955.21,-603336.8589,-0.31,42,20,0.6133,20,85.67,1592.48,3450,0.4616,17.45,24.0,0.7271,0.0,0.0,0.0,0.0,0.0,0.0,843.3106,2909421.4524,-1307088.4176,Normal
2025-01-27,JOB0001,WELL001,Prairie Dawn 01,Williston,Saskatchewan,Horizontal,RIG001,Rig 12,CON001,Northstar Drilling Services,Intermediate,4216509.87,56388.11,1399343.32,-785872.0865,-0.3596,42,21,-0.7666,21,195.49,1787.97,3450,0.5183,22.86,24.0,0.9525,0.0,0.0,0.0,0.0,0.0,0.0,782.6436,2700120.502,-1516389.368,Normal
2025-01-28,JOB0001,WELL001,Prairie Dawn 01,Williston,Saskatchewan,Horizontal,RIG001,Rig 12,CON001,Northstar Drilling Services,Intermediate,4216509.87,85828.37,1485171.69,-734570.2103,-0.3309,42,22,-0.1105,22,28.25,1816.22,3450,0.5264,10.05,24.0,0.4188,12.08,0.5033,93897.92,0.0,0.0,0.0,817.7268,2821157.3105,-1395352.5595,Medium
2025-01-29,JOB0001,WELL001,Prairie Dawn 01,Williston,Saskatchewan,Horizontal,RIG001,Rig 12,CON001,Northstar Drilling Services,Intermediate,4216509.87,73013.83,1558185.52,-742953.3535,-0.3229,42,23,0.0787,23,66.6,1882.82,3450,0.5457,18.01,24.0,0.7504,4.18,0.1742,30305.06,0.0,0.0,0.0,827.5807,2855153.4634,-1361356.4066,Normal
2025-01-30,JOB0001,WELL001,Prairie Dawn 01,Williston,Saskatchewan,Horizontal,RIG001,Rig 12,CON001,Northstar Drilling Services,Intermediate,4216509.87,80870.82,1639056.34,-783493.5742,-0.3234,42,24,-0.1306,24,99.34,1982.16,3450,0.5745,14.44,24.0,0.6017,6.73,0.2804,62149.58,0.0,0.0,0.0,826.9042,2852819.335,-1363690.535,Medium
2025-01-31,JOB0001,WELL001,Prairie Dawn 01,Williston,Saskatchewan,Horizontal,RIG001,Rig 12,CON001,Northstar Drilling Services,Intermediate,4216509.87,57172.03,1696228.37,-906091.5259,-0.3482,42,25,-0.9213,25,147.09,2129.25,3450,0.6172,21.03,24.0,0.8762,0.0,0.0,0.0,0.0,0.0,0.0,796.6319,2748379.888,-1468129.982,Normal
2025-02-01,JOB0001,WELL001,Prairie Dawn 01,Williston,Saskatchewan,Horizontal,RIG001,Rig 12,CON001,Northstar Drilling Services,Intermediate,4216509.87,63931.65,1760160.02,-867275.6086,-0.3301,42,26,-0.1715,26,20.55,2149.8,3450,0.6231,20.49,24.0,0.8537,0.0,0.0,0.0,0.0,0.0,0.0,818.7552,2824705.5861,-1391804.2839,Normal
2025-02-02,JOB0001,WELL001,Prairie Dawn 01,Williston,Saskatchewan,Horizontal,RIG001,Rig 12,CON001,Northstar Drilling Services,Intermediate,4216509.87,54395.63,1814555.65,-881651.8656,-0.327,42,27,0.1435,27,56.27,2206.07,3450,0.6394,22.29,24.0,0.9288,0.0,0.0,0.0,0.0,0.0,0.0,822.5286,2837723.6409,-1378786.2291,Normal
2025-02-03,JOB0001,WELL001,Prairie Dawn 01,Williston,Saskatchewan,Horizontal,RIG001,Rig 12,CON001,Northstar Drilling Services,Intermediate,4216509.87,57679.74,1872235.39,-1045455.0006,-0.3583,42,28,-1.0627,28,181.22,2387.29,3450,0.692,18.99,24.0,0.7912,0.0,0.0,0.0,0.0,0.0,0.0,784.2513,2705667.1353,-1510842.7347,Normal
2025-02-04,JOB0001,WELL001,Prairie Dawn 01,Williston,Saskatchewan,Horizontal,RIG001,Rig 12,CON001,Northstar Drilling Services,Intermediate,4216509.87,64043.85,1936279.24,-1074076.5936,-0.3568,42,29,-0.9857,29,75.82,2463.11,3450,0.7139,19.7,24.0,0.8208,3.1,0.1292,23536.61,1.0,0.0,0.0,786.1116,2712084.8756,-1504424.9944,Normal
2025-02-05,JOB0001,WELL001,Prairie Dawn 01,Williston,Saskatchewan,Horizontal,RIG001,Rig 12,CON001,Northstar Drilling Services,Production,4216509.87,64430.02,2000709.26,-1057054.8107,-0.3457,42,30,-0.4579,30,38.79,2501.9,3450,0.7252,19.94,24.0,0.8308,0.0,0.0,0.0,0.0,0.0,0.0,799.676,2758882.0285,-1457627.8415,Normal
2025-02-06,JOB0001,WELL001,Prairie Dawn 01,Williston,Saskatchewan,Horizontal,RIG001,Rig 12,CON001,Northstar Drilling Services,Production,4216509.87,67273.01,2067982.27,-1259247.3358,-0.3785,42,31,-2.142,31,220.48,2722.38,3450,0.7891,19.85,24.0,0.8271,0.0,0.0,0.0,0.0,0.0,0.0,759.6229,2620699.1057,-1595810.7643,Normal
2025-02-07,JOB0001,WELL001,Prairie Dawn 01,Williston,Saskatchewan,Horizontal,RIG001,Rig 12,CON001,Northstar Drilling Services,Production,4216509.87,57733.14,2125715.41,-1285159.9742,-0.3768,42,32,-1.9752,32,68.44,2790.82,3450,0.8089,21.14,24.0,0.8808,0.0,0.0,0.0,0.0,0.0,0.0,761.6813,2627800.4904,-1588709.3796,Normal
2025-02-08,JOB0001,WELL001,Prairie Dawn 01,Williston,Saskatchewan,Horizontal,RIG001,Rig 12,CON001,Northstar Drilling Services,Production,4216509.87,61743.82,2187459.23,-1298201.151,-0.3724,42,33,-1.7201,33,61.19,2852.01,3450,0.8267,22.92,24.0,0.955,0.0,0.0,0.0,0.0,0.0,0.0,766.9886,2646110.7582,-1570399.1118,Normal
2025-02-09,JOB0001,WELL001,Prairie Dawn 01,Williston,Saskatchewan,Horizontal,RIG001,Rig 12,CON001,Northstar Drilling Services,Production,4216509.87,56256.81,2243716.04,-1481197.6662,-0.3976,42,34,-3.1033,34,195.76,3047.77,3450,0.8834,19.68,24.0,0.82,0.0,0.0,0.0,0.0,0.0,0.0,736.1829,2539830.8724,-1676678.9976,Normal
2025-02-10,JOB0001,WELL001,Prairie Dawn 01,Williston,Saskatchewan,Horizontal,RIG001,Rig 12,CON001,Northstar Drilling Services,Production,4216509.87,69208.11,2312924.15,-1578865.5729,-0.4057,42,35,-3.7655,35,136.54,3184.31,3450,0.923,15.97,24.0,0.6654,5.73,0.2388,40431.66,0.0,0.0,0.0,726.3502,2505908.13,-1710601.74,Normal
2025-02-11,JOB0001,WELL001,Prairie Dawn 01,Williston,Saskatchewan,Horizontal,RIG001,Rig 12,CON001,Northstar Drilling Services,Production,4216509.87,64718.7,2377642.85,-1556874.173,-0.3957,42,36,-3.1911,36,34.96,3219.27,3450,0.9331,18.06,24.0,0.7525,4.94,0.2058,30629.68,0.0,0.0,0.0,738.5658,2548052.1461,-1668457.7239,Normal
2025-02-12,JOB0001,WELL001,Prairie Dawn 01,Williston,Saskatchewan,Horizontal,RIG001,Rig 12,CON001,Northstar Drilling Services,Production,4216509.87,63599.59,2441242.44,-1655335.2232,-0.4041,42,37,-3.8054,37,132.6,3351.87,3450,0.9716,18.42,24.0,0.7675,0.0,0.0,0.0,0.0,0.0,0.0,728.3225,2512712.7299,-1703797.1401,Normal
2025-02-13,JOB0001,WELL001,Prairie Dawn 01,Williston,Saskatchewan,Horizontal,RIG001,Rig 12,CON001,Northstar Drilling Services,Production,4216509.87,68854.41,2510096.85,-1650755.0897,-0.3967,42,38,-3.4456,38,52.59,3404.46,3450,0.9868,18.89,24.0,0.7871,0.0,0.0,0.0,0.0,0.0,0.0,737.2966,2543673.3381,-1672836.5319,Normal
2025-02-14,JOB0001,WELL001,Prairie Dawn 01,Williston,Saskatchewan,Horizontal,RIG001,Rig 12,CON001,Northstar Drilling Services,Production,4216509.87,54770.4,2564867.25,-1651642.62,-0.3917,42,39,-3.0,39,45.55,3450.01,3450,1.0,19.7,24.0,0.8208,0.0,0.0,0.0,0.0,0.0,0.0,743.4376,2564867.25,-1651642.62,Normal
2025-01-21,JOB0002,WELL002,Red River 02,Williston,Manitoba,Horizontal,RIG002,Rig 18,CON002,Prairie Directional,Surface,3815248.57,67133.85,67133.85,-35889.4227,0.0,43,1,-0.1611,1,89.11,89.11,3300,0.027,18.89,24.0,0.7871,3.64,0.1517,24990.15,0.0,0.0,0.0,753.3818,3815248.57,0.0,Normal
2025-01-22,JOB0002,WELL002,Red River 02,Williston,Manitoba,Horizontal,RIG002,Rig 18,CON002,Prairie Directional,Surface,3815248.57,82495.19,149629.04,-48879.4992,0.0,43,2,-0.2373,2,82.59,171.7,3300,0.052,12.3,24.0,0.5125,11.7,0.4875,74742.97,0.0,0.0,0.0,871.4563,3815248.57,0.0,Medium
2025-01-23,JOB0002,WELL002,Red River 02,Williston,Manitoba,Horizontal,RIG002,Rig 18,CON002,Prairie Directional,Surface,3815248.57,59402.22,209031.26,-99761.0856,0.0,43,3,-0.4803,3,95.39,267.09,3300,0.0809,23.04,24.0,0.96,0.0,0.0,0.0,0.0,0.0,0.0,782.6248,3815248.57,0.0,Normal
2025-01-24,JOB0002,WELL002,Red River 02,Williston,Manitoba,Horizontal,RIG002,Rig 18,CON002,Prairie Directional,Surface,3815248.57,73277.89,282309.15,-133622.3123,-0.3213,43,4,-0.6878,4,92.67,359.76,3300,0.109,16.74,24.0,0.6975,4.79,0.1996,44450.44,0.0,0.0,0.0,784.7152,2589560.2485,-1225688.3215,Normal
2025-01-25,JOB0002,WELL002,Red River 02,Williston,Manitoba,Horizontal,RIG002,Rig 18,CON002,Prairie Directional,Intermediate,3815248.57,92820.25,375129.4,-178151.0108,-0.322,43,5,-1.2358,5,118.8,478.56,3300,0.145,10.32,24.0,0.43,11.17,0.4654,79617.4,0.0,0.0,0.0,783.8712,2586774.9498,-1228473.6202,Medium
2025-01-26,JOB0002,WELL002,Red River 02,Williston,Manitoba,Horizontal,RIG002,Rig 18,CON002,Prairie Directional,Intermediate,3815248.57,64893.53,440022.93,-164058.0936,-0.2716,43,6,-0.8083,6,43.94,522.5,3300,0.1583,18.01,24.0,0.7504,0.0,0.0,0.0,0.0,0.0,0.0,842.1491,2779092.1895,-1036156.3805,Normal
2025-01-27,JOB0002,WELL002,Red River 02,Williston,Manitoba,Horizontal,RIG002,Rig 18,CON002,Prairie Directional,Intermediate,3815248.57,83290.08,523313.01,-221550.6858,-0.2974,43,7,-1.395,7,121.77,644.27,3300,0.1952,18.85,24.0,0.7854,3.48,0.145,32138.98,0.0,0.0,0.0,812.2573,2680449.0866,-1134799.4834,Normal
2025-01-28,JOB0002,WELL002,Red River 02,Williston,Manitoba,Horizontal,RIG002,Rig 18,CON002,Prairie Directional,Intermediate,3815248.57,80565.07,603878.08,-176883.6365,-0.2266,43,8,-0.7996,8,31.05,675.32,3300,0.2046,14.72,24.0,0.6133,8.07,0.3362,58834.03,0.0,0.0,0.0,894.2103,2950893.8933,-864354.6767,Medium
2025-01-29,JOB0002,WELL002,Red River 02,Williston,Manitoba,Horizontal,RIG002,Rig 18,CON002,Prairie Directional,Intermediate,3815248.57,73543.18,677421.26,-235590.8455,-0.258,43,9,-1.2902,9,114.39,789.71,3300,0.2393,20.38,24.0,0.8492,3.12,0.13,17448.03,0.0,0.0,0.0,857.8102,2830773.5219,-984475.0481,Normal
2025-01-30,JOB0002,WELL002,Red River 02,Williston,Manitoba,Horizontal,RIG002,Rig 18,CON002,Prairie Directional,Intermediate,3815248.57,81448.37,758869.63,-226909.671,-0.2302,43,10,-1.1103,10,62.94,852.65,3300,0.2584,15.22,24.0,0.6342,7.27,0.3029,60204.85,0.0,0.0,0.0,890.0131,2937043.0763,-878205.4937,Medium
2025-01-31,JOB0002,WELL002,Red River 02,Williston,Manitoba,Horizontal,RIG002,Rig 18,CON002,Prairie Directional,Intermediate,3815248.57,68796.88,827666.51,-199051.5643,-0.1939,43,11,-0.5717,11,35.41,888.06,3300,0.2691,16.59,24.0,0.6912,3.6,0.15,34003.11,0.0,0.0,0.0,931.9939,3075579.8966,-739668.6734,Normal
2025-02-01,JOB0002,WELL002,Red River 02,Williston,Manitoba,Horizontal,RIG002,Rig 18,CON002,Prairie Directional,Intermediate,3815248.57,70487.87,898154.38,-221898.5479,-0.1981,43,12,-0.6236,12,80.73,968.79,3300,0.2936,19.25,24.0,0.8021,0.0,0.0,0.0,0.0,0.0,0.0,927.0888,3059393.1131,-755855.4569,Normal
2025-02-02,JOB0002,WELL002,Red River 02,Williston,Manitoba,Horizontal,RIG002,Rig 18,CON002,Prairie Directional,Intermediate,3815248.57,72326.55,970480.93,-191770.9594,-0.165,43,13,-0.0992,13,36.5,1005.29,3300,0.3046,19.7,24.0,0.8208,4.26,0.1775,34467.19,0.0,0.0,0.0,965.3741,3185734.5333,-629514.0367,Normal
2025-02-03,JOB0002,WELL002,Red River 02,Williston,Manitoba,Horizontal,RIG002,Rig 18,CON002,Prairie Directional,Intermediate,3815248.57,79948.67,1050429.6,-212614.2198,-0.1683,43,14,-0.2352,14,87.18,1092.47,3300,0.3311,19.07,24.0,0.7946,0.0,0.0,0.0,0.0,0.0,0.0,961.518,3173009.4923,-642239.0777,Normal
2025-02-04,JOB0002,WELL002,Red River 02,Williston,Manitoba,Horizontal,RIG002,Rig 18,CON002,Prairie Directional,Intermediate,3815248.57,73398.17,1123827.77,-229313.7228,-0.1695,43,15,-0.2507,15,77.93,1170.4,3300,0.3547,17.09,24.0,0.7121,4.84,0.2017,27498.95,0.0,0.0,0.0,960.2083,3168687.3214,-646561.2486,Normal
2025-02-05,JOB0002,WELL002,Red River 02,Williston,Manitoba,Horizontal,RIG002,Rig 18,CON002,Prairie Directional,Intermediate,3815248.57,95785.56,1219613.33,-245118.4028,-0.1673,43,16,-0.5084,16,96.52,1266.92,3300,0.3839,10.11,24.0,0.4212,11.05,0.4604,77759.47,0.0,0.0,0.0,962.6601,3176778.3199,-638470.2501,Medium
2025-02-06,JOB0002,WELL002,Red River 02,Williston,Manitoba,Horizontal,RIG002,Rig 18,CON002,Prairie Directional,Intermediate,3815248.57,75821.68,1295435.01,-249104.7861,-0.1613,43,17,-0.4078,17,69.03,1335.95,3300,0.4048,15.18,24.0,0.6325,5.97,0.2488,40641.0,0.0,0.0,0.0,969.6733,3199921.8032,-615326.7668,Normal
2025-02-07,JOB0002,WELL002,Red River 02,Williston,Manitoba,Horizontal,RIG002,Rig 18,CON002,Prairie Directional,Intermediate,3815248.57,68362.5,1363797.51,-235404.3929,-0.1472,43,18,-0.0239,18,47.28,1383.23,3300,0.4192,16.9,24.0,0.7042,3.86,0.1608,25763.61,0.0,0.0,0.0,985.9514,3253639.5126,-561609.0574,Normal
2025-02-08,JOB0002,WELL002,Red River 02,Williston,Manitoba,Horizontal,RIG002,Rig 18,CON002,Prairie Directional,Intermediate,3815248.57,72822.23,1436619.74,-328244.8803,-0.186,43,19,-0.891,19,143.29,1526.52,3300,0.4626,18.0,24.0,0.75,4.5,0.1875,36083.84,0.0,0.0,0.0,941.1077,3105655.4398,-709593.1302,Normal
2025-02-09,JOB0002,WELL002,Red River 02,Williston,Manitoba,Horizontal,RIG002,Rig 18,CON002,Prairie Directional,Intermediate,3815248.57,62306.39,1498926.13,-408721.2777,-0.2143,43,20,-1.5003,20,123.5,1650.02,3300,0.5,22.69,24.0,0.9454,0.0,0.0,0.0,0.0,0.0,0.0,908.4291,2997815.9228,-817432.6472,Normal
2025-02-10,JOB0002,WELL002,Red River 02,Williston,Manitoba,Horizontal,RIG002,Rig 18,CON002,Prairie Directional,Intermediate,3815248.57,74220.39,1573146.52,-409418.496,-0.2065,43,21,-1.3446,21,64.8,1714.82,3300,0.5196,18.19,24.0,0.7579,3.05,0.1271,23554.33,0.0,0.0,0.0,917.3829,3027363.5227,-787885.0473,Normal
2025-02-11,JOB0002,WELL002,Red River 02,Williston,Manitoba,Horizontal,RIG002,Rig 18,CON002,Prairie Directional,Intermediate,3815248.57,70491.74,1643638.26,-419428.5008,-0.2033,43,22,-1.2519,22,69.63,1784.45,3300,0.5407,19.7,24.0,0.8208,0.0,0.0,0.0,0.0,0.0,0.0,921.0896,3039595.5381,-775653.0319,Normal
2025-02-12,JOB0002,WELL002,Red River 02,Williston,Manitoba,Horizontal,RIG002,Rig 18,CON002,Prairie Directional,Intermediate,3815248.57,69507.7,1713145.96,-402247.513,-0.1902,43,23,-0.8417,23,45.26,1829.71,3300,0.5545,19.6,24.0,0.8167,3.23,0.1346,20930.64,0.0,0.0,0.0,936.2937,3089769.2356,-725479.3344,Normal
2025-02-13,JOB0002,WELL002,Red River 02,Williston,Manitoba,Horizontal,RIG002,Rig 18,CON002,Prairie Directional,Intermediate,3815248.57,81714.88,1794860.84,-393993.51,-0.18,43,24,-0.6696,24,63.54,1893.25,3300,0.5737,17.31,24.0,0.7212,4.62,0.1925,39207.43,0.0,0.0,0.0,948.0316,3128504.3032,-686744.2668,Normal
2025-02-14,JOB0002,WELL002,Red River 02,Williston,Manitoba,Horizontal,RIG002,Rig 18,CON002,Prairie Directional,Intermediate,3815248.57,88053.58,1882914.42,-436456.1152,-0.1882,43,25,-1.1406,25,112.89,2006.14,3300,0.6079,12.83,24.0,0.5346,9.3,0.3875,73043.32,0.0,0.0,0.0,938.5758,3097300.0817,-717948.4883,Medium
2025-02-15,JOB0002,WELL002,Red River 02,Williston,Manitoba,Horizontal,RIG002,Rig 18,CON002,Prairie Directional,Intermediate,3815248.57,87477.87,1970392.29,-467204.7055,-0.1917,43,26,-1.4731,26,102.26,2108.4,3300,0.6389,13.38,24.0,0.5575,10.1,0.4208,58882.38,0.0,0.0,0.0,934.5439,3083994.7624,-731253.8076,Medium
2025-02-16,JOB0002,WELL002,Red River 02,Williston,Manitoba,Horizontal,RIG002,Rig 18,CON002,Prairie Directional,Intermediate,3815248.57,66732.34,2037124.63,-541613.4398,-0.21,43,27,-2.0638,27,122.08,2230.48,3300,0.6759,15.18,24.0,0.6325,5.71,0.2379,41723.55,0.0,0.0,0.0,913.3122,3013930.3105,-801318.2595,Normal
2025-02-17,JOB0002,WELL002,Red River 02,Williston,Manitoba,Horizontal,RIG002,Rig 18,CON002,Prairie Directional,Intermediate,3815248.57,61484.95,2098609.58,-574307.3227,-0.2149,43,28,-2.1253,28,81.46,2311.94,3300,0.7006,18.33,24.0,0.7637,3.35,0.1396,24169.44,0.0,0.0,0.0,907.7267,2995497.9861,-819750.5839,Normal
2025-02-18,JOB0002,WELL002,Red River 02,Williston,Manitoba,Horizontal,RIG002,Rig 18,CON002,Prairie Directional,Production,3815248.57,73771.12,2172380.7,-600923.4855,-0.2167,43,29,-2.2567,29,86.83,2398.77,3300,0.7269,15.32,24.0,0.6383,5.15,0.2146,32664.79,0.0,0.0,0.0,905.6228,2988555.097,-826693.473,Normal
2025-02-19,JOB0002,WELL002,Red River 02,Williston,Manitoba,Horizontal,RIG002,Rig 18,CON002,Prairie Directional,Production,3815248.57,64811.35,2237192.05,-575143.2845,-0.2045,43,30,-1.6966,30,33.76,2432.53,3300,0.7371,16.17,24.0,0.6738,3.6,0.15,28614.42,0.0,0.0,0.0,919.6976,3035002.1439,-780246.4261,Normal
2025-02-20,JOB0002,WELL002,Red River 02,Williston,Manitoba,Horizontal,RIG002,Rig 18,CON002,Prairie Directional,Production,3815248.57,72728.52,2309920.57,-570245.2596,-0.198,43,31,-1.4611,31,58.67,2491.2,3300,0.7549,21.43,24.0,0.8929,0.0,0.0,0.0,0.0,0.0,0.0,927.2321,3059865.8803,-755382.6897,Normal
2025-02-21,JOB0002,WELL002,Red River 02,Williston,Manitoba,Horizontal,RIG002,Rig 18,CON002,Prairie Directional,Production,3815248.57,94195.05,2404115.62,-531382.8752,-0.181,43,32,-1.0847,32,47.86,2539.06,3300,0.7694,11.99,24.0,0.4996,10.77,0.4488,89017.0,0.0,0.0,0.0,946.8526,3124613.6547,-690634.9153,Medium
2025-02-22,JOB0002,WELL002,Red River 02,Williston,Manitoba,Horizontal,RIG002,Rig 18,CON002,Prairie Directional,Production,3815248.57,73511.82,2477627.44,-531967.807,-0.1768,43,33,-0.9198,33,64.09,2603.15,3300,0.7888,18.34,24.0,0.7642,4.87,0.2029,42557.83,1.0,0.0,0.0,951.7805,3140875.6898,-674372.8802,Normal
2025-02-23,JOB0002,WELL002,Red River 02,Williston,Manitoba,Horizontal,RIG002,Rig 18,CON002,Prairie Directional,Production,3815248.57,84816.58,2562444.02,-564013.4468,-0.1804,43,34,-1.2369,34,101.08,2704.23,3300,0.8195,8.11,24.0,0.3379,11.82,0.4925,108451.49,0.0,0.0,0.0,947.5688,3126977.0937,-688271.4763,Medium
2025-02-24,JOB0002,WELL002,Red River 02,Williston,Manitoba,Horizontal,RIG002,Rig 18,CON002,Prairie Directional,Production,3815248.57,80599.1,2643043.12,-774934.0216,-0.2267,43,35,-3.5225,35,252.15,2956.38,3300,0.8959,13.46,24.0,0.5608,8.44,0.3517,57172.42,0.0,0.0,0.0,894.0133,2950243.9795,-865004.5905,Medium
2025-02-25,JOB0002,WELL002,Red River 02,Williston,Manitoba,Horizontal,RIG002,Rig 18,CON002,Prairie Directional,Production,3815248.57,90241.06,2733284.18,-759263.7291,-0.2174,43,36,-3.363,36,64.5,3020.88,3300,0.9154,12.51,24.0,0.5212,10.11,0.4212,57624.07,1.0,0.0,0.0,904.7973,2985831.2128,-829417.3572,Medium
2025-02-26,JOB0002,WELL002,Red River 02,Williston,Manitoba,Horizontal,RIG002,Rig 18,CON002,Prairie Directional,Production,3815248.57,63681.21,2796965.39,-781679.9619,-0.2184,43,37,-3.3333,37,74.47,3095.35,3300,0.938,21.43,24.0,0.8929,0.0,0.0,0.0,0.0,0.0,0.0,903.6023,2981887.6014,-833360.9686,Normal
2025-02-27,JOB0002,WELL002,Red River 02,Williston,Manitoba,Horizontal,RIG002,Rig 18,CON002,Prairie Directional,Production,3815248.57,91733.14,2888698.53,-721821.4895,-0.1999,43,38,-2.6926,38,27.57,3122.92,3300,0.9463,13.36,24.0,0.5567,8.61,0.3587,75367.83,0.0,0.0,0.0,924.9992,3052497.3899,-762751.1801,Medium
2025-02-28,JOB0002,WELL002,Red River 02,Williston,Manitoba,Horizontal,RIG002,Rig 18,CON002,Prairie Directional,Production,3815248.57,73586.62,2962285.15,-743188.3134,-0.2006,43,39,-2.7628,39,82.13,3205.05,3300,0.9712,17.94,24.0,0.7475,3.5,0.1458,31917.12,0.0,0.0,0.0,924.2555,3050043.2115,-765205.3585,Normal
2025-03-01,JOB0002,WELL002,Red River 02,Williston,Manitoba,Horizontal,RIG002,Rig 18,CON002,Prairie Directional,Production,3815248.57,61322.73,3023607.88,-791640.69,-0.2075,43,40,-3.0,40,94.96,3300.01,3300,1.0,19.59,24.0,0.8162,0.0,0.0,0.0,0.0,0.0,0.0,916.242,3023607.88,-791640.69,Normal
2025-02-02,JOB0003,WELL003,Foothills 03,Deep Basin,Alberta,Directional,RIG003,Rig 23,CON003,Redline Fluids,Surface,4994935.63,45521.7,45521.7,-66243.0304,0.0,48,1,-0.074,1,91.74,91.74,4100,0.0224,21.12,24.0,0.88,0.0,0.0,0.0,0.0,0.0,0.0,496.2034,4994935.63,0.0,Normal
2025-02-03,JOB0003,WELL003,Foothills 03,Deep Basin,Alberta,Directional,RIG003,Rig 23,CON003,Redline Fluids,Surface,4994935.63,40989.7,86511.4,-64993.5256,0.0,48,2,0.5441,2,32.62,124.36,4100,0.0303,23.05,24.0,0.9604,0.0,0.0,0.0,0.0,0.0,0.0,695.6529,4994935.63,0.0,Normal
2025-02-04,JOB0003,WELL003,Foothills 03,Deep Basin,Alberta,Directional,RIG003,Rig 23,CON003,Redline Fluids,Surface,4994935.63,49254.17,135765.57,-103491.8467,0.0,48,3,0.7008,3,72.03,196.39,4100,0.0479,19.89,24.0,0.8288,0.0,0.0,0.0,0.0,0.0,0.0,691.3059,4994935.63,0.0,Normal
2025-02-05,JOB0003,WELL003,Foothills 03,Deep Basin,Alberta,Directional,RIG003,Rig 23,CON003,Redline Fluids,Surface,4994935.63,48144.87,183910.44,-96086.159,0.0,48,4,1.3093,4,33.44,229.83,4100,0.0561,19.87,24.0,0.8279,0.0,0.0,0.0,0.0,0.0,0.0,800.2021,4994935.63,0.0,Normal
2025-02-06,JOB0003,WELL003,Foothills 03,Deep Basin,Alberta,Directional,RIG003,Rig 23,CON003,Redline Fluids,Intermediate,4994935.63,43005.74,226916.18,-214136.6361,0.0,48,5,0.7616,5,132.2,362.03,4100,0.0883,21.02,24.0,0.8758,0.0,0.0,0.0,0.0,0.0,0.0,626.7883,4994935.63,0.0,Normal
2025-02-07,JOB0003,WELL003,Foothills 03,Deep Basin,Alberta,Directional,RIG003,Rig 23,CON003,Redline Fluids,Intermediate,4994935.63,51081.47,277997.65,-234568.025,-0.4576,48,6,1.0744,6,58.7,420.73,4100,0.1026,16.61,24.0,0.6921,4.06,0.1692,31911.64,0.0,0.0,0.0,660.7507,2709077.9479,-2285857.6821,Normal
2025-02-08,JOB0003,WELL003,Foothills 03,Deep Basin,Alberta,Directional,RIG003,Rig 23,CON003,Redline Fluids,Intermediate,4994935.63,46805.38,324803.03,-231510.9715,-0.4162,48,7,1.654,7,35.91,456.64,4100,0.1114,19.59,24.0,0.8162,0.0,0.0,0.0,0.0,0.0,0.0,711.289,2916285.0889,-2078650.5411,Normal
2025-02-09,JOB0003,WELL003,Foothills 03,Deep Basin,Alberta,Directional,RIG003,Rig 23,CON003,Redline Fluids,Intermediate,4994935.63,58384.63,383187.66,-267116.4107,-0.4108,48,8,1.7508,8,77.15,533.79,4100,0.1302,13.6,24.0,0.5667,7.4,0.3083,47501.2,0.0,0.0,0.0,717.8622,2943234.9913,-2051700.6387,Medium
2025-02-10,JOB0003,WELL003,Foothills 03,Deep Basin,Alberta,Directional,RIG003,Rig 23,CON003,Redline Fluids,Intermediate,4994935.63,53059.97,436247.63,-437451.8911,-0.5007,48,9,0.604,9,183.37,717.16,4100,0.1749,20.0,24.0,0.8333,0.0,0.0,0.0,0.0,0.0,0.0,608.2989,2494025.4378,-2500910.1922,Normal
2025-02-11,JOB0003,WELL003,Foothills 03,Deep Basin,Alberta,Directional,RIG003,Rig 23,CON003,Redline Fluids,Intermediate,4994935.63,48614.97,484862.6,-422120.2482,-0.4654,48,10,1.2841,10,27.32,744.48,4100,0.1816,18.03,24.0,0.7513,0.0,0.0,0.0,0.0,0.0,0.0,651.2769,2670235.144,-2324700.486,Normal
2025-02-12,JOB0003,WELL003,Foothills 03,Deep Basin,Alberta,Directional,RIG003,Rig 23,CON003,Redline Fluids,Intermediate,4994935.63,55893.44,540756.04,-453601.6335,-0.4562,48,11,1.4445,11,71.72,816.2,4100,0.1991,16.7,24.0,0.6958,5.05,0.2104,35220.87,0.0,0.0,0.0,662.5288,2716368.248,-2278567.382,Normal
2025-02-13,JOB0003,WELL003,Foothills 03,Deep Basin,Alberta,Directional,RIG003,Rig 23,CON003,Redline Fluids,Intermediate,4994935.63,49130.41,589886.45,-478968.861,-0.4481,48,12,1.7286,12,61.15,877.35,4100,0.214,22.24,24.0,0.9267,0.0,0.0,0.0,1.0,1.0,0.0,672.3502,2756635.8295,-2238299.8005,Medium
2025-02-14,JOB0003,WELL003,Foothills 03,Deep Basin,Alberta,Directional,RIG003,Rig 23,CON003,Redline Fluids,Intermediate,4994935.63,68967.42,658853.87,-453225.9083,-0.4075,48,13,2.3132,13,35.48,912.83,4100,0.2226,11.44,24.0,0.4767,9.95,0.4146,67426.32,0.0,0.0,0.0,721.7706,2959259.5193,-2035676.1107,Medium
2025-02-15,JOB0003,WELL003,Foothills 03,Deep Basin,Alberta,Directional,RIG003,Rig 23,CON003,Redline Fluids,Intermediate,4994935.63,64025.75,722879.62,-582857.4675,-0.4464,48,14,1.4522,14,158.96,1071.79,4100,0.2614,16.18,24.0,0.6742,7.31,0.3046,52083.4,0.0,0.0,0.0,674.4601,2765286.5225,-2229649.1075,Medium
2025-02-16,JOB0003,WELL003,Foothills 03,Deep Basin,Alberta,Directional,RIG003,Rig 23,CON003,Redline Fluids,Intermediate,4994935.63,52135.64,775015.26,-633836.7914,-0.4499,48,15,1.4613,15,84.64,1156.43,4100,0.2821,17.83,24.0,0.7429,3.69,0.1538,21129.12,0.0,0.0,0.0,670.1791,2747734.4638,-2247201.1662,Normal
2025-02-17,JOB0003,WELL003,Foothills 03,Deep Basin,Alberta,Directional,RIG003,Rig 23,CON003,Redline Fluids,Intermediate,4994935.63,49677.29,824692.55,-607562.6022,-0.4242,48,16,2.2364,16,19.21,1175.64,4100,0.2867,23.92,24.0,0.9967,0.0,0.0,0.0,0.0,0.0,0.0,701.4839,2876084.0521,-2118851.5779,Medium
2025-02-18,JOB0003,WELL003,Foothills 03,Deep Basin,Alberta,Directional,RIG003,Rig 23,CON003,Redline Fluids,Intermediate,4994935.63,44255.43,868947.98,-700022.2152,-0.4462,48,17,1.9226,17,112.22,1287.86,4100,0.3141,19.49,24.0,0.8121,0.0,0.0,0.0,0.0,0.0,0.0,674.7224,2766361.808,-2228573.822,Normal
2025-02-19,JOB0003,WELL003,Foothills 03,Deep Basin,Alberta,Directional,RIG003,Rig 23,CON003,Redline Fluids,Intermediate,4994935.63,49302.59,918250.57,-717371.559,-0.4386,48,18,2.2821,18,54.71,1342.57,4100,0.3275,19.36,24.0,0.8067,3.38,0.1408,25268.37,0.0,0.0,0.0,683.9499,2804194.4457,-2190741.1843,Medium
2025-02-20,JOB0003,WELL003,Foothills 03,Deep Basin,Alberta,Directional,RIG003,Rig 23,CON003,Redline Fluids,Intermediate,4994935.63,69890.26,988140.83,-727790.1177,-0.4241,48,19,2.5104,19,65.92,1408.49,4100,0.3435,11.42,24.0,0.4758,10.32,0.43,93964.76,0.0,0.0,0.0,701.5604,2876397.7046,-2118537.9254,Medium
2025-02-21,JOB0003,WELL003,Foothills 03,Deep Basin,Alberta,Directional,RIG003,Rig 23,CON003,Redline Fluids,Intermediate,4994935.63,52966.89,1041107.72,-947059.4023,-0.4763,48,20,0.8942,20,223.46,1631.95,4100,0.398,18.12,24.0,0.755,3.63,0.1512,23670.77,0.0,0.0,0.0,637.9532,2615608.1081,-2379327.5219,Normal
2025-02-22,JOB0003,WELL003,Foothills 03,Deep Basin,Alberta,Directional,RIG003,Rig 23,CON003,Redline Fluids,Intermediate,4994935.63,79906.38,1121014.1,-1036298.5986,-0.4804,48,21,0.2688,21,138.84,1770.79,4100,0.4319,8.03,24.0,0.3346,13.29,0.5538,105496.35,0.0,0.0,0.0,633.0587,2595540.8659,-2399394.7641,Medium
2025-02-23,JOB0003,WELL003,Foothills 03,Deep Basin,Alberta,Directional,RIG003,Rig 23,CON003,Redline Fluids,Intermediate,4994935.63,54435.8,1175449.9,-1044689.3426,-0.4706,48,22,0.6651,22,51.57,1822.36,4100,0.4445,18.34,24.0,0.7642,3.67,0.1529,25412.77,0.0,0.0,0.0,645.0152,2644562.3203,-2350373.3097,Normal
2025-02-24,JOB0003,WELL003,Foothills 03,Deep Basin,Alberta,Directional,RIG003,Rig 23,CON003,Redline Fluids,Intermediate,4994935.63,45695.61,1221145.51,-1066230.4393,-0.4661,48,23,1.0189,23,55.19,1877.55,4100,0.4579,20.87,24.0,0.8696,0.0,0.0,0.0,0.0,0.0,0.0,650.3931,2666611.5901,-2328324.0399,Normal
2025-02-25,JOB0003,WELL003,Foothills 03,Deep Basin,Alberta,Directional,RIG003,Rig 23,CON003,Redline Fluids,Intermediate,4994935.63,47183.73,1268329.24,-1268708.2114,-0.5001,48,24,-0.3803,24,204.93,2082.48,4100,0.5079,19.46,24.0,0.8108,0.0,0.0,0.0,0.0,0.0,0.0,609.0475,2497094.7543,-2497840.8757,Normal
2025-02-26,JOB0003,WELL003,Foothills 03,Deep Basin,Alberta,Directional,RIG003,Rig 23,CON003,Redline Fluids,Intermediate,4994935.63,43082.0,1311411.24,-1263136.9597,-0.4906,48,25,0.2593,25,30.79,2113.27,4100,0.5154,22.13,24.0,0.9221,0.0,0.0,0.0,0.0,0.0,0.0,620.5602,2544296.7931,-2450638.8369,Normal
2025-02-27,JOB0003,WELL003,Foothills 03,Deep Basin,Alberta,Directional,RIG003,Rig 23,CON003,Redline Fluids,Intermediate,4994935.63,60630.43,1372041.67,-1305170.7311,-0.4875,48,26,0.2727,26,84.27,2197.54,4100,0.536,19.9,24.0,0.8292,3.87,0.1612,28007.18,0.0,0.0,0.0,624.3534,2559849.1254,-2435086.5046,Normal
2025-02-28,JOB0003,WELL003,Foothills 03,Deep Basin,Alberta,Directional,RIG003,Rig 23,CON003,Redline Fluids,Intermediate,4994935.63,51420.92,1423462.59,-1395739.9934,-0.4951,48,27,-0.0918,27,116.55,2314.09,4100,0.5644,20.72,24.0,0.8633,0.0,0.0,0.0,0.0,0.0,0.0,615.1284,2522026.6364,-2472908.9936,Normal
2025-03-01,JOB0003,WELL003,Foothills 03,Deep Basin,Alberta,Directional,RIG003,Rig 23,CON003,Redline Fluids,Intermediate,4994935.63,51980.34,1475442.93,-1471435.0812,-0.4993,48,28,-0.3187,28,104.8,2418.89,4100,0.59,18.89,24.0,0.7871,3.11,0.1296,25049.54,0.0,0.0,0.0,609.9669,2500864.4515,-2494071.1785,Normal
2025-03-02,JOB0003,WELL003,Foothills 03,Deep Basin,Alberta,Directional,RIG003,Rig 23,CON003,Redline Fluids,Intermediate,4994935.63,41971.86,1517414.79,-1553910.215,-0.5059,48,29,-0.5146,29,102.15,2521.04,4100,0.6149,20.95,24.0,0.8729,0.0,0.0,0.0,0.0,0.0,0.0,601.9003,2467791.3238,-2527144.3062,Normal
2025-03-03,JOB0003,WELL003,Foothills 03,Deep Basin,Alberta,Directional,RIG003,Rig 23,CON003,Redline Fluids,Intermediate,4994935.63,73622.43,1591037.22,-1522013.7717,-0.4889,48,30,0.0844,30,34.25,2555.29,4100,0.6232,10.0,24.0,0.4167,11.3,0.4708,105890.54,0.0,0.0,0.0,622.6445,2552842.3788,-2442093.2512,Medium
2025-03-04,JOB0003,WELL003,Foothills 03,Deep Basin,Alberta,Directional,RIG003,Rig 23,CON003,Redline Fluids,Intermediate,4994935.63,53145.7,1644182.92,-1535836.7575,-0.483,48,31,0.4409,31,54.97,2610.26,4100,0.6366,21.19,24.0,0.8829,0.0,0.0,0.0,0.0,0.0,0.0,629.8924,2582558.8148,-2412376.8152,Normal
2025-03-05,JOB0003,WELL003,Foothills 03,Deep Basin,Alberta,Directional,RIG003,Rig 23,CON003,Redline Fluids,Intermediate,4994935.63,47266.37,1691449.29,-1540030.4072,-0.4766,48,32,0.9463,32,42.24,2652.5,4100,0.647,18.77,24.0,0.7821,0.0,0.0,0.0,0.0,0.0,0.0,637.6812,2614492.7762,-2380442.8538,Normal
2025-03-06,JOB0003,WELL003,Foothills 03,Deep Basin,Alberta,Directional,RIG003,Rig 23,CON003,Redline Fluids,Intermediate,4994935.63,53311.1,1744760.39,-1539275.7763,-0.4687,48,33,1.4413,33,43.14,2695.64,4100,0.6575,18.67,24.0,0.7779,3.16,0.1317,17509.39,0.0,0.0,0.0,647.2527,2653736.2552,-2341199.3748,Normal
2025-03-07,JOB0003,WELL003,Foothills 03,Deep Basin,Alberta,Directional,RIG003,Rig 23,CON003,Redline Fluids,Intermediate,4994935.63,49798.21,1794558.6,-1521725.358,-0.4589,48,34,2.1314,34,26.47,2722.11,4100,0.6639,20.03,24.0,0.8346,0.0,0.0,0.0,0.0,0.0,0.0,659.2528,2702936.4206,-2291999.2094,Medium
2025-03-08,JOB0003,WELL003,Foothills 03,Deep Basin,Alberta,Directional,RIG003,Rig 23,CON003,Redline Fluids,Intermediate,4994935.63,47961.7,1842520.3,-1533045.016,-0.4542,48,35,2.5617,35,48.66,2770.77,4100,0.6758,22.7,24.0,0.9458,0.0,0.0,0.0,0.0,0.0,0.0,664.9849,2726438.2211,-2268497.4089,Medium
2025-03-09,JOB0003,WELL003,Foothills 03,Deep Basin,Alberta,Directional,RIG003,Rig 23,CON003,Redline Fluids,Intermediate,4994935.63,39865.59,1882385.89,-1579323.7914,-0.4562,48,36,2.7339,36,70.71,2841.48,4100,0.693,21.52,24.0,0.8967,0.0,0.0,0.0,0.0,0.0,0.0,662.4667,2716113.4863,-2278822.1437,Medium
2025-03-10,JOB0003,WELL003,Foothills 03,Deep Basin,Alberta,Directional,RIG003,Rig 23,CON003,Redline Fluids,Intermediate,4994935.63,76771.56,1959157.45,-1618446.9208,-0.4524,48,37,2.6202,37,95.13,2936.61,4100,0.7162,12.35,24.0,0.5146,11.52,0.48,71860.56,0.0,0.0,0.0,667.1493,2735312.3312,-2259623.2988,Medium
2025-03-11,JOB0003,WELL003,Foothills 03,Deep Basin,Alberta,Directional,RIG003,Rig 23,CON003,Redline Fluids,Production,4994935.63,52257.19,2011414.64,-1654076.2324,-0.4513,48,38,2.7756,38,72.14,3008.75,4100,0.7338,22.84,24.0,0.9517,0.0,0.0,0.0,0.0,0.0,0.0,668.5217,2740938.9361,-2253996.6939,Medium
2025-03-12,JOB0003,WELL003,Foothills 03,Deep Basin,Alberta,Directional,RIG003,Rig 23,CON003,Redline Fluids,Production,4994935.63,76813.96,2088228.6,-1663382.2723,-0.4434,48,39,2.948,39,70.69,3079.44,4100,0.7511,13.05,24.0,0.5438,9.95,0.4146,55484.51,0.0,0.0,0.0,678.1196,2780290.332,-2214645.298,Medium
2025-03-13,JOB0003,WELL003,Foothills 03,Deep Basin,Alberta,Directional,RIG003,Rig 23,CON003,Redline Fluids,Production,4994935.63,49151.76,2137380.36,-1701166.7578,-0.4432,48,40,3.1126,40,71.36,3150.8,4100,0.7685,21.05,24.0,0.8771,0.0,0.0,0.0,0.0,0.0,0.0,678.3612,2781280.7782,-2213654.8518,Medium
2025-03-14,JOB0003,WELL003,Foothills 03,Deep Basin,Alberta,Directional,RIG003,Rig 23,CON003,Redline Fluids,Production,4994935.63,50454.44,2187834.8,-1701758.1234,-0.4375,48,41,3.622,41,41.9,3192.7,4100,0.7787,19.44,24.0,0.81,0.0,0.0,0.0,0.0,0.0,0.0,685.2616,2809572.6752,-2185362.9548,Medium
2025-03-15,JOB0003,WELL003,Foothills 03,Deep Basin,Alberta,Directional,RIG003,Rig 23,CON003,Redline Fluids,Production,4994935.63,52139.98,2239974.78,-1788830.6542,-0.444,48,42,3.2843,42,114.27,3306.97,4100,0.8066,19.67,24.0,0.8196,0.0,0.0,0.0,0.0,0.0,0.0,677.3496,2777133.3269,-2217802.3031,Medium
2025-03-16,JOB0003,WELL003,Foothills 03,Deep Basin,Alberta,Directional,RIG003,Rig 23,CON003,Redline Fluids,Production,4994935.63,48763.27,2288738.05,-1792867.5087,-0.4393,48,43,3.7769,43,43.34,3350.31,4100,0.8171,19.57,24.0,0.8154,0.0,0.0,0.0,0.0,0.0,0.0,683.1422,2800882.9049,-2194052.7251,Medium
2025-03-17,JOB0003,WELL003,Foothills 03,Deep Basin,Alberta,Directional,RIG003,Rig 23,CON003,Redline Fluids,Production,4994935.63,55076.73,2343814.78,-1764812.1622,-0.4295,48,44,4.5172,44,22.18,3372.49,4100,0.8226,17.98,24.0,0.7492,3.43,0.1429,20002.26,0.0,0.0,0.0,694.9805,2849420.0422,-2145515.5878,Medium
2025-03-18,JOB0003,WELL003,Foothills 03,Deep Basin,Alberta,Directional,RIG003,Rig 23,CON003,Redline Fluids,Production,4994935.63,53576.94,2397391.72,-1742959.1548,-0.421,48,45,5.2123,45,26.04,3398.53,4100,0.8289,17.66,24.0,0.7358,4.46,0.1858,38348.69,0.0,0.0,0.0,705.4202,2892222.8293,-2102712.8007,High
2025-03-19,JOB0003,WELL003,Foothills 03,Deep Basin,Alberta,Directional,RIG003,Rig 23,CON003,Redline Fluids,Production,4994935.63,69126.26,2466517.98,-1741520.364,-0.4139,48,46,5.5619,46,55.56,3454.09,4100,0.8425,12.8,24.0,0.5333,9.5,0.3958,63005.57,0.0,0.0,0.0,714.0862,2927753.3932,-2067182.2368,High
2025-03-20,JOB0003,WELL003,Foothills 03,Deep Basin,Alberta,Directional,RIG003,Rig 23,CON003,Redline Fluids,Production,4994935.63,52458.85,2518976.83,-1765873.8777,-0.4121,48,47,5.8237,47,63.05,3517.14,4100,0.8578,20.89,24.0,0.8704,0.0,0.0,0.0,0.0,0.0,0.0,716.2003,2936421.3546,-2058514.2754,High
2025-03-21,JOB0003,WELL003,Foothills 03,Deep Basin,Alberta,Directional,RIG003,Rig 23,CON003,Redline Fluids,Production,4994935.63,57711.71,2576688.54,-1828942.1478,-0.4151,48,48,5.6631,48,99.14,3616.28,4100,0.882,18.82,24.0,0.7842,0.0,0.0,0.0,0.0,0.0,0.0,712.5246,2921350.9501,-2073584.6799,High
2025-03-22,JOB0003,WELL003,Foothills 03,Deep Basin,Alberta,Directional,RIG003,Rig 23,CON003,Redline Fluids,Production,4994935.63,69082.55,2645771.09,-1826572.4454,-0.4084,48,49,6.022,49,54.76,3671.04,4100,0.8954,9.02,24.0,0.3758,10.94,0.4558,96939.49,0.0,0.0,0.0,720.7143,2954928.7039,-2040006.9261,High
2025-03-23,JOB0003,WELL003,Foothills 03,Deep Basin,Alberta,Directional,RIG003,Rig 23,CON003,Redline Fluids,Production,4994935.63,38723.95,2684495.04,-1906082.2766,-0.4152,48,50,5.8858,50,97.05,3768.09,4100,0.919,20.25,24.0,0.8438,0.0,0.0,0.0,0.0,0.0,0.0,712.4286,2920957.2128,-2073978.4172,High
2025-03-24,JOB0003,WELL003,Foothills 03,Deep Basin,Alberta,Directional,RIG003,Rig 23,CON003,Redline Fluids,Production,4994935.63,52360.95,2736855.99,-1910627.0445,-0.4111,48,51,6.3389,51,46.71,3814.8,4100,0.9304,21.56,24.0,0.8983,0.0,0.0,0.0,0.0,0.0,0.0,717.4311,2941467.327,-2053468.303,High
2025-03-25,JOB0003,WELL003,Foothills 03,Deep Basin,Alberta,Directional,RIG003,Rig 23,CON003,Redline Fluids,Production,4994935.63,43643.51,2780499.5,-1972912.7181,-0.4151,48,52,6.321,52,86.95,3901.75,4100,0.9516,20.11,24.0,0.8379,0.0,0.0,0.0,0.0,0.0,0.0,712.6288,2921778.1636,-2073157.4664,High
2025-03-26,JOB0003,WELL003,Foothills 03,Deep Basin,Alberta,Directional,RIG003,Rig 23,CON003,Redline Fluids,Production,4994935.63,53799.7,2834299.2,-1960729.3599,-0.4089,48,53,6.9211,53,34.16,3935.91,4100,0.96,19.53,24.0,0.8138,0.0,0.0,0.0,0.0,0.0,0.0,720.1128,2952462.5106,-2042473.1194,High
2025-03-27,JOB0003,WELL003,Foothills 03,Deep Basin,Alberta,Directional,RIG003,Rig 23,CON003,Redline Fluids,Production,4994935.63,55336.22,2889635.42,-2059358.985,-0.4161,48,54,6.4415,54,126.38,4062.29,4100,0.9908,17.15,24.0,0.7146,4.3,0.1792,35104.74,0.0,0.0,0.0,711.3316,2916459.7363,-2078475.8937,High
2025-03-28,JOB0003,WELL003,Foothills 03,Deep Basin,Alberta,Directional,RIG003,Rig 23,CON003,Redline Fluids,Production,4994935.63,85191.7,2974827.12,-2020108.51,-0.4044,48,55,7.0,55,37.75,4100.04,4100,1.0,6.73,24.0,0.2804,15.45,0.6437,109529.64,0.0,0.0,0.0,725.5605,2974827.12,-2020108.51,High
2025-02-21,JOB0004,WELL004,Clearwater 04,Clearwater,Alberta,Horizontal,RIG004,Rig 31,CON004,Summit Cementing,Surface,3363264.63,67621.3,67621.3,37576.136,0.0,41,1,0.6337,1,25.46,25.46,2850,0.0089,16.67,24.0,0.6946,4.51,0.1879,28044.1,0.0,0.0,0.0,2655.9819,3363264.63,0.0,Normal
2025-02-22,JOB0004,WELL004,Clearwater 04,Clearwater,Alberta,Horizontal,RIG004,Rig 31,CON004,Summit Cementing,Surface,3363264.63,60446.56,128067.86,6058.06,0.0,41,2,0.5126,2,77.93,103.39,2850,0.0363,19.38,24.0,0.8075,0.0,0.0,0.0,1.0,0.0,0.0,1238.6871,3363264.63,0.0,Normal
2025-02-23,JOB0004,WELL004,Clearwater 04,Clearwater,Alberta,Horizontal,RIG004,Rig 31,CON004,Summit Cementing,Surface,3363264.63,98579.59,226647.45,51509.8697,0.0,41,3,0.865,3,45.02,148.41,2850,0.0521,7.56,24.0,0.315,13.68,0.57,79598.36,0.0,0.0,0.0,1527.171,3363264.63,0.0,Medium
2025-02-24,JOB0004,WELL004,Clearwater 04,Clearwater,Alberta,Horizontal,RIG004,Rig 31,CON004,Summit Cementing,Surface,3363264.63,63403.72,290051.17,4008.4635,0.0,41,4,0.513,4,93.98,242.39,2850,0.085,23.69,24.0,0.9871,0.0,0.0,0.0,0.0,0.0,0.0,1196.6301,3363264.63,0.0,Normal
2025-02-25,JOB0004,WELL004,Clearwater 04,Clearwater,Alberta,Horizontal,RIG004,Rig 31,CON004,Summit Cementing,Intermediate,3363264.63,76810.94,366862.11,-39892.2944,-0.0981,41,5,0.0414,5,102.29,344.68,2850,0.1209,17.08,24.0,0.7117,5.14,0.2142,39630.44,0.0,0.0,0.0,1064.3557,3033413.6402,-329850.9898,Normal
2025-02-26,JOB0004,WELL004,Clearwater 04,Clearwater,Alberta,Horizontal,RIG004,Rig 31,CON004,Summit Cementing,Intermediate,3363264.63,74846.41,441708.52,-19884.7993,-0.0431,41,6,0.3729,6,46.47,391.15,2850,0.1372,15.09,24.0,0.6288,6.72,0.28,63779.62,0.0,0.0,0.0,1129.2561,3218379.8594,-144884.7706,Medium
2025-02-27,JOB0004,WELL004,Clearwater 04,Clearwater,Alberta,Horizontal,RIG004,Rig 31,CON004,Summit Cementing,Intermediate,3363264.63,77177.84,518886.36,-52738.8169,-0.0923,41,7,0.0316,7,93.24,484.39,2850,0.17,18.98,24.0,0.7908,4.7,0.1958,34440.06,0.0,0.0,0.0,1071.2161,3052965.8457,-310298.7843,Normal
2025-02-28,JOB0004,WELL004,Clearwater 04,Clearwater,Alberta,Horizontal,RIG004,Rig 31,CON004,Summit Cementing,Intermediate,3363264.63,72193.24,591079.6,-74787.7921,-0.1123,41,8,-0.1173,8,79.86,564.25,2850,0.198,19.78,24.0,0.8242,0.0,0.0,0.0,0.0,0.0,0.0,1047.5491,2985515.0377,-377749.5923,Normal
2025-03-01,JOB0004,WELL004,Clearwater 04,Clearwater,Alberta,Horizontal,RIG004,Rig 31,CON004,Summit Cementing,Intermediate,3363264.63,71869.8,662949.4,-31641.4521,-0.0456,41,9,0.5326,9,24.34,588.59,2850,0.2065,20.25,24.0,0.8438,0.0,0.0,0.0,1.0,0.0,0.0,1126.3348,3210054.1803,-153210.4497,Normal
2025-03-02,JOB0004,WELL004,Clearwater 04,Clearwater,Alberta,Horizontal,RIG004,Rig 31,CON004,Summit Cementing,Intermediate,3363264.63,76762.16,739711.56,-25212.8261,-0.033,41,10,0.6752,10,59.6,648.19,2850,0.2274,15.68,24.0,0.6533,3.68,0.1533,29914.84,0.0,0.0,0.0,1141.1956,3252407.3898,-110857.2402,Normal
2025-03-03,JOB0004,WELL004,Clearwater 04,Clearwater,Alberta,Horizontal,RIG004,Rig 31,CON004,Summit Cementing,Intermediate,3363264.63,80725.39,820436.95,-25359.1993,-0.03,41,11,0.6893,11,68.53,716.72,2850,0.2515,15.92,24.0,0.6633,6.76,0.2817,48262.54,1.0,1.0,0.0,1144.7106,3262425.0858,-100839.5442,Medium
2025-03-04,JOB0004,WELL004,Clearwater 04,Clearwater,Alberta,Horizontal,RIG004,Rig 31,CON004,Summit Cementing,Intermediate,3363264.63,77909.2,898346.15,-51274.5685,-0.054,41,12,0.4236,12,87.98,804.7,2850,0.2824,19.19,24.0,0.7996,4.17,0.1737,35423.48,0.0,0.0,0.0,1116.374,3181665.8724,-181598.7576,Normal
2025-03-05,JOB0004,WELL004,Clearwater 04,Clearwater,Alberta,Horizontal,RIG004,Rig 31,CON004,Summit Cementing,Intermediate,3363264.63,79399.9,977746.05,-98451.4279,-0.0915,41,13,-0.1194,13,107.26,911.96,2850,0.32,17.75,24.0,0.7396,4.11,0.1713,38654.07,0.0,0.0,0.0,1072.137,3055590.4234,-307674.2066,Normal
2025-03-06,JOB0004,WELL004,Clearwater 04,Clearwater,Alberta,Horizontal,RIG004,Rig 31,CON004,Summit Cementing,Intermediate,3363264.63,73799.76,1051545.81,-109866.1728,-0.0946,41,14,-0.1582,14,72.21,984.17,2850,0.3453,19.78,24.0,0.8242,0.0,0.0,0.0,0.0,0.0,0.0,1068.4595,3045109.6442,-318154.9858,Normal
2025-03-07,JOB0004,WELL004,Clearwater 04,Clearwater,Alberta,Horizontal,RIG004,Rig 31,CON004,Summit Cementing,Intermediate,3363264.63,81064.33,1132610.14,-153773.6759,-0.1195,41,15,-0.6817,15,105.9,1090.07,2850,0.3825,20.87,24.0,0.8696,0.0,0.0,0.0,1.0,1.0,1.0,1039.0251,2961221.6637,-402042.9663,High
2025-03-08,JOB0004,WELL004,Clearwater 04,Clearwater,Alberta,Horizontal,RIG004,Rig 31,CON004,Summit Cementing,Intermediate,3363264.63,68819.01,1201429.15,-128122.4624,-0.0964,41,16,-0.2079,16,36.58,1126.65,2850,0.3953,21.9,24.0,0.9125,0.0,0.0,0.0,0.0,0.0,0.0,1066.373,3039163.0742,-324101.5558,Normal
2025-03-09,JOB0004,WELL004,Clearwater 04,Clearwater,Alberta,Horizontal,RIG004,Rig 31,CON004,Summit Cementing,Intermediate,3363264.63,71622.3,1273051.45,-157197.4855,-0.1099,41,17,-0.4355,17,85.33,1211.98,2850,0.4253,20.32,24.0,0.8467,0.0,0.0,0.0,0.0,0.0,0.0,1050.3898,2993610.9775,-369653.6525,Normal
2025-03-10,JOB0004,WELL004,Clearwater 04,Clearwater,Alberta,Horizontal,RIG004,Rig 31,CON004,Summit Cementing,Intermediate,3363264.63,74067.89,1347119.34,-239055.2642,-0.1507,41,18,-1.3363,18,132.13,1344.11,2850,0.4716,17.8,24.0,0.7417,5.09,0.2121,47525.93,0.0,0.0,0.0,1002.2389,2856380.8907,-506883.7393,Normal
2025-03-11,JOB0004,WELL004,Clearwater 04,Clearwater,Alberta,Horizontal,RIG004,Rig 31,CON004,Summit Cementing,Intermediate,3363264.63,78914.59,1426033.93,-235005.7647,-0.1415,41,19,-1.249,19,63.44,1407.55,2850,0.4939,18.84,24.0,0.785,0.0,0.0,0.0,0.0,0.0,0.0,1013.132,2887426.1664,-475838.4636,Normal
2025-03-12,JOB0004,WELL004,Clearwater 04,Clearwater,Alberta,Horizontal,RIG004,Rig 31,CON004,Summit Cementing,Intermediate,3363264.63,73045.15,1499079.08,-204502.9621,-0.12,41,20,-0.7676,20,36.05,1443.6,2850,0.5065,19.99,24.0,0.8329,3.46,0.1442,30975.19,0.0,0.0,0.0,1038.4311,2959528.5245,-403736.1055,Normal
2025-03-13,JOB0004,WELL004,Clearwater 04,Clearwater,Alberta,Horizontal,RIG004,Rig 31,CON004,Summit Cementing,Intermediate,3363264.63,70028.47,1569107.55,-245792.6508,-0.1354,41,21,-1.1246,21,94.33,1537.93,2850,0.5396,18.95,24.0,0.7896,0.0,0.0,0.0,0.0,0.0,0.0,1020.2724,2907776.3731,-455488.2569,Normal
2025-03-14,JOB0004,WELL004,Clearwater 04,Clearwater,Alberta,Horizontal,RIG004,Rig 31,CON004,Summit Cementing,Intermediate,3363264.63,85254.23,1654361.78,-320747.8265,-0.1624,41,22,-2.0776,22,135.76,1673.69,2850,0.5873,15.02,24.0,0.6258,7.38,0.3075,66742.41,0.0,0.0,0.0,988.4517,2817087.4373,-546177.1927,Medium
2025-03-15,JOB0004,WELL004,Clearwater 04,Clearwater,Alberta,Horizontal,RIG004,Rig 31,CON004,Summit Cementing,Intermediate,3363264.63,68658.93,1723020.71,-405229.546,-0.1904,41,23,-2.9445,23,129.77,1803.46,2850,0.6328,20.15,24.0,0.8396,0.0,0.0,0.0,0.0,0.0,0.0,955.3972,2722882.1396,-640382.4904,Normal
2025-03-16,JOB0004,WELL004,Clearwater 04,Clearwater,Alberta,Horizontal,RIG004,Rig 31,CON004,Summit Cementing,Intermediate,3363264.63,65147.82,1788168.53,-397068.4099,-0.1817,41,24,-2.6392,24,48.29,1851.75,2850,0.6497,22.41,24.0,0.9338,0.0,0.0,0.0,0.0,0.0,0.0,965.6641,2752142.7355,-611121.8945,Normal
2025-03-17,JOB0004,WELL004,Clearwater 04,Clearwater,Alberta,Horizontal,RIG004,Rig 31,CON004,Summit Cementing,Intermediate,3363264.63,54288.16,1842456.69,-465734.1242,-0.2018,41,25,-3.1381,25,104.19,1955.94,2850,0.6863,20.04,24.0,0.835,0.0,0.0,0.0,0.0,0.0,0.0,941.9802,2684643.4791,-678621.1509,Normal
2025-03-18,JOB0004,WELL004,Clearwater 04,Clearwater,Alberta,Horizontal,RIG004,Rig 31,CON004,Summit Cementing,Intermediate,3363264.63,73207.33,1915664.02,-446020.4032,-0.1889,41,26,-2.7902,26,45.33,2001.27,2850,0.7022,17.75,24.0,0.7396,0.0,0.0,0.0,0.0,0.0,0.0,957.2242,2728088.8921,-635175.7379,Normal
2025-03-19,JOB0004,WELL004,Clearwater 04,Clearwater,Alberta,Horizontal,RIG004,Rig 31,CON004,Summit Cementing,Production,3363264.63,69912.03,1985576.05,-508007.3513,-0.2037,41,27,-3.3981,27,111.77,2113.04,2850,0.7414,22.24,24.0,0.9267,0.0,0.0,0.0,0.0,0.0,0.0,939.6775,2678080.7474,-685183.8826,Normal
2025-03-20,JOB0004,WELL004,Clearwater 04,Clearwater,Alberta,Horizontal,RIG004,Rig 31,CON004,Summit Cementing,Production,3363264.63,78367.41,2063943.46,-476855.4564,-0.1877,41,28,-2.9737,28,40.01,2153.05,2850,0.7555,18.01,24.0,0.7504,3.71,0.1546,23123.03,0.0,0.0,0.0,958.6138,2732049.3537,-631215.2763,Normal
2025-03-21,JOB0004,WELL004,Clearwater 04,Clearwater,Alberta,Horizontal,RIG004,Rig 31,CON004,Summit Cementing,Production,3363264.63,79324.24,2143267.7,-455816.0023,-0.1754,41,29,-2.6842,29,49.39,2202.44,2850,0.7728,9.43,24.0,0.3929,11.09,0.4621,64218.73,0.0,0.0,0.0,973.1333,2773429.8982,-589834.7318,Medium
2025-03-22,JOB0004,WELL004,Clearwater 04,Clearwater,Alberta,Horizontal,RIG004,Rig 31,CON004,Summit Cementing,Production,3363264.63,73627.98,2216895.68,-435717.0341,-0.1643,41,30,-2.3368,30,45.36,2247.8,2850,0.7887,17.73,24.0,0.7388,4.74,0.1975,35174.95,0.0,0.0,0.0,986.2513,2810816.215,-552448.415,Normal
2025-03-23,JOB0004,WELL004,Clearwater 04,Clearwater,Alberta,Horizontal,RIG004,Rig 31,CON004,Summit Cementing,Production,3363264.63,86848.85,2303744.53,-391198.1148,-0.1452,41,31,-1.8528,31,35.87,2283.67,2850,0.8013,13.71,24.0,0.5712,9.37,0.3904,56427.01,0.0,0.0,0.0,1008.7905,2875052.8362,-488211.7938,Medium
2025-03-24,JOB0004,WELL004,Clearwater 04,Clearwater,Alberta,Horizontal,RIG004,Rig 31,CON004,Summit Cementing,Production,3363264.63,64355.52,2368100.05,-365018.5986,-0.1336,41,32,-1.3182,32,32.35,2316.02,2850,0.8126,17.72,24.0,0.7383,3.3,0.1375,26038.93,1.0,1.0,0.0,1022.4869,2914087.591,-449177.039,Medium
2025-03-25,JOB0004,WELL004,Clearwater 04,Clearwater,Alberta,Horizontal,RIG004,Rig 31,CON004,Summit Cementing,Production,3363264.63,78360.77,2446460.82,-444825.6736,-0.1539,41,33,-2.2463,33,134.03,2450.05,2850,0.8597,15.73,24.0,0.6554,5.49,0.2288,44743.57,0.0,0.0,0.0,998.5351,2845824.9166,-517439.7134,Normal
2025-03-26,JOB0004,WELL004,Clearwater 04,Clearwater,Alberta,Horizontal,RIG004,Rig 31,CON004,Summit Cementing,Production,3363264.63,71151.89,2517612.71,-439334.1499,-0.1486,41,34,-2.0468,34,55.64,2505.69,2850,0.8792,17.31,24.0,0.7212,3.95,0.1646,35598.36,0.0,0.0,0.0,1004.7583,2863561.0245,-499703.6055,Normal
2025-03-27,JOB0004,WELL004,Clearwater 04,Clearwater,Alberta,Horizontal,RIG004,Rig 31,CON004,Summit Cementing,Production,3363264.63,80784.65,2598397.36,-420882.0044,-0.1394,41,35,-1.8066,35,52.82,2558.51,2850,0.8977,17.31,24.0,0.7212,4.35,0.1812,32070.78,0.0,0.0,0.0,1015.5901,2894431.7106,-468832.9194,Normal
2025-03-28,JOB0004,WELL004,Clearwater 04,Clearwater,Alberta,Horizontal,RIG004,Rig 31,CON004,Summit Cementing,Production,3363264.63,76842.28,2675239.64,-540359.9714,-0.168,41,36,-3.1999,36,166.36,2724.87,2850,0.9561,18.41,24.0,0.7671,0.0,0.0,0.0,0.0,0.0,0.0,981.7862,2798090.5416,-565174.0884,Normal
2025-03-29,JOB0004,WELL004,Clearwater 04,Clearwater,Alberta,Horizontal,RIG004,Rig 31,CON004,Summit Cementing,Production,3363264.63,71932.55,2747172.19,-585244.8128,-0.1756,41,37,-3.624,37,98.99,2823.86,2850,0.9908,21.31,24.0,0.8879,0.0,0.0,0.0,0.0,0.0,0.0,972.8429,2772602.3038,-590662.3262,Normal
2025-03-30,JOB0004,WELL004,Clearwater 04,Clearwater,Alberta,Horizontal,RIG004,Rig 31,CON004,Summit Cementing,Production,3363264.63,70491.74,2817663.93,-545600.7,-0.1622,41,38,-3.0,38,26.15,2850.01,2850,1.0,19.77,24.0,0.8238,0.0,0.0,0.0,0.0,0.0,0.0,988.6505,2817663.93,-545600.7,Normal
2025-03-09,JOB0005,WELL005,Prairie North 05,Williston,Saskatchewan,Horizontal,RIG005,Rig 44,CON005,FieldSafe Services,Surface,5266456.28,43770.39,43770.39,-482.4718,0.0,47,1,0.6051,1,30.25,30.25,3600,0.0084,19.98,24.0,0.8325,0.0,0.0,0.0,0.0,0.0,0.0,1446.955,5266456.28,0.0,Normal
2025-03-10,JOB0005,WELL005,Prairie North 05,Williston,Saskatchewan,Horizontal,RIG005,Rig 44,CON005,FieldSafe Services,Surface,5266456.28,46136.98,89907.37,-155436.3474,0.0,47,2,-0.1895,2,137.46,167.71,3600,0.0466,23.09,24.0,0.9621,0.0,0.0,0.0,0.0,0.0,0.0,536.0883,5266456.28,0.0,Normal
2025-03-11,JOB0005,WELL005,Prairie North 05,Williston,Saskatchewan,Horizontal,RIG005,Rig 44,CON005,FieldSafe Services,Surface,5266456.28,74080.81,163988.18,-317541.4725,0.0,47,3,-1.2974,3,161.45,329.16,3600,0.0914,11.36,24.0,0.4733,12.01,0.5004,70157.68,0.0,0.0,0.0,498.202,5266456.28,0.0,Medium
2025-03-12,JOB0005,WELL005,Prairie North 05,Williston,Saskatchewan,Horizontal,RIG005,Rig 44,CON005,FieldSafe Services,Surface,5266456.28,48639.52,212627.7,-424320.929,-0.6662,47,4,-1.6844,4,106.24,435.4,3600,0.1209,19.88,24.0,0.8283,0.0,0.0,0.0,0.0,0.0,0.0,488.3503,1758060.9095,-3508395.3705,Normal
2025-03-13,JOB0005,WELL005,Prairie North 05,Williston,Saskatchewan,Horizontal,RIG005,Rig 44,CON005,FieldSafe Services,Intermediate,5266456.28,53525.93,266153.63,-547440.72,-0.6729,47,5,-2.2608,5,120.75,556.15,3600,0.1545,17.71,24.0,0.7379,5.08,0.2117,29540.26,0.0,0.0,0.0,478.5645,1722832.0921,-3543624.1879,Normal
2025-03-14,JOB0005,WELL005,Prairie North 05,Williston,Saskatchewan,Horizontal,RIG005,Rig 44,CON005,FieldSafe Services,Intermediate,5266456.28,54425.25,320578.88,-582179.5007,-0.6449,47,6,-2.0566,6,60.95,617.1,3600,0.1714,18.68,24.0,0.7783,3.45,0.1438,27274.81,0.0,0.0,0.0,519.4926,1870173.3398,-3396282.9402,Normal
2025-03-15,JOB0005,WELL005,Prairie North 05,Williston,Saskatchewan,Horizontal,RIG005,Rig 44,CON005,FieldSafe Services,Intermediate,5266456.28,50434.55,371013.43,-621991.5306,-0.6264,47,7,-1.862,7,61.69,678.79,3600,0.1886,16.73,24.0,0.6971,3.73,0.1554,20781.42,0.0,0.0,0.0,546.5806,1967690.0779,-3298766.2021,Normal
2025-03-16,JOB0005,WELL005,Prairie North 05,Williston,Saskatchewan,Horizontal,RIG005,Rig 44,CON005,FieldSafe Services,Intermediate,5266456.28,48591.92,419605.35,-722674.3881,-0.6327,47,8,-2.1942,8,102.04,780.83,3600,0.2169,14.67,24.0,0.6112,4.88,0.2033,28123.38,0.0,0.0,0.0,537.3837,1934581.4838,-3331874.7962,Normal
2025-03-17,JOB0005,WELL005,Prairie North 05,Williston,Saskatchewan,Horizontal,RIG005,Rig 44,CON005,FieldSafe Services,Intermediate,5266456.28,56841.02,476446.37,-733902.3155,-0.6064,47,9,-1.8016,9,46.53,827.36,3600,0.2298,16.69,24.0,0.6954,5.2,0.2167,40941.08,0.0,0.0,0.0,575.8634,2073108.3591,-3193347.9209,Normal
2025-03-18,JOB0005,WELL005,Prairie North 05,Williston,Saskatchewan,Horizontal,RIG005,Rig 44,CON005,FieldSafe Services,Intermediate,5266456.28,57835.41,534281.78,-815452.4484,-0.6042,47,10,-2.0456,10,95.28,922.64,3600,0.2563,15.77,24.0,0.6571,6.78,0.2825,63890.8,0.0,0.0,0.0,579.0794,2084685.6932,-3181770.5868,Medium
2025-03-19,JOB0005,WELL005,Prairie North 05,Williston,Saskatchewan,Horizontal,RIG005,Rig 44,CON005,FieldSafe Services,Intermediate,5266456.28,47511.5,581793.28,-947951.3498,-0.6197,47,11,-2.6521,11,123.05,1045.69,3600,0.2905,19.43,24.0,0.8096,0.0,0.0,0.0,0.0,0.0,0.0,556.3726,2002941.4148,-3263514.8652,Normal
2025-03-20,JOB0005,WELL005,Prairie North 05,Williston,Saskatchewan,Horizontal,RIG005,Rig 44,CON005,FieldSafe Services,Intermediate,5266456.28,45844.44,627637.72,-1066698.2976,-0.6296,47,12,-3.1209,12,112.51,1158.2,3600,0.3217,23.11,24.0,0.9629,0.0,0.0,0.0,0.0,0.0,0.0,541.9079,1950868.4096,-3315587.8704,Normal
2025-03-21,JOB0005,WELL005,Prairie North 05,Williston,Saskatchewan,Horizontal,RIG005,Rig 44,CON005,FieldSafe Services,Intermediate,5266456.28,46272.18,673909.9,-1047138.7542,-0.6084,47,13,-2.3593,13,18.26,1176.46,3600,0.3268,19.26,24.0,0.8025,0.0,0.0,0.0,0.0,0.0,0.0,572.8286,2062182.8536,-3204273.4264,Normal
2025-03-22,JOB0005,WELL005,Prairie North 05,Williston,Saskatchewan,Horizontal,RIG005,Rig 44,CON005,FieldSafe Services,Intermediate,5266456.28,49380.77,723290.67,-1096167.5714,-0.6025,47,14,-2.2376,14,67.27,1243.73,3600,0.3455,17.24,24.0,0.7183,3.38,0.1408,24130.42,0.0,0.0,0.0,581.5496,2093578.5195,-3172877.7605,Normal
2025-03-23,JOB0005,WELL005,Prairie North 05,Williston,Saskatchewan,Horizontal,RIG005,Rig 44,CON005,FieldSafe Services,Intermediate,5266456.28,64315.43,787606.1,-1144832.2577,-0.5924,47,15,-2.2459,15,77.23,1320.96,3600,0.3669,13.88,24.0,0.5783,9.21,0.3838,82227.48,0.0,0.0,0.0,596.2377,2146455.5778,-3120000.7022,Medium
2025-03-24,JOB0005,WELL005,Prairie North 05,Williston,Saskatchewan,Horizontal,RIG005,Rig 44,CON005,FieldSafe Services,Intermediate,5266456.28,56746.92,844353.02,-1145080.0979,-0.5756,47,16,-1.7545,16,38.96,1359.92,3600,0.3778,15.15,24.0,0.6312,6.76,0.2817,60952.46,0.0,0.0,0.0,620.8843,2235183.5932,-3031272.6868,Medium
2025-03-25,JOB0005,WELL005,Prairie North 05,Williston,Saskatchewan,Horizontal,RIG005,Rig 44,CON005,FieldSafe Services,Intermediate,5266456.28,57663.2,902016.22,-1171680.1983,-0.565,47,17,-1.5065,17,57.6,1417.52,3600,0.3938,16.87,24.0,0.7029,4.56,0.19,37565.4,0.0,0.0,0.0,636.334,2290802.5227,-2975653.7573,Normal
2025-03-26,JOB0005,WELL005,Prairie North 05,Williston,Saskatchewan,Horizontal,RIG005,Rig 44,CON005,FieldSafe Services,Intermediate,5266456.28,76056.62,978072.84,-1181203.4929,-0.547,47,18,-1.2703,18,58.5,1476.02,3600,0.41,11.7,24.0,0.4875,11.91,0.4962,81737.02,0.0,0.0,0.0,662.642,2385511.1882,-2880945.0918,Medium
2025-03-27,JOB0005,WELL005,Prairie North 05,Williston,Saskatchewan,Horizontal,RIG005,Rig 44,CON005,FieldSafe Services,Intermediate,5266456.28,49179.15,1027251.99,-1282001.3145,-0.5552,47,19,-1.6087,19,102.52,1578.54,3600,0.4385,19.74,24.0,0.8225,0.0,0.0,0.0,0.0,0.0,0.0,650.7608,2342738.9639,-2923717.3161,Normal
2025-03-28,JOB0005,WELL005,Prairie North 05,Williston,Saskatchewan,Horizontal,RIG005,Rig 44,CON005,FieldSafe Services,Intermediate,5266456.28,50538.51,1077790.5,-1354683.2524,-0.5569,47,20,-1.7084,20,84.23,1662.77,3600,0.4619,19.57,24.0,0.8154,0.0,0.0,0.0,0.0,0.0,0.0,648.1898,2333483.1636,-2932973.1164,Normal
2025-03-29,JOB0005,WELL005,Prairie North 05,Williston,Saskatchewan,Horizontal,RIG005,Rig 44,CON005,FieldSafe Services,Intermediate,5266456.28,49079.65,1126870.15,-1436913.9123,-0.5605,47,21,-1.8803,21,89.76,1752.53,3600,0.4868,18.99,24.0,0.7912,3.59,0.1496,27569.75,0.0,0.0,0.0,642.9962,2314786.3603,-2951669.9197,Normal
2025-03-30,JOB0005,WELL005,Prairie North 05,Williston,Saskatchewan,Horizontal,RIG005,Rig 44,CON005,FieldSafe Services,Intermediate,5266456.28,45467.43,1172337.58,-1538336.7254,-0.5675,47,22,-2.1912,22,100.41,1852.94,3600,0.5147,22.1,24.0,0.9208,0.0,0.0,0.0,0.0,0.0,0.0,632.6905,2277685.8873,-2988770.3927,Normal
2025-03-31,JOB0005,WELL005,Prairie North 05,Williston,Saskatchewan,Horizontal,RIG005,Rig 44,CON005,FieldSafe Services,Intermediate,5266456.28,48036.17,1220373.75,-1606952.562,-0.5684,47,23,-2.2322,23,79.74,1932.68,3600,0.5369,22.08,24.0,0.92,0.0,0.0,0.0,0.0,0.0,0.0,631.4412,2273188.2671,-2993268.0129,Normal
2025-04-01,JOB0005,WELL005,Prairie North 05,Williston,Saskatchewan,Horizontal,RIG005,Rig 44,CON005,FieldSafe Services,Intermediate,5266456.28,49089.26,1269463.01,-1714657.4087,-0.5746,47,24,-2.6315,24,107.18,2039.86,3600,0.5666,20.67,24.0,0.8612,0.0,0.0,0.0,0.0,0.0,0.0,622.3285,2240382.5929,-3026073.6871,Normal
2025-04-02,JOB0005,WELL005,Prairie North 05,Williston,Saskatchewan,Horizontal,RIG005,Rig 44,CON005,FieldSafe Services,Intermediate,5266456.28,49783.25,1319246.26,-1745465.5688,-0.5695,47,25,-2.3507,25,55.09,2094.95,3600,0.5819,18.81,24.0,0.7837,3.59,0.1496,23252.0,0.0,0.0,0.0,629.7268,2267016.6524,-2999439.6276,Normal
2025-04-03,JOB0005,WELL005,Prairie North 05,Williston,Saskatchewan,Horizontal,RIG005,Rig 44,CON005,FieldSafe Services,Intermediate,5266456.28,51353.84,1370600.1,-1724730.3205,-0.5572,47,26,-1.624,26,20.93,2115.88,3600,0.5877,17.72,24.0,0.7383,5.33,0.2221,32986.06,0.0,0.0,0.0,647.7684,2331966.0661,-2934490.2139,Normal
2025-04-04,JOB0005,WELL005,Prairie North 05,Williston,Saskatchewan,Horizontal,RIG005,Rig 44,CON005,FieldSafe Services,Intermediate,5266456.28,41461.39,1412061.49,-1732905.2809,-0.551,47,27,-1.067,27,33.93,2149.81,3600,0.5972,22.8,24.0,0.95,0.0,0.0,0.0,0.0,0.0,0.0,656.8308,2364590.9936,-2901865.2864,Normal
2025-04-05,JOB0005,WELL005,Prairie North 05,Williston,Saskatchewan,Horizontal,RIG005,Rig 44,CON005,FieldSafe Services,Intermediate,5266456.28,74227.42,1486288.91,-1697122.9918,-0.5331,47,28,-0.4101,28,26.28,2176.09,3600,0.6045,8.95,24.0,0.3729,12.01,0.5004,106731.79,1.0,0.0,0.0,683.0089,2458832.1604,-2807624.1196,Medium
2025-04-06,JOB0005,WELL005,Prairie North 05,Williston,Saskatchewan,Horizontal,RIG005,Rig 44,CON005,FieldSafe Services,Intermediate,5266456.28,43720.63,1530009.54,-1819485.9122,-0.5432,47,29,-0.8923,29,113.53,2289.62,3600,0.636,22.88,24.0,0.9533,0.0,0.0,0.0,0.0,0.0,0.0,668.2373,2405654.3636,-2860801.9164,Normal
2025-04-07,JOB0005,WELL005,Prairie North 05,Williston,Saskatchewan,Horizontal,RIG005,Rig 44,CON005,FieldSafe Services,Intermediate,5266456.28,47966.98,1577976.52,-1833136.4706,-0.5374,47,30,-0.4422,30,42.12,2331.74,3600,0.6477,17.2,24.0,0.7167,3.63,0.1512,27998.42,0.0,0.0,0.0,676.7378,2436255.9599,-2830200.3201,Normal
2025-04-08,JOB0005,WELL005,Prairie North 05,Williston,Saskatchewan,Horizontal,RIG005,Rig 44,CON005,FieldSafe Services,Intermediate,5266456.28,71773.43,1649749.95,-1816880.2673,-0.5241,47,31,0.0624,31,37.95,2369.69,3600,0.6582,8.16,24.0,0.34,12.39,0.5162,109532.76,0.0,0.0,0.0,696.1881,2506277.1164,-2760179.1636,Medium
2025-04-09,JOB0005,WELL005,Prairie North 05,Williston,Saskatchewan,Horizontal,RIG005,Rig 44,CON005,FieldSafe Services,Intermediate,5266456.28,47740.8,1697490.75,-1847302.4559,-0.5211,47,32,0.3648,32,53.43,2423.12,3600,0.6731,20.76,24.0,0.865,0.0,0.0,0.0,0.0,0.0,0.0,700.5393,2521941.4226,-2744514.8574,Normal
2025-04-10,JOB0005,WELL005,Prairie North 05,Williston,Saskatchewan,Horizontal,RIG005,Rig 44,CON005,FieldSafe Services,Intermediate,5266456.28,57056.67,1754547.42,-1873192.4723,-0.5164,47,33,0.6246,33,56.7,2479.82,3600,0.6888,17.53,24.0,0.7304,5.97,0.2488,39124.26,0.0,0.0,0.0,707.5302,2547108.545,-2719347.735,Normal
2025-04-11,JOB0005,WELL005,Prairie North 05,Williston,Saskatchewan,Horizontal,RIG005,Rig 44,CON005,FieldSafe Services,Intermediate,5266456.28,67084.88,1821632.3,-1876926.8002,-0.5075,47,34,0.9926,34,48.41,2528.23,3600,0.7023,11.31,24.0,0.4712,11.04,0.46,82356.61,0.0,0.0,0.0,720.5168,2593860.6377,-2672595.6423,Medium
2025-04-12,JOB0005,WELL005,Prairie North 05,Williston,Saskatchewan,Horizontal,RIG005,Rig 44,CON005,FieldSafe Services,Intermediate,5266456.28,44008.36,1865640.66,-1910452.3799,-0.5059,47,35,1.3006,35,53.0,2581.23,3600,0.717,21.7,24.0,0.9042,0.0,0.0,0.0,0.0,0.0,0.0,722.772,2601979.0472,-2664477.2328,Normal
2025-04-13,JOB0005,WELL005,Prairie North 05,Williston,Saskatchewan,Horizontal,RIG005,Rig 44,CON005,FieldSafe Services,Production,5266456.28,56874.03,1922514.69,-1899791.5038,-0.497,47,36,1.8882,36,31.59,2612.82,3600,0.7258,18.26,24.0,0.7608,4.21,0.1754,39191.65,0.0,0.0,0.0,735.8007,2648882.3891,-2617573.8909,Normal
2025-04-14,JOB0005,WELL005,Prairie North 05,Williston,Saskatchewan,Horizontal,RIG005,Rig 44,CON005,FieldSafe Services,Production,5266456.28,46524.17,1969038.86,-1909559.8998,-0.4923,47,37,2.3858,37,38.48,2651.3,3600,0.7365,23.15,24.0,0.9646,0.0,0.0,0.0,0.0,0.0,0.0,742.6692,2673609.1336,-2592847.1464,Medium
2025-04-15,JOB0005,WELL005,Prairie North 05,Williston,Saskatchewan,Horizontal,RIG005,Rig 44,CON005,FieldSafe Services,Production,5266456.28,46039.98,2015078.84,-1939634.8421,-0.4905,47,38,2.7065,38,52.03,2703.33,3600,0.7509,18.95,24.0,0.7896,3.8,0.1583,30239.46,0.0,0.0,0.0,745.4062,2683462.1833,-2582994.0967,Medium
2025-04-16,JOB0005,WELL005,Prairie North 05,Williston,Saskatchewan,Horizontal,RIG005,Rig 44,CON005,FieldSafe Services,Production,5266456.28,48357.17,2063436.01,-1991632.9223,-0.4911,47,39,2.8109,39,68.6,2771.93,3600,0.77,20.04,24.0,0.835,0.0,0.0,0.0,0.0,0.0,0.0,744.4041,2679854.6991,-2586601.5809,Medium
2025-04-17,JOB0005,WELL005,Prairie North 05,Williston,Saskatchewan,Horizontal,RIG005,Rig 44,CON005,FieldSafe Services,Production,5266456.28,46705.44,2110141.45,-2004584.7287,-0.4872,47,40,3.2785,40,40.78,2812.71,3600,0.7813,16.63,24.0,0.6929,4.78,0.1992,32926.4,0.0,0.0,0.0,750.2165,2700779.3978,-2565676.8822,Medium
2025-04-18,JOB0005,WELL005,Prairie North 05,Williston,Saskatchewan,Horizontal,RIG005,Rig 44,CON005,FieldSafe Services,Production,5266456.28,38841.42,2148982.87,-2018934.5171,-0.4844,47,41,3.8038,41,36.36,2849.07,3600,0.7914,22.86,24.0,0.9525,0.0,0.0,0.0,0.0,0.0,0.0,754.2752,2715390.7528,-2551065.5272,Medium
2025-04-19,JOB0005,WELL005,Prairie North 05,Williston,Saskatchewan,Horizontal,RIG005,Rig 44,CON005,FieldSafe Services,Production,5266456.28,48469.21,2197452.08,-2063447.5186,-0.4843,47,42,3.974,42,63.56,2912.63,3600,0.8091,21.23,24.0,0.8846,0.0,0.0,0.0,0.0,0.0,0.0,754.4563,2716042.7133,-2550413.5667,Medium
2025-04-20,JOB0005,WELL005,Prairie North 05,Williston,Saskatchewan,Horizontal,RIG005,Rig 44,CON005,FieldSafe Services,Production,5266456.28,50560.51,2248012.59,-2060314.3732,-0.4782,47,43,4.5507,43,32.42,2945.05,3600,0.8181,17.39,24.0,0.7246,3.51,0.1462,26976.47,0.0,0.0,0.0,763.319,2747948.3622,-2518507.9178,Medium
2025-04-21,JOB0005,WELL005,Prairie North 05,Williston,Saskatchewan,Horizontal,RIG005,Rig 44,CON005,FieldSafe Services,Production,5266456.28,49462.34,2297474.93,-2083353.5813,-0.4756,47,44,4.9037,44,49.56,2994.61,3600,0.8318,19.66,24.0,0.8192,0.0,0.0,0.0,0.0,0.0,0.0,767.2034,2761932.1875,-2504524.0925,Medium
2025-04-22,JOB0005,WELL005,Prairie North 05,Williston,Saskatchewan,Horizontal,RIG005,Rig 44,CON005,FieldSafe Services,Production,5266456.28,49962.21,2347437.14,-2201128.0038,-0.4839,47,45,4.4068,45,114.66,3109.27,3600,0.8637,16.8,24.0,0.7,4.15,0.1729,24857.78,0.0,0.0,0.0,754.9802,2717928.5504,-2548527.7296,Medium
2025-04-23,JOB0005,WELL005,Prairie North 05,Williston,Saskatchewan,Horizontal,RIG005,Rig 44,CON005,FieldSafe Services,Production,5266456.28,40518.08,2387955.22,-2317886.789,-0.4926,47,46,4.0031,46,107.51,3216.78,3600,0.8936,23.44,24.0,0.9767,0.0,0.0,0.0,0.0,0.0,0.0,742.3433,2672436.036,-2594020.244,Medium
2025-04-24,JOB0005,WELL005,Prairie North 05,Williston,Saskatchewan,Horizontal,RIG005,Rig 44,CON005,FieldSafe Services,Production,5266456.28,43456.79,2431412.01,-2368480.1307,-0.4934,47,47,4.1638,47,64.29,3281.07,3600,0.9114,19.8,24.0,0.825,0.0,0.0,0.0,0.0,0.0,0.0,741.0424,2667752.6648,-2598703.6152,Medium
2025-04-25,JOB0005,WELL005,Prairie North 05,Williston,Saskatchewan,Horizontal,RIG005,Rig 44,CON005,FieldSafe Services,Production,5266456.28,45294.7,2476706.71,-2378863.5768,-0.4899,47,48,4.6669,48,38.06,3319.13,3600,0.922,20.34,24.0,0.8475,0.0,0.0,0.0,0.0,0.0,0.0,746.1915,2686289.5265,-2580166.7535,Medium
2025-04-26,JOB0005,WELL005,Prairie North 05,Williston,Saskatchewan,Horizontal,RIG005,Rig 44,CON005,FieldSafe Services,Production,5266456.28,50267.63,2526974.34,-2384361.8672,-0.4855,47,49,5.1692,49,38.12,3357.25,3600,0.9326,20.26,24.0,0.8442,0.0,0.0,0.0,1.0,0.0,0.0,752.6917,2709690.2596,-2556766.0204,High
2025-04-27,JOB0005,WELL005,Prairie North 05,Williston,Saskatchewan,Horizontal,RIG005,Rig 44,CON005,FieldSafe Services,Production,5266456.28,55091.35,2582065.69,-2379652.949,-0.4796,47,50,5.7196,50,34.44,3391.69,3600,0.9421,15.22,24.0,0.6342,6.47,0.2696,52831.52,0.0,0.0,0.0,761.2918,2740650.379,-2525805.901,High
2025-04-28,JOB0005,WELL005,Prairie North 05,Williston,Saskatchewan,Horizontal,RIG005,Rig 44,CON005,FieldSafe Services,Production,5266456.28,48946.52,2631012.21,-2405899.7214,-0.4777,47,51,6.0485,51,51.4,3443.09,3600,0.9564,17.18,24.0,0.7158,0.0,0.0,0.0,0.0,0.0,0.0,764.1427,2750913.8466,-2515542.4334,High
2025-04-29,JOB0005,WELL005,Prairie North 05,Williston,Saskatchewan,Horizontal,RIG005,Rig 44,CON005,FieldSafe Services,Production,5266456.28,45056.72,2676068.93,-2428078.0933,-0.4757,47,52,6.4485,52,45.96,3489.05,3600,0.9692,18.89,24.0,0.7871,0.0,0.0,0.0,0.0,0.0,0.0,766.9907,2761166.5491,-2505289.7309,High
2025-04-30,JOB0005,WELL005,Prairie North 05,Williston,Saskatchewan,Horizontal,RIG005,Rig 44,CON005,FieldSafe Services,Production,5266456.28,48824.9,2724893.83,-2432971.0473,-0.4717,47,53,6.9691,53,36.72,3525.77,3600,0.9794,19.26,24.0,0.8025,3.93,0.1638,23620.11,0.0,0.0,0.0,772.8507,2782262.5378,-2484193.7422,High
2025-05-01,JOB0005,WELL005,Prairie North 05,Williston,Saskatchewan,Horizontal,RIG005,Rig 44,CON005,FieldSafe Services,Production,5266456.28,41203.78,2766097.61,-2500358.67,-0.4748,47,54,7.0,54,74.23,3600.0,3600,1.0,20.98,24.0,0.8742,0.0,0.0,0.0,0.0,0.0,0.0,768.3604,2766097.61,-2500358.67,High
2025-04-03,JOB0006,WELL006,Peace River 06,Peace River,Alberta,Directional,RIG001,Rig 12,CON006,Ironhorse Rentals,Surface,3293996.61,82704.31,82704.31,-27080.6889,0.0,40,1,-0.3332,1,98.32,98.32,2950,0.0333,14.63,24.0,0.6096,7.05,0.2938,48701.8,0.0,0.0,0.0,841.1748,3293996.61,0.0,Medium
2025-04-04,JOB0006,WELL006,Peace River 06,Peace River,Alberta,Directional,RIG001,Rig 12,CON006,Ironhorse Rentals,Surface,3293996.61,56229.4,138933.71,-17503.2137,0.0,40,2,0.1003,2,41.78,140.1,2950,0.0475,20.11,24.0,0.8379,0.0,0.0,0.0,0.0,0.0,0.0,991.6753,3293996.61,0.0,Normal
2025-04-05,JOB0006,WELL006,Peace River 06,Peace River,Alberta,Directional,RIG001,Rig 12,CON006,Ironhorse Rentals,Surface,3293996.61,70984.64,209918.35,-50988.5137,0.0,40,3,-0.1683,3,93.56,233.66,2950,0.0792,19.63,24.0,0.8179,3.25,0.1354,30532.54,1.0,0.0,0.0,898.3923,3293996.61,0.0,Normal
2025-04-06,JOB0006,WELL006,Peace River 06,Peace River,Alberta,Directional,RIG001,Rig 12,CON006,Ironhorse Rentals,Surface,3293996.61,62668.57,272586.92,-40968.059,0.0,40,4,0.1924,4,47.15,280.81,2950,0.0952,17.83,24.0,0.7429,0.0,0.0,0.0,0.0,0.0,0.0,970.7166,3293996.61,0.0,Normal
2025-04-07,JOB0006,WELL006,Peace River 06,Peace River,Alberta,Directional,RIG001,Rig 12,CON006,Ironhorse Rentals,Intermediate,3293996.61,80677.29,353264.21,-30882.7913,-0.0804,40,5,0.3352,5,63.22,344.03,2950,0.1166,11.85,24.0,0.4938,10.63,0.4429,83035.34,0.0,0.0,0.0,1026.8413,3029181.8141,-264814.7959,Medium
2025-04-08,JOB0006,WELL006,Peace River 06,Peace River,Alberta,Directional,RIG001,Rig 12,CON006,Ironhorse Rentals,Intermediate,3293996.61,66675.32,419939.53,-150536.0185,-0.2639,40,6,-0.9275,6,166.87,510.9,2950,0.1732,16.5,24.0,0.6875,6.02,0.2508,54000.04,0.0,0.0,0.0,821.9603,2424782.9585,-869213.6515,Medium
2025-04-09,JOB0006,WELL006,Peace River 06,Peace River,Alberta,Directional,RIG001,Rig 12,CON006,Ironhorse Rentals,Intermediate,3293996.61,72649.21,492588.74,-179643.3885,-0.2672,40,7,-1.1631,7,91.13,602.03,2950,0.2041,16.59,24.0,0.6912,6.59,0.2746,60395.54,0.0,0.0,0.0,818.2129,2413728.1913,-880268.4187,Medium
2025-04-10,JOB0006,WELL006,Peace River 06,Peace River,Alberta,Directional,RIG001,Rig 12,CON006,Ironhorse Rentals,Intermediate,3293996.61,61342.15,553930.89,-165690.1253,-0.2302,40,8,-0.7386,8,42.44,644.47,2950,0.2185,19.94,24.0,0.8308,3.7,0.1542,27572.77,0.0,0.0,0.0,859.5138,2535565.8533,-758430.7567,Normal
2025-04-11,JOB0006,WELL006,Peace River 06,Peace River,Alberta,Directional,RIG001,Rig 12,CON006,Ironhorse Rentals,Intermediate,3293996.61,77765.2,631696.09,-213632.7688,-0.2527,40,9,-1.2651,9,112.58,757.05,2950,0.2566,12.16,24.0,0.5067,10.08,0.42,88708.76,0.0,0.0,0.0,834.4179,2461532.8783,-832463.7317,Medium
2025-04-12,JOB0006,WELL006,Peace River 06,Peace River,Alberta,Directional,RIG001,Rig 12,CON006,Ironhorse Rentals,Intermediate,3293996.61,65363.95,697060.04,-220859.5713,-0.2406,40,10,-1.1466,10,65.01,822.06,2950,0.2787,17.42,24.0,0.7258,4.25,0.1771,25337.21,0.0,0.0,0.0,847.943,2501431.9125,-792564.6975,Normal
2025-04-13,JOB0006,WELL006,Peace River 06,Peace River,Alberta,Directional,RIG001,Rig 12,CON006,Ironhorse Rentals,Intermediate,3293996.61,75443.1,772503.14,-318100.0563,-0.2917,40,11,-2.2435,11,154.65,976.71,2950,0.3311,15.31,24.0,0.6379,6.94,0.2892,55479.66,0.0,0.0,0.0,790.9238,2333225.075,-960771.535,Medium
2025-04-14,JOB0006,WELL006,Peace River 06,Peace River,Alberta,Directional,RIG001,Rig 12,CON006,Ironhorse Rentals,Intermediate,3293996.61,76927.55,849430.69,-348579.1279,-0.291,40,12,-2.5478,12,96.19,1072.9,2950,0.3637,15.76,24.0,0.6567,6.16,0.2567,51724.23,0.0,0.0,0.0,791.7147,2335558.333,-958438.277,Medium
2025-04-15,JOB0006,WELL006,Peace River 06,Peace River,Alberta,Directional,RIG001,Rig 12,CON006,Ironhorse Rentals,Intermediate,3293996.61,62811.56,912242.25,-347728.2025,-0.276,40,13,-2.3002,13,55.49,1128.39,2950,0.3825,20.91,24.0,0.8712,0.0,0.0,0.0,0.0,0.0,0.0,808.4459,2384915.3551,-909081.2549,Normal
2025-04-16,JOB0006,WELL006,Peace River 06,Peace River,Alberta,Directional,RIG001,Rig 12,CON006,Ironhorse Rentals,Intermediate,3293996.61,93798.45,1006040.7,-298471.2863,-0.2288,40,14,-1.8411,14,39.89,1168.28,2950,0.396,12.66,24.0,0.5275,9.54,0.3975,85180.85,0.0,0.0,0.0,861.1298,2540332.8526,-753663.7574,Medium
2025-04-17,JOB0006,WELL006,Peace River 06,Peace River,Alberta,Directional,RIG001,Rig 12,CON006,Ironhorse Rentals,Intermediate,3293996.61,63740.98,1069781.68,-341656.7861,-0.2421,40,15,-2.1395,15,95.76,1264.04,2950,0.4285,18.92,24.0,0.7883,0.0,0.0,0.0,0.0,0.0,0.0,846.3195,2496642.4765,-797354.1335,Normal
2025-04-18,JOB0006,WELL006,Peace River 06,Peace River,Alberta,Directional,RIG001,Rig 12,CON006,Ironhorse Rentals,Intermediate,3293996.61,64709.13,1134490.81,-332956.7645,-0.2269,40,16,-1.8197,16,50.16,1314.2,2950,0.4455,19.97,24.0,0.8321,0.0,0.0,0.0,0.0,0.0,0.0,863.2558,2546604.6945,-747391.9155,Normal
2025-04-19,JOB0006,WELL006,Peace River 06,Peace River,Alberta,Directional,RIG001,Rig 12,CON006,Ironhorse Rentals,Intermediate,3293996.61,90530.83,1225021.64,-351652.6289,-0.223,40,17,-2.146,17,97.82,1412.02,2950,0.4787,9.39,24.0,0.3913,11.71,0.4879,80922.33,0.0,0.0,0.0,867.5668,2559321.9912,-734674.6188,Medium
2025-04-20,JOB0006,WELL006,Peace River 06,Peace River,Alberta,Directional,RIG001,Rig 12,CON006,Ironhorse Rentals,Intermediate,3293996.61,62197.74,1287219.38,-375634.7731,-0.2259,40,18,-2.1925,18,77.18,1489.2,2950,0.5048,20.67,24.0,0.8612,0.0,0.0,0.0,0.0,0.0,0.0,864.3697,2549890.6601,-744105.9499,Normal
2025-04-21,JOB0006,WELL006,Peace River 06,Peace River,Alberta,Directional,RIG001,Rig 12,CON006,Ironhorse Rentals,Intermediate,3293996.61,61362.99,1348582.37,-357529.2165,-0.2096,40,19,-1.7178,19,38.74,1527.94,2950,0.5179,21.86,24.0,0.9108,0.0,0.0,0.0,0.0,0.0,0.0,882.6147,2603713.491,-690283.119,Normal
2025-04-22,JOB0006,WELL006,Peace River 06,Peace River,Alberta,Directional,RIG001,Rig 12,CON006,Ironhorse Rentals,Intermediate,3293996.61,56509.12,1405091.49,-345606.2947,-0.1974,40,20,-1.2593,20,39.93,1567.87,2950,0.5315,20.29,24.0,0.8454,0.0,0.0,0.0,0.0,0.0,0.0,896.1786,2643726.7729,-650269.8371,Normal
2025-04-23,JOB0006,WELL006,Peace River 06,Peace River,Alberta,Directional,RIG001,Rig 12,CON006,Ironhorse Rentals,Intermediate,3293996.61,64837.87,1469929.36,-316332.422,-0.1771,40,21,-0.6911,21,31.85,1599.72,2950,0.5423,21.18,24.0,0.8825,0.0,0.0,0.0,0.0,0.0,0.0,918.8667,2710656.6224,-583339.9876,Normal
2025-04-24,JOB0006,WELL006,Peace River 06,Peace River,Alberta,Directional,RIG001,Rig 12,CON006,Ironhorse Rentals,Intermediate,3293996.61,58638.96,1528568.32,-340333.6956,-0.1821,40,22,-0.6946,22,74.01,1673.73,2950,0.5674,22.88,24.0,0.9533,0.0,0.0,0.0,0.0,0.0,0.0,913.2706,2694148.1266,-599848.4834,Normal
2025-04-25,JOB0006,WELL006,Peace River 06,Peace River,Alberta,Directional,RIG001,Rig 12,CON006,Ironhorse Rentals,Intermediate,3293996.61,60658.82,1589227.14,-528477.6975,-0.2496,40,23,-2.7159,23,222.82,1896.55,2950,0.6429,21.69,24.0,0.9038,0.0,0.0,0.0,0.0,0.0,0.0,837.9569,2471972.8259,-822023.7841,Normal
2025-04-26,JOB0006,WELL006,Peace River 06,Peace River,Alberta,Directional,RIG001,Rig 12,CON006,Ironhorse Rentals,Intermediate,3293996.61,59749.19,1648976.33,-509361.9098,-0.236,40,24,-2.2094,24,36.39,1932.94,2950,0.6552,20.33,24.0,0.8471,0.0,0.0,0.0,0.0,0.0,0.0,853.0924,2516622.4371,-777374.1729,Normal
2025-04-27,JOB0006,WELL006,Peace River 06,Peace River,Alberta,Directional,RIG001,Rig 12,CON006,Ironhorse Rentals,Intermediate,3293996.61,71485.35,1720461.68,-552552.3062,-0.2431,40,25,-2.6019,25,102.7,2035.64,2950,0.69,18.42,24.0,0.7675,4.69,0.1954,38158.28,0.0,0.0,0.0,845.1699,2493251.2409,-800745.3691,Normal
2025-04-28,JOB0006,WELL006,Peace River 06,Peace River,Alberta,Directional,RIG001,Rig 12,CON006,Ironhorse Rentals,Intermediate,3293996.61,68057.47,1788519.15,-543060.9793,-0.2329,40,26,-2.3131,26,52.45,2088.09,2950,0.7078,19.16,24.0,0.7983,0.0,0.0,0.0,0.0,0.0,0.0,856.5336,2526773.986,-767222.624,Normal
2025-04-29,JOB0006,WELL006,Peace River 06,Peace River,Alberta,Directional,RIG001,Rig 12,CON006,Ironhorse Rentals,Intermediate,3293996.61,60981.05,1849500.2,-519419.3349,-0.2193,40,27,-1.7665,27,33.44,2121.53,2950,0.7192,20.73,24.0,0.8638,0.0,0.0,0.0,0.0,0.0,0.0,871.7766,2571740.9558,-722255.6542,Normal
2025-04-30,JOB0006,WELL006,Peace River 06,Peace River,Alberta,Directional,RIG001,Rig 12,CON006,Ironhorse Rentals,Production,3293996.61,82902.5,1932402.7,-461394.8839,-0.1927,40,28,-1.0686,28,22.28,2143.81,2950,0.7267,9.38,24.0,0.3908,12.15,0.5062,99821.42,0.0,0.0,0.0,901.3871,2659091.9741,-634904.6359,Medium
2025-05-01,JOB0006,WELL006,Peace River 06,Peace River,Alberta,Directional,RIG001,Rig 12,CON006,Ironhorse Rentals,Production,3293996.61,72139.33,2004542.03,-496740.3382,-0.1986,40,29,-1.3738,29,96.26,2240.07,2950,0.7593,16.99,24.0,0.7079,4.01,0.1671,32179.71,0.0,0.0,0.0,894.8569,2639827.7681,-654168.8419,Normal
2025-05-02,JOB0006,WELL006,Peace River 06,Peace River,Alberta,Directional,RIG001,Rig 12,CON006,Ironhorse Rentals,Production,3293996.61,64736.9,2069278.93,-471296.9096,-0.1855,40,30,-0.851,30,35.19,2275.26,2950,0.7713,20.83,24.0,0.8679,0.0,0.0,0.0,0.0,0.0,0.0,909.4692,2682934.1893,-611062.4207,Normal
2025-05-03,JOB0006,WELL006,Peace River 06,Peace River,Alberta,Directional,RIG001,Rig 12,CON006,Ironhorse Rentals,Production,3293996.61,60373.65,2129652.58,-467222.6864,-0.1799,40,31,-0.5346,31,50.42,2325.68,2950,0.7884,19.1,24.0,0.7958,0.0,0.0,0.0,0.0,0.0,0.0,915.7118,2701349.7605,-592646.8495,Normal
2025-05-04,JOB0006,WELL006,Peace River 06,Peace River,Alberta,Directional,RIG001,Rig 12,CON006,Ironhorse Rentals,Production,3293996.61,75785.68,2205438.26,-459717.648,-0.1725,40,32,-0.3638,32,61.15,2386.83,2950,0.8091,11.79,24.0,0.4912,9.85,0.4104,73430.44,0.0,0.0,0.0,924.0031,2725809.0719,-568187.5381,Medium
2025-05-05,JOB0006,WELL006,Peace River 06,Peace River,Alberta,Directional,RIG001,Rig 12,CON006,Ironhorse Rentals,Production,3293996.61,58454.96,2263893.22,-580880.415,-0.2042,40,33,-1.5449,33,160.86,2547.69,2950,0.8636,22.56,24.0,0.94,0.0,0.0,0.0,0.0,0.0,0.0,888.6062,2621388.3946,-672608.2154,Normal
2025-05-06,JOB0006,WELL006,Peace River 06,Peace River,Alberta,Directional,RIG001,Rig 12,CON006,Ironhorse Rentals,Production,3293996.61,74280.38,2338173.6,-539428.3402,-0.1875,40,34,-0.9436,34,29.4,2577.09,2950,0.8736,17.08,24.0,0.7117,5.04,0.21,38392.2,0.0,0.0,0.0,907.2922,2676511.9262,-617484.6838,Normal
2025-05-07,JOB0006,WELL006,Peace River 06,Peace River,Alberta,Directional,RIG001,Rig 12,CON006,Ironhorse Rentals,Production,3293996.61,71474.74,2409648.34,-513846.231,-0.1758,40,35,-0.5009,35,41.1,2618.19,2950,0.8875,18.95,24.0,0.7896,0.0,0.0,0.0,0.0,0.0,0.0,920.3489,2715029.3153,-578967.2947,Normal
2025-05-08,JOB0006,WELL006,Peace River 06,Peace River,Alberta,Directional,RIG001,Rig 12,CON006,Ironhorse Rentals,Production,3293996.61,63093.33,2472741.67,-599585.7173,-0.1952,40,36,-1.3082,36,133.29,2751.48,2950,0.9327,22.16,24.0,0.9233,0.0,0.0,0.0,0.0,0.0,0.0,898.6951,2651150.6268,-642845.9832,Normal
2025-05-09,JOB0006,WELL006,Peace River 06,Peace River,Alberta,Directional,RIG001,Rig 12,CON006,Ironhorse Rentals,Production,3293996.61,74146.8,2546888.47,-690741.7167,-0.2133,40,37,-2.3155,37,148.04,2899.52,2950,0.9829,18.95,24.0,0.7896,4.22,0.1758,30199.22,1.0,1.0,0.0,878.3828,2591229.2333,-702767.3767,Medium
2025-05-10,JOB0006,WELL006,Peace River 06,Peace River,Alberta,Directional,RIG001,Rig 12,CON006,Ironhorse Rentals,Production,3293996.61,69943.69,2616832.16,-677142.1178,-0.2056,40,38,-1.9997,38,50.46,2949.98,2950,1.0,19.0,24.0,0.7917,3.88,0.1617,31614.02,0.0,0.0,0.0,887.0678,2616849.9014,-677146.7086,Normal
2025-04-23,JOB0007,WELL007,Northern Lights 07,Deep Basin,Alberta,Horizontal,RIG002,Rig 18,CON001,Northstar Drilling Services,Surface,5120820.87,64797.53,64797.53,45779.0395,0.0,47,1,0.8254,1,15.97,15.97,4300,0.0037,19.64,24.0,0.8183,4.17,0.1737,38391.5,0.0,0.0,0.0,4057.4534,5120820.87,0.0,Normal
2025-04-24,JOB0007,WELL007,Northern Lights 07,Deep Basin,Alberta,Horizontal,RIG002,Rig 18,CON001,Northstar Drilling Services,Surface,5120820.87,85560.29,150357.82,27922.5657,0.0,47,2,0.8763,2,86.84,102.81,4300,0.0239,12.39,24.0,0.5162,9.42,0.3925,71297.73,0.0,0.0,0.0,1462.4824,5120820.87,0.0,Medium
2025-04-25,JOB0007,WELL007,Northern Lights 07,Deep Basin,Alberta,Horizontal,RIG002,Rig 18,CON001,Northstar Drilling Services,Surface,5120820.87,68509.9,218867.72,-62717.8834,0.0,47,3,0.4155,3,133.64,236.45,4300,0.055,18.98,24.0,0.7908,3.77,0.1571,31678.78,0.0,0.0,0.0,925.6406,5120820.87,0.0,Normal
2025-04-26,JOB0007,WELL007,Northern Lights 07,Deep Basin,Alberta,Horizontal,RIG002,Rig 18,CON001,Northstar Drilling Services,Surface,5120820.87,59488.42,278356.14,-121317.9745,0.0,47,4,0.3317,4,99.16,335.61,4300,0.078,22.16,24.0,0.9233,0.0,0.0,0.0,0.0,0.0,0.0,829.4036,5120820.87,0.0,Normal
2025-04-27,JOB0007,WELL007,Northern Lights 07,Deep Basin,Alberta,Horizontal,RIG002,Rig 18,CON001,Northstar Drilling Services,Intermediate,5120820.87,62024.58,340380.72,-205415.4225,-0.3764,47,5,-0.0094,5,122.7,458.31,4300,0.1066,16.48,24.0,0.6867,4.17,0.1737,37647.1,0.0,0.0,0.0,742.6867,3193552.6085,-1927268.2615,Normal
2025-04-28,JOB0007,WELL007,Northern Lights 07,Deep Basin,Alberta,Horizontal,RIG002,Rig 18,CON001,Northstar Drilling Services,Intermediate,5120820.87,70518.15,410898.87,-254129.0366,-0.3821,47,6,-0.1038,6,100.12,558.43,4300,0.1299,18.32,24.0,0.7633,4.36,0.1817,34029.51,0.0,0.0,0.0,735.8109,3163986.7862,-1956834.0838,Normal
2025-04-29,JOB0007,WELL007,Northern Lights 07,Deep Basin,Alberta,Horizontal,RIG002,Rig 18,CON001,Northstar Drilling Services,Intermediate,5120820.87,56333.48,467232.35,-237678.415,-0.3372,47,7,0.5302,7,33.49,591.92,4300,0.1377,20.36,24.0,0.8483,0.0,0.0,0.0,0.0,0.0,0.0,789.3505,3394207.1648,-1726613.7052,Normal
2025-04-30,JOB0007,WELL007,Northern Lights 07,Deep Basin,Alberta,Horizontal,RIG002,Rig 18,CON001,Northstar Drilling Services,Intermediate,5120820.87,74960.43,542192.78,-289261.8049,-0.3479,47,8,0.3687,8,106.26,698.18,4300,0.1624,19.93,24.0,0.8304,0.0,0.0,0.0,0.0,0.0,0.0,776.5802,3339294.9583,-1781525.9117,Normal
2025-05-01,JOB0007,WELL007,Northern Lights 07,Deep Basin,Alberta,Horizontal,RIG002,Rig 18,CON001,Northstar Drilling Services,Intermediate,5120820.87,65733.48,607926.26,-296112.9835,-0.3275,47,9,0.7025,9,60.95,759.13,4300,0.1765,21.62,24.0,0.9008,0.0,0.0,0.0,0.0,0.0,0.0,800.8197,3443524.7165,-1677296.1535,Normal
2025-05-02,JOB0007,WELL007,Northern Lights 07,Deep Basin,Alberta,Horizontal,RIG002,Rig 18,CON001,Northstar Drilling Services,Intermediate,5120820.87,75647.45,683573.71,-294419.714,-0.301,47,10,1.0238,10,62.1,821.23,4300,0.191,15.52,24.0,0.6467,6.47,0.2696,38428.99,0.0,0.0,0.0,832.3779,3579225.0076,-1541595.8624,Medium
2025-05-03,JOB0007,WELL007,Northern Lights 07,Deep Basin,Alberta,Horizontal,RIG002,Rig 18,CON001,Northstar Drilling Services,Intermediate,5120820.87,73656.39,757230.1,-333528.5631,-0.3058,47,11,0.9888,11,94.69,915.92,4300,0.213,17.17,24.0,0.7154,5.48,0.2283,44286.19,0.0,0.0,0.0,826.7426,3554993.2636,-1565827.6064,Normal
2025-05-04,JOB0007,WELL007,Northern Lights 07,Deep Basin,Alberta,Horizontal,RIG002,Rig 18,CON001,Northstar Drilling Services,Intermediate,5120820.87,63337.82,820567.92,-337404.4942,-0.2914,47,12,1.3719,12,56.44,972.36,4300,0.2261,18.85,24.0,0.7854,0.0,0.0,0.0,1.0,0.0,0.0,843.8931,3628740.4418,-1492080.4282,Normal
2025-05-05,JOB0007,WELL007,Northern Lights 07,Deep Basin,Alberta,Horizontal,RIG002,Rig 18,CON001,Northstar Drilling Services,Intermediate,5120820.87,74086.92,894654.84,-375689.8201,-0.2957,47,13,1.3405,13,94.36,1066.72,4300,0.2481,16.74,24.0,0.6975,6.3,0.2625,49296.69,0.0,0.0,0.0,838.697,3606397.0039,-1514423.8661,Medium
2025-05-06,JOB0007,WELL007,Northern Lights 07,Deep Basin,Alberta,Horizontal,RIG002,Rig 18,CON001,Northstar Drilling Services,Intermediate,5120820.87,69137.45,963792.29,-569452.9318,-0.3714,47,14,-0.0725,14,220.76,1287.48,4300,0.2994,17.46,24.0,0.7275,4.03,0.1679,35837.62,0.0,0.0,0.0,748.5882,3218929.1072,-1901891.7628,Normal
2025-05-07,JOB0007,WELL007,Northern Lights 07,Deep Basin,Alberta,Horizontal,RIG002,Rig 18,CON001,Northstar Drilling Services,Intermediate,5120820.87,78222.29,1042014.58,-588085.6095,-0.3608,47,15,0.0386,15,81.33,1368.81,4300,0.3183,17.84,24.0,0.7433,3.84,0.16,23660.95,0.0,0.0,0.0,761.2558,3273400.0292,-1847420.8408,Normal
2025-05-08,JOB0007,WELL007,Northern Lights 07,Deep Basin,Alberta,Horizontal,RIG002,Rig 18,CON001,Northstar Drilling Services,Intermediate,5120820.87,57360.94,1099375.52,-612610.1679,-0.3578,47,16,0.287,16,68.76,1437.57,4300,0.3343,21.17,24.0,0.8821,0.0,0.0,0.0,0.0,0.0,0.0,764.7457,3288406.6418,-1832414.2282,Normal
2025-05-09,JOB0007,WELL007,Northern Lights 07,Deep Basin,Alberta,Horizontal,RIG002,Rig 18,CON001,Northstar Drilling Services,Intermediate,5120820.87,76039.67,1175415.19,-592292.1743,-0.3351,47,17,0.7756,17,46.79,1484.36,4300,0.3452,19.94,24.0,0.8308,0.0,0.0,0.0,0.0,0.0,0.0,791.8667,3405026.6222,-1715794.2478,Normal
2025-05-10,JOB0007,WELL007,Northern Lights 07,Deep Basin,Alberta,Horizontal,RIG002,Rig 18,CON001,Northstar Drilling Services,Intermediate,5120820.87,84886.56,1260301.75,-565175.6191,-0.3096,47,18,1.2454,18,48.51,1532.87,4300,0.3565,12.23,24.0,0.5096,10.63,0.4429,77384.18,0.0,0.0,0.0,822.1844,3535392.7763,-1585428.0937,Medium
2025-05-11,JOB0007,WELL007,Northern Lights 07,Deep Basin,Alberta,Horizontal,RIG002,Rig 18,CON001,Northstar Drilling Services,Intermediate,5120820.87,59118.24,1319419.99,-585751.6425,-0.3075,47,19,1.5139,19,66.92,1599.79,4300,0.372,22.89,24.0,0.9538,0.0,0.0,0.0,0.0,0.0,0.0,824.7457,3546406.689,-1574414.181,Normal
2025-05-12,JOB0007,WELL007,Northern Lights 07,Deep Basin,Alberta,Horizontal,RIG002,Rig 18,CON001,Northstar Drilling Services,Intermediate,5120820.87,59563.56,1378983.55,-586982.9442,-0.2986,47,20,1.9559,20,51.05,1650.84,4300,0.3839,22.09,24.0,0.9204,0.0,0.0,0.0,0.0,0.0,0.0,835.3224,3591886.1095,-1528934.7605,Normal
2025-05-13,JOB0007,WELL007,Northern Lights 07,Deep Basin,Alberta,Horizontal,RIG002,Rig 18,CON001,Northstar Drilling Services,Intermediate,5120820.87,76596.21,1455579.76,-674669.813,-0.3167,47,21,1.4481,21,137.95,1788.79,4300,0.416,18.95,24.0,0.7896,4.86,0.2025,32523.45,0.0,0.0,0.0,813.7231,3499009.3683,-1621811.5017,Normal
2025-05-14,JOB0007,WELL007,Northern Lights 07,Deep Basin,Alberta,Horizontal,RIG002,Rig 18,CON001,Northstar Drilling Services,Intermediate,5120820.87,61511.65,1517091.41,-739237.5364,-0.3276,47,22,1.2909,22,105.87,1894.66,4300,0.4406,21.19,24.0,0.8829,0.0,0.0,0.0,0.0,0.0,0.0,800.7196,3443094.3087,-1677726.5613,Normal
2025-05-15,JOB0007,WELL007,Northern Lights 07,Deep Basin,Alberta,Horizontal,RIG002,Rig 18,CON001,Northstar Drilling Services,Intermediate,5120820.87,61316.71,1578408.12,-843573.4271,-0.3483,47,23,0.7705,23,139.1,2033.76,4300,0.473,23.08,24.0,0.9617,0.0,0.0,0.0,0.0,0.0,0.0,776.1034,3337244.7663,-1783576.1037,Normal
2025-05-16,JOB0007,WELL007,Northern Lights 07,Deep Basin,Alberta,Horizontal,RIG002,Rig 18,CON001,Northstar Drilling Services,Intermediate,5120820.87,82428.29,1660836.41,-867217.5824,-0.343,47,24,0.797,24,89.07,2122.83,4300,0.4937,18.12,24.0,0.755,4.62,0.1925,39688.0,0.0,0.0,0.0,782.369,3364186.7521,-1756634.1179,Normal
2025-05-17,JOB0007,WELL007,Northern Lights 07,Deep Basin,Alberta,Horizontal,RIG002,Rig 18,CON001,Northstar Drilling Services,Intermediate,5120820.87,68143.31,1728979.72,-932382.3395,-0.3503,47,25,0.5734,25,111.94,2234.77,4300,0.5197,17.14,24.0,0.7142,3.38,0.1408,29504.26,0.0,0.0,0.0,773.6723,3326791.0326,-1794029.8374,Normal
2025-05-18,JOB0007,WELL007,Northern Lights 07,Deep Basin,Alberta,Horizontal,RIG002,Rig 18,CON001,Northstar Drilling Services,Intermediate,5120820.87,72792.9,1801772.62,-937985.6343,-0.3424,47,26,0.8539,26,65.83,2300.6,4300,0.535,16.07,24.0,0.6696,5.03,0.2096,38996.18,0.0,0.0,0.0,783.1751,3367652.9019,-1753167.9681,Normal
2025-05-19,JOB0007,WELL007,Northern Lights 07,Deep Basin,Alberta,Horizontal,RIG002,Rig 18,CON001,Northstar Drilling Services,Intermediate,5120820.87,77284.67,1879057.29,-946182.9462,-0.3349,47,27,1.0693,27,71.78,2372.38,4300,0.5517,15.31,24.0,0.6379,7.59,0.3162,59423.73,0.0,0.0,0.0,792.0558,3405839.8515,-1714981.0185,Medium
2025-05-20,JOB0007,WELL007,Northern Lights 07,Deep Basin,Alberta,Horizontal,RIG002,Rig 18,CON001,Northstar Drilling Services,Intermediate,5120820.87,75420.92,1954478.21,-917170.9539,-0.3194,47,28,1.6434,28,38.97,2411.35,4300,0.5608,15.52,24.0,0.6467,6.15,0.2563,39138.0,0.0,0.0,0.0,810.5328,3485290.9379,-1635529.9321,Medium
2025-05-21,JOB0007,WELL007,Northern Lights 07,Deep Basin,Alberta,Horizontal,RIG002,Rig 18,CON001,Northstar Drilling Services,Intermediate,5120820.87,74772.31,2029250.52,-956152.3206,-0.3203,47,29,1.5993,29,95.52,2506.87,4300,0.583,17.78,24.0,0.7408,3.13,0.1304,18339.0,1.0,0.0,0.0,809.4758,3480745.8049,-1640075.0651,Normal
2025-05-22,JOB0007,WELL007,Northern Lights 07,Deep Basin,Alberta,Horizontal,RIG002,Rig 18,CON001,Northstar Drilling Services,Intermediate,5120820.87,61872.27,2091122.79,-1122585.2992,-0.3493,47,30,0.5039,30,191.71,2698.58,4300,0.6276,20.51,24.0,0.8546,0.0,0.0,0.0,0.0,0.0,0.0,774.8975,3332059.0818,-1788761.7882,Normal
2025-05-23,JOB0007,WELL007,Northern Lights 07,Deep Basin,Alberta,Horizontal,RIG002,Rig 18,CON001,Northstar Drilling Services,Intermediate,5120820.87,57096.44,2148219.23,-1196093.6091,-0.3577,47,31,0.3052,31,109.67,2808.25,4300,0.6531,21.18,24.0,0.8825,0.0,0.0,0.0,0.0,0.0,0.0,764.9672,3289359.0987,-1831461.7713,Normal
2025-05-24,JOB0007,WELL007,Northern Lights 07,Deep Basin,Alberta,Horizontal,RIG002,Rig 18,CON001,Northstar Drilling Services,Intermediate,5120820.87,70261.98,2218481.21,-1210610.9867,-0.353,47,32,0.5271,32,71.19,2879.44,4300,0.6696,19.26,24.0,0.8025,0.0,0.0,0.0,0.0,0.0,0.0,770.4558,3312959.8821,-1807860.9879,Normal
2025-05-25,JOB0007,WELL007,Northern Lights 07,Deep Basin,Alberta,Horizontal,RIG002,Rig 18,CON001,Northstar Drilling Services,Intermediate,5120820.87,75801.13,2294282.34,-1240763.2132,-0.351,47,33,0.5546,33,88.97,2968.41,4300,0.6903,18.07,24.0,0.7529,3.83,0.1596,22591.34,0.0,0.0,0.0,772.8994,3323467.4664,-1797353.4036,Normal
2025-05-26,JOB0007,WELL007,Northern Lights 07,Deep Basin,Alberta,Horizontal,RIG002,Rig 18,CON001,Northstar Drilling Services,Production,5120820.87,63255.5,2357537.84,-1408980.7254,-0.3741,47,34,-0.5699,34,194.37,3162.78,4300,0.7355,21.87,24.0,0.9112,0.0,0.0,0.0,0.0,0.0,0.0,745.4005,3205222.2134,-1915598.6566,Normal
2025-05-27,JOB0007,WELL007,Northern Lights 07,Deep Basin,Alberta,Horizontal,RIG002,Rig 18,CON001,Northstar Drilling Services,Production,5120820.87,85160.93,2442698.77,-1351924.7658,-0.3563,47,35,0.1721,35,23.6,3186.38,4300,0.741,16.19,24.0,0.6746,5.11,0.2129,35181.42,0.0,0.0,0.0,766.6062,3296406.8036,-1824414.0664,Normal
2025-05-28,JOB0007,WELL007,Northern Lights 07,Deep Basin,Alberta,Horizontal,RIG002,Rig 18,CON001,Northstar Drilling Services,Production,5120820.87,62247.66,2504946.43,-1399488.9412,-0.3584,47,36,0.1642,36,92.21,3278.59,4300,0.7625,19.94,24.0,0.8308,0.0,0.0,0.0,0.0,0.0,0.0,764.0316,3285335.9673,-1835484.9027,Normal
2025-05-29,JOB0007,WELL007,Northern Lights 07,Deep Basin,Alberta,Horizontal,RIG002,Rig 18,CON001,Northstar Drilling Services,Production,5120820.87,61835.08,2566781.51,-1554181.2218,-0.3771,47,37,-0.8231,37,181.82,3460.41,4300,0.8047,19.0,24.0,0.7917,0.0,0.0,0.0,0.0,0.0,0.0,741.7565,3189552.8255,-1931268.0445,Normal
2025-05-30,JOB0007,WELL007,Northern Lights 07,Deep Basin,Alberta,Horizontal,RIG002,Rig 18,CON001,Northstar Drilling Services,Production,5120820.87,59592.57,2626374.08,-1626408.1081,-0.3824,47,38,-1.033,38,110.69,3571.1,4300,0.8305,21.11,24.0,0.8796,0.0,0.0,0.0,0.0,0.0,0.0,735.4524,3162445.3373,-1958375.5327,Normal
2025-05-31,JOB0007,WELL007,Northern Lights 07,Deep Basin,Alberta,Horizontal,RIG002,Rig 18,CON001,Northstar Drilling Services,Production,5120820.87,71239.7,2697613.78,-1635481.9336,-0.3774,47,39,-0.7701,39,67.44,3638.54,4300,0.8462,20.55,24.0,0.8562,0.0,0.0,0.0,0.0,0.0,0.0,741.4001,3188020.2647,-1932800.6053,Normal
2025-06-01,JOB0007,WELL007,Northern Lights 07,Deep Basin,Alberta,Horizontal,RIG002,Rig 18,CON001,Northstar Drilling Services,Production,5120820.87,63714.57,2761328.35,-1644685.471,-0.3733,47,40,-0.4393,40,61.23,3699.77,4300,0.8604,19.07,24.0,0.7946,3.38,0.1408,21347.09,0.0,0.0,0.0,746.3514,3209310.8234,-1911510.0466,Normal
2025-06-02,JOB0007,WELL007,Northern Lights 07,Deep Basin,Alberta,Horizontal,RIG002,Rig 18,CON001,Northstar Drilling Services,Production,5120820.87,104054.57,2865382.92,-1730375.1775,-0.3765,47,41,-1.1809,41,159.33,3859.1,4300,0.8975,8.32,24.0,0.3467,13.72,0.5717,101158.05,0.0,0.0,0.0,742.5003,3192751.3037,-1928069.5663,Medium
2025-06-03,JOB0007,WELL007,Northern Lights 07,Deep Basin,Alberta,Horizontal,RIG002,Rig 18,CON001,Northstar Drilling Services,Production,5120820.87,63396.23,2928779.15,-1710077.205,-0.3686,47,42,-0.5764,42,36.19,3895.29,4300,0.9059,21.99,24.0,0.9162,0.0,0.0,0.0,0.0,0.0,0.0,751.877,3233071.3105,-1887749.5595,Normal
2025-06-04,JOB0007,WELL007,Northern Lights 07,Deep Basin,Alberta,Horizontal,RIG002,Rig 18,CON001,Northstar Drilling Services,Production,5120820.87,80759.8,3009538.95,-1774701.0822,-0.3709,47,43,-0.9108,43,122.08,4017.37,4300,0.9343,17.28,24.0,0.72,6.12,0.255,52165.17,0.0,0.0,0.0,749.1316,3221266.0235,-1899554.8465,Medium
2025-06-05,JOB0007,WELL007,Northern Lights 07,Deep Basin,Alberta,Horizontal,RIG002,Rig 18,CON001,Northstar Drilling Services,Production,5120820.87,89733.62,3099272.57,-1775736.9894,-0.3643,47,44,-0.7439,44,76.22,4093.59,4300,0.952,11.18,24.0,0.4658,9.7,0.4042,75432.37,0.0,0.0,0.0,757.1038,3255546.3666,-1865274.5034,Medium
2025-06-06,JOB0007,WELL007,Northern Lights 07,Deep Basin,Alberta,Horizontal,RIG002,Rig 18,CON001,Northstar Drilling Services,Production,5120820.87,66729.71,3166002.28,-1743138.1459,-0.3551,47,45,-0.0572,45,28.66,4122.25,4300,0.9587,19.67,24.0,0.8196,3.75,0.1562,35572.77,0.0,0.0,0.0,768.0277,3302519.2077,-1818301.6623,Normal
2025-06-07,JOB0007,WELL007,Northern Lights 07,Deep Basin,Alberta,Horizontal,RIG002,Rig 18,CON001,Northstar Drilling Services,Production,5120820.87,72036.22,3238038.5,-1743853.3089,-0.35,47,46,0.2751,46,61.09,4183.34,4300,0.9729,15.98,24.0,0.6658,7.01,0.2921,49995.63,0.0,0.0,0.0,774.0319,3328337.0584,-1792483.8116,Medium
2025-06-08,JOB0007,WELL007,Northern Lights 07,Deep Basin,Alberta,Horizontal,RIG002,Rig 18,CON001,Northstar Drilling Services,Production,5120820.87,74393.5,3312432.0,-1808388.87,-0.3531,47,47,0.0,47,116.66,4300.0,4300,1.0,15.89,24.0,0.6621,6.38,0.2658,59350.63,0.0,0.0,0.0,770.333,3312432.0,-1808388.87,Medium
2025-05-11,JOB0008,WELL008,Prairie West 08,Williston,Saskatchewan,Horizontal,RIG003,Rig 23,CON002,Prairie Directional,Surface,4010562.94,51580.09,51580.09,9891.6251,0.0,45,1,0.5322,1,38.98,38.98,3750,0.0104,21.08,24.0,0.8783,0.0,0.0,0.0,0.0,0.0,0.0,1323.245,4010562.94,0.0,Normal
2025-05-12,JOB0008,WELL008,Prairie West 08,Williston,Saskatchewan,Horizontal,RIG003,Rig 23,CON002,Prairie Directional,Surface,4010562.94,51383.99,102964.08,-22336.6011,0.0,45,2,0.5941,2,78.18,117.16,3750,0.0312,20.7,24.0,0.8625,0.0,0.0,0.0,0.0,0.0,0.0,878.833,4010562.94,0.0,Normal
2025-05-13,JOB0008,WELL008,Prairie West 08,Williston,Saskatchewan,Horizontal,RIG003,Rig 23,CON002,Prairie Directional,Surface,4010562.94,54001.16,156965.24,-57744.2576,0.0,45,3,0.5909,3,83.6,200.76,3750,0.0535,17.95,24.0,0.7479,4.39,0.1829,24908.09,0.0,0.0,0.0,781.8552,4010562.94,0.0,Normal
2025-05-14,JOB0008,WELL008,Prairie West 08,Williston,Saskatchewan,Horizontal,RIG003,Rig 23,CON002,Prairie Directional,Surface,4010562.94,45126.23,202091.47,-99342.4406,0.0,45,4,0.6178,4,81.09,281.85,3750,0.0752,22.38,24.0,0.9325,0.0,0.0,0.0,0.0,0.0,0.0,717.0178,4010562.94,0.0,Normal
2025-05-15,JOB0008,WELL008,Prairie West 08,Williston,Saskatchewan,Horizontal,RIG003,Rig 23,CON002,Prairie Directional,Intermediate,4010562.94,45281.45,247372.92,-81675.0533,0.0,45,5,1.308,5,25.82,307.67,3750,0.082,18.79,24.0,0.7829,0.0,0.0,0.0,0.0,0.0,0.0,804.0203,4010562.94,0.0,Normal
2025-05-16,JOB0008,WELL008,Prairie West 08,Williston,Saskatchewan,Horizontal,RIG003,Rig 23,CON002,Prairie Directional,Intermediate,4010562.94,62276.25,309649.17,-155608.2155,-0.3345,45,6,0.7796,6,127.36,435.03,3750,0.116,16.07,24.0,0.6696,6.72,0.28,41138.16,0.0,0.0,0.0,711.7881,2669205.3134,-1341357.6266,Medium
2025-05-17,JOB0008,WELL008,Prairie West 08,Williston,Saskatchewan,Horizontal,RIG003,Rig 23,CON002,Prairie Directional,Intermediate,4010562.94,46737.77,356386.94,-179873.4518,-0.3354,45,7,0.983,7,66.39,501.42,3750,0.1337,19.55,24.0,0.8146,3.35,0.1396,21505.98,0.0,0.0,0.0,710.7553,2665332.5057,-1345230.4343,Normal
2025-05-18,JOB0008,WELL008,Prairie West 08,Williston,Saskatchewan,Horizontal,RIG003,Rig 23,CON002,Prairie Directional,Intermediate,4010562.94,47258.04,403644.98,-298577.8537,-0.4252,45,8,0.1208,8,155.18,656.6,3750,0.1751,20.41,24.0,0.8504,0.0,0.0,0.0,0.0,0.0,0.0,614.7502,2305313.2425,-1705249.6975,Normal
2025-05-19,JOB0008,WELL008,Prairie West 08,Williston,Saskatchewan,Horizontal,RIG003,Rig 23,CON002,Prairie Directional,Intermediate,4010562.94,47994.8,451639.78,-323350.7077,-0.4172,45,9,0.3043,9,68.04,724.64,3750,0.1932,21.29,24.0,0.8871,0.0,0.0,0.0,0.0,0.0,0.0,623.2609,2337228.3824,-1673334.5576,Normal
2025-05-20,JOB0008,WELL008,Prairie West 08,Williston,Saskatchewan,Horizontal,RIG003,Rig 23,CON002,Prairie Directional,Intermediate,4010562.94,51356.56,502996.34,-337489.3142,-0.4015,45,10,0.5694,10,61.24,785.88,3750,0.2096,17.49,24.0,0.7287,4.12,0.1717,23149.58,0.0,0.0,0.0,640.0422,2400158.1348,-1610404.8052,Normal
2025-05-21,JOB0008,WELL008,Prairie West 08,Williston,Saskatchewan,Horizontal,RIG003,Rig 23,CON002,Prairie Directional,Intermediate,4010562.94,45955.45,548951.79,-481281.618,-0.4672,45,11,-0.5596,11,177.42,963.3,3750,0.2569,23.81,24.0,0.9921,0.0,0.0,0.0,0.0,0.0,0.0,569.8659,2136997.0025,-1873565.9375,Normal
2025-05-22,JOB0008,WELL008,Prairie West 08,Williston,Saskatchewan,Horizontal,RIG003,Rig 23,CON002,Prairie Directional,Intermediate,4010562.94,54790.98,603742.77,-585897.1463,-0.4925,45,12,-1.3482,12,149.05,1112.35,3750,0.2966,16.74,24.0,0.6975,5.86,0.2442,35373.56,0.0,0.0,0.0,542.7633,2035362.4197,-1975200.5203,Normal
2025-05-23,JOB0008,WELL008,Prairie West 08,Williston,Saskatchewan,Horizontal,RIG003,Rig 23,CON002,Prairie Directional,Intermediate,4010562.94,50664.55,654407.32,-641271.8805,-0.4949,45,13,-1.538,13,99.15,1211.5,3750,0.3231,19.69,24.0,0.8204,0.0,0.0,0.0,0.0,0.0,0.0,540.1629,2025610.7718,-1984952.1682,Normal
2025-05-24,JOB0008,WELL008,Prairie West 08,Williston,Saskatchewan,Horizontal,RIG003,Rig 23,CON002,Prairie Directional,Intermediate,4010562.94,44296.1,698703.42,-770574.3342,-0.5245,45,14,-2.4858,14,162.32,1373.82,3750,0.3664,22.55,24.0,0.9396,0.0,0.0,0.0,0.0,0.0,0.0,508.5844,1907191.4989,-2103371.4411,Normal
2025-05-25,JOB0008,WELL008,Prairie West 08,Williston,Saskatchewan,Horizontal,RIG003,Rig 23,CON002,Prairie Directional,Intermediate,4010562.94,52990.05,751693.47,-785934.9715,-0.5111,45,15,-2.2528,15,63.91,1437.73,3750,0.3834,13.16,24.0,0.5483,5.59,0.2329,43289.96,0.0,0.0,0.0,522.8335,1960625.7868,-2049937.1532,Normal
2025-05-26,JOB0008,WELL008,Prairie West 08,Williston,Saskatchewan,Horizontal,RIG003,Rig 23,CON002,Prairie Directional,Intermediate,4010562.94,45714.84,797408.31,-804902.4906,-0.5023,45,16,-1.9785,16,60.48,1498.21,3750,0.3995,18.49,24.0,0.7704,0.0,0.0,0.0,0.0,0.0,0.0,532.2407,1995902.552,-2014660.388,Normal
2025-05-27,JOB0008,WELL008,Prairie West 08,Williston,Saskatchewan,Horizontal,RIG003,Rig 23,CON002,Prairie Directional,Intermediate,4010562.94,48944.04,846352.35,-865067.1523,-0.5055,45,17,-2.2028,17,102.02,1600.23,3750,0.4267,16.94,24.0,0.7058,3.29,0.1371,18543.91,0.0,0.0,0.0,528.8942,1983353.2133,-2027209.7267,Normal
2025-05-28,JOB0008,WELL008,Prairie West 08,Williston,Saskatchewan,Horizontal,RIG003,Rig 23,CON002,Prairie Directional,Intermediate,4010562.94,50540.78,896893.13,-983044.8796,-0.5229,45,18,-3.0936,18,157.57,1757.8,3750,0.4687,19.98,24.0,0.8325,3.19,0.1329,25731.43,0.0,0.0,0.0,510.2362,1913385.617,-2097177.323,Normal
2025-05-29,JOB0008,WELL008,Prairie West 08,Williston,Saskatchewan,Horizontal,RIG003,Rig 23,CON002,Prairie Directional,Intermediate,4010562.94,48714.36,945607.49,-962511.4085,-0.5044,45,19,-2.4098,19,26.35,1784.15,3750,0.4758,22.22,24.0,0.9258,0.0,0.0,0.0,0.0,0.0,0.0,530.0045,1987516.7937,-2023046.1463,Normal
2025-05-30,JOB0008,WELL008,Prairie West 08,Williston,Saskatchewan,Horizontal,RIG003,Rig 23,CON002,Prairie Directional,Intermediate,4010562.94,76050.82,1021658.31,-1019301.1279,-0.4994,45,20,-2.9003,20,124.21,1908.36,3750,0.5089,9.76,24.0,0.4067,11.36,0.4733,93700.98,0.0,0.0,0.0,535.3593,2007597.4462,-2002965.4938,Medium
2025-05-31,JOB0008,WELL008,Prairie West 08,Williston,Saskatchewan,Horizontal,RIG003,Rig 23,CON002,Prairie Directional,Intermediate,4010562.94,45406.56,1067064.87,-1066961.0178,-0.5,45,21,-2.9446,21,87.02,1995.38,3750,0.5321,19.22,24.0,0.8008,0.0,0.0,0.0,0.0,0.0,0.0,534.7677,2005379.0569,-2005183.8831,Normal
2025-06-01,JOB0008,WELL008,Prairie West 08,Williston,Saskatchewan,Horizontal,RIG003,Rig 23,CON002,Prairie Directional,Intermediate,4010562.94,56545.38,1123610.25,-1072702.354,-0.4884,45,22,-2.6434,22,58.24,2053.62,3750,0.5476,18.81,24.0,0.7837,3.44,0.1433,29525.28,0.0,0.0,0.0,547.1364,2051761.4931,-1958801.4469,Normal
2025-06-02,JOB0008,WELL008,Prairie West 08,Williston,Saskatchewan,Horizontal,RIG003,Rig 23,CON002,Prairie Directional,Intermediate,4010562.94,48226.33,1171836.58,-1086955.2471,-0.4812,45,23,-2.3445,23,58.42,2112.04,3750,0.5632,17.2,24.0,0.7167,3.33,0.1388,19830.87,0.0,0.0,0.0,554.8364,2080636.3397,-1929926.6003,Normal
2025-06-03,JOB0008,WELL008,Prairie West 08,Williston,Saskatchewan,Horizontal,RIG003,Rig 23,CON002,Prairie Directional,Intermediate,4010562.94,43156.65,1214993.23,-1147303.2055,-0.4857,45,24,-2.5058,24,96.78,2208.82,3750,0.589,22.75,24.0,0.9479,0.0,0.0,0.0,0.0,0.0,0.0,550.0644,2062741.4694,-1947821.4706,Normal
2025-06-04,JOB0008,WELL008,Prairie West 08,Williston,Saskatchewan,Horizontal,RIG003,Rig 23,CON002,Prairie Directional,Intermediate,4010562.94,42085.12,1257078.35,-1227256.8421,-0.494,45,25,-2.8752,25,114.11,2322.93,3750,0.6194,22.63,24.0,0.9429,0.0,0.0,0.0,0.0,0.0,0.0,541.1607,2029352.5042,-1981210.4358,Normal
2025-06-05,JOB0008,WELL008,Prairie West 08,Williston,Saskatchewan,Horizontal,RIG003,Rig 23,CON002,Prairie Directional,Intermediate,4010562.94,54374.54,1311452.89,-1205972.12,-0.479,45,26,-2.2464,26,30.94,2353.87,3750,0.6277,20.08,24.0,0.8367,0.0,0.0,0.0,0.0,0.0,0.0,557.1475,2089303.291,-1921259.649,Normal
2025-06-06,JOB0008,WELL008,Prairie West 08,Williston,Saskatchewan,Horizontal,RIG003,Rig 23,CON002,Prairie Directional,Intermediate,4010562.94,55610.7,1367063.59,-1231995.0918,-0.474,45,27,-2.1624,27,76.33,2430.2,3750,0.6481,15.94,24.0,0.6642,5.42,0.2258,34269.96,0.0,0.0,0.0,562.5313,2109492.4132,-1901070.5268,Normal
2025-06-07,JOB0008,WELL008,Prairie West 08,Williston,Saskatchewan,Horizontal,RIG003,Rig 23,CON002,Prairie Directional,Intermediate,4010562.94,75516.66,1442580.25,-1279062.6249,-0.47,45,28,-2.5378,28,114.62,2544.82,3750,0.6786,9.77,24.0,0.4071,12.38,0.5158,85775.58,0.0,0.0,0.0,566.8693,2125759.7541,-1884803.1859,Medium
2025-06-08,JOB0008,WELL008,Prairie West 08,Williston,Saskatchewan,Horizontal,RIG003,Rig 23,CON002,Prairie Directional,Intermediate,4010562.94,49626.94,1492207.19,-1286984.5894,-0.4631,45,29,-2.1836,29,53.81,2598.63,3750,0.693,19.73,24.0,0.8221,0.0,0.0,0.0,0.0,0.0,0.0,574.2284,2153356.5619,-1857206.3781,Normal
2025-06-09,JOB0008,WELL008,Prairie West 08,Williston,Saskatchewan,Horizontal,RIG003,Rig 23,CON002,Prairie Directional,Intermediate,4010562.94,50276.71,1542483.9,-1278214.5321,-0.4532,45,30,-1.6493,30,38.81,2637.44,3750,0.7033,22.29,24.0,0.9288,0.0,0.0,0.0,0.0,0.0,0.0,584.8413,2193154.9628,-1817407.9772,Normal
2025-06-10,JOB0008,WELL008,Prairie West 08,Williston,Saskatchewan,Horizontal,RIG003,Rig 23,CON002,Prairie Directional,Production,4010562.94,48112.23,1590596.13,-1353584.8613,-0.4597,45,31,-2.0348,31,115.46,2752.9,3750,0.7341,19.39,24.0,0.8079,0.0,0.0,0.0,0.0,0.0,0.0,577.7893,2166709.8287,-1843853.1113,Normal
2025-06-11,JOB0008,WELL008,Prairie West 08,Williston,Saskatchewan,Horizontal,RIG003,Rig 23,CON002,Prairie Directional,Production,4010562.94,45052.6,1635648.73,-1395235.2847,-0.4603,45,32,-2.0076,32,81.07,2833.97,3750,0.7557,18.62,24.0,0.7758,3.23,0.1346,23933.15,0.0,0.0,0.0,577.1581,2164342.8609,-1846220.0791,Normal
2025-06-12,JOB0008,WELL008,Prairie West 08,Williston,Saskatchewan,Horizontal,RIG003,Rig 23,CON002,Prairie Directional,Production,4010562.94,45262.36,1680911.09,-1464760.5834,-0.4656,45,33,-2.2956,33,107.33,2941.3,3750,0.7843,21.78,24.0,0.9075,0.0,0.0,0.0,0.0,0.0,0.0,571.4858,2143071.6307,-1867491.3093,Normal
2025-06-13,JOB0008,WELL008,Prairie West 08,Williston,Saskatchewan,Horizontal,RIG003,Rig 23,CON002,Prairie Directional,Production,4010562.94,52522.5,1733433.59,-1519603.5271,-0.4671,45,34,-2.5003,34,100.39,3041.69,3750,0.8111,13.4,24.0,0.5583,5.55,0.2312,42540.67,0.0,0.0,0.0,569.8916,2137093.5113,-1873469.4287,Normal
2025-06-14,JOB0008,WELL008,Prairie West 08,Williston,Saskatchewan,Horizontal,RIG003,Rig 23,CON002,Prairie Directional,Production,4010562.94,44793.21,1778226.8,-1623286.7045,-0.4772,45,35,-3.1662,35,138.83,3180.52,3750,0.8481,20.6,24.0,0.8583,0.0,0.0,0.0,0.0,0.0,0.0,559.0994,2096622.7221,-1913940.2179,Normal
2025-06-15,JOB0008,WELL008,Prairie West 08,Williston,Saskatchewan,Horizontal,RIG003,Rig 23,CON002,Prairie Directional,Production,4010562.94,83989.28,1862216.08,-1681378.3009,-0.4745,45,36,-3.7604,36,132.85,3313.37,3750,0.8836,9.28,24.0,0.3867,13.59,0.5662,105772.86,0.0,0.0,0.0,562.0308,2107615.5998,-1902947.3402,Medium
2025-06-16,JOB0008,WELL008,Prairie West 08,Williston,Saskatchewan,Horizontal,RIG003,Rig 23,CON002,Prairie Directional,Production,4010562.94,50668.7,1912884.78,-1696878.542,-0.4701,45,37,-3.5029,37,61.87,3375.24,3750,0.9001,22.05,24.0,0.9188,0.0,0.0,0.0,0.0,0.0,0.0,566.7404,2125276.4026,-1885286.5374,Normal
2025-06-17,JOB0008,WELL008,Prairie West 08,Williston,Saskatchewan,Horizontal,RIG003,Rig 23,CON002,Prairie Directional,Production,4010562.94,58672.74,1971557.52,-1664825.2451,-0.4578,45,38,-2.8016,38,24.89,3400.13,3750,0.9067,18.36,24.0,0.765,3.42,0.1425,20517.39,0.0,0.0,0.0,579.8477,2174428.8307,-1836134.1093,Normal
2025-06-18,JOB0008,WELL008,Prairie West 08,Williston,Saskatchewan,Horizontal,RIG003,Rig 23,CON002,Prairie Directional,Production,4010562.94,52845.41,2024402.93,-1674886.8517,-0.4528,45,39,-2.5074,39,58.82,3458.95,3750,0.9224,19.18,24.0,0.7992,0.0,0.0,0.0,0.0,0.0,0.0,585.2652,2194744.3552,-1815818.5848,Normal
2025-06-19,JOB0008,WELL008,Prairie West 08,Williston,Saskatchewan,Horizontal,RIG003,Rig 23,CON002,Prairie Directional,Production,4010562.94,71021.04,2095423.97,-1723113.2164,-0.4512,45,40,-2.8454,40,111.5,3570.45,3750,0.9521,13.49,24.0,0.5621,9.98,0.4158,57741.8,0.0,0.0,0.0,586.8795,2200798.1872,-1809764.7528,Medium
2025-06-20,JOB0008,WELL008,Prairie West 08,Williston,Saskatchewan,Horizontal,RIG003,Rig 23,CON002,Prairie Directional,Production,4010562.94,49974.99,2145398.96,-1818737.7034,-0.4588,45,41,-3.4791,41,136.14,3706.59,3750,0.9884,19.27,24.0,0.8029,3.07,0.1279,17262.89,0.0,0.0,0.0,578.8067,2170524.9569,-1840037.9831,Normal
2025-06-21,JOB0008,WELL008,Prairie West 08,Williston,Saskatchewan,Horizontal,RIG003,Rig 23,CON002,Prairie Directional,Production,4010562.94,51432.07,2196831.03,-1813731.91,-0.4522,45,42,-3.0,42,43.41,3750.0,3750,1.0,20.36,24.0,0.8483,0.0,0.0,0.0,0.0,0.0,0.0,585.8216,2196831.03,-1813731.91,Normal
