date,portfolio_id,portfolio_name,risk_profile,portfolio_value_cad,daily_return,cumulative_return,benchmark_return,benchmark_cumulative_return,active_return,contribution_cad,withdrawal_cad,net_flow_cad
2025-01-02,PF001,Conservative Income,Conservative,21071012.335379,0.0,0.0,0.004093,0.004093,-0.004093,0.0,0.0,0.0
2025-01-03,PF001,Conservative Income,Conservative,21047045.270048,-0.001137,-0.001137,-0.003794,0.000283,0.002657,0.0,0.0,0.0
2025-01-06,PF001,Conservative Income,Conservative,21176356.356851,0.006144,0.004999,-0.004001,-0.003719,0.010145,0.0,0.0,0.0
2025-01-07,PF001,Conservative Income,Conservative,21128569.964576,-0.002257,0.002732,-0.004908,-0.008608,0.002651,0.0,0.0,0.0
2025-01-08,PF001,Conservative Income,Conservative,21122161.519234,-0.000303,0.002427,0.000405,-0.008207,-0.000708,0.0,0.0,0.0
2025-01-09,PF001,Conservative Income,Conservative,21169028.216223,0.002219,0.004652,-0.0029,-0.011083,0.005119,0.0,0.0,0.0
2025-01-10,PF001,Conservative Income,Conservative,21120506.436611,-0.002292,0.002349,-0.002202,-0.013261,-9e-05,0.0,0.0,0.0
2025-01-13,PF001,Conservative Income,Conservative,21080801.274386,-0.00188,0.000465,0.002252,-0.011039,-0.004132,0.0,0.0,0.0
2025-01-14,PF001,Conservative Income,Conservative,21073146.790473,-0.000363,0.000101,0.003377,-0.007699,-0.00374,0.0,0.0,0.0
2025-01-15,PF001,Conservative Income,Conservative,21107701.583033,0.00164,0.001741,-0.00079,-0.008483,0.00243,0.0,0.0,0.0
2025-01-16,PF001,Conservative Income,Conservative,21063148.442605,-0.002111,-0.000373,-0.00088,-0.009355,-0.001231,0.0,0.0,0.0
2025-01-17,PF001,Conservative Income,Conservative,21030890.081406,-0.001532,-0.001904,0.00154,-0.00783,-0.003072,0.0,0.0,0.0
2025-01-20,PF001,Conservative Income,Conservative,20940092.223641,-0.004317,-0.006213,0.001321,-0.006519,-0.005638,0.0,0.0,0.0
2025-01-21,PF001,Conservative Income,Conservative,20923543.748158,-0.00079,-0.006999,-0.003242,-0.00974,0.002452,0.0,0.0,0.0
2025-01-22,PF001,Conservative Income,Conservative,20870009.709031,-0.002559,-0.009539,0.006026,-0.003773,-0.008585,0.0,0.0,0.0
2025-01-23,PF001,Conservative Income,Conservative,20929109.327443,0.002832,-0.006735,0.001132,-0.002645,0.0017,0.0,0.0,0.0
2025-01-24,PF001,Conservative Income,Conservative,21037127.044208,0.005161,-0.001608,0.000214,-0.002431,0.004947,0.0,0.0,0.0
2025-01-27,PF001,Conservative Income,Conservative,21104605.318542,0.003208,0.001594,0.001441,-0.000994,0.001767,0.0,0.0,0.0
2025-01-28,PF001,Conservative Income,Conservative,21050305.299563,-0.002573,-0.000983,0.00154,0.000545,-0.004113,0.0,0.0,0.0
2025-01-29,PF001,Conservative Income,Conservative,20976749.940615,-0.003494,-0.004474,-0.00066,-0.000116,-0.002834,0.0,0.0,0.0
2025-01-30,PF001,Conservative Income,Conservative,21001400.420034,0.001175,-0.003304,0.000372,0.000256,0.000803,0.0,0.0,0.0
2025-01-31,PF001,Conservative Income,Conservative,21068076.977168,0.002466,-0.000846,-0.004036,-0.003781,0.006502,14888.81,0.0,14888.81
2025-02-03,PF001,Conservative Income,Conservative,21052879.080348,-0.000721,-0.001567,-2.4e-05,-0.003805,-0.000697,0.0,0.0,0.0
2025-02-04,PF001,Conservative Income,Conservative,21109783.400208,0.002703,0.001132,0.002454,-0.00136,0.000249,0.0,0.0,0.0
2025-02-05,PF001,Conservative Income,Conservative,21172148.549212,0.002954,0.00409,0.004932,0.003565,-0.001978,0.0,0.0,0.0
2025-02-06,PF001,Conservative Income,Conservative,21202462.016149,0.001432,0.005527,0.002444,0.006018,-0.001012,0.0,0.0,0.0
2025-02-07,PF001,Conservative Income,Conservative,21104907.71384,-0.004601,0.000901,0.003146,0.009183,-0.007747,0.0,0.0,0.0
2025-02-10,PF001,Conservative Income,Conservative,21127232.192199,0.001058,0.00196,0.000993,0.010185,6.5e-05,0.0,0.0,0.0
2025-02-11,PF001,Conservative Income,Conservative,21208691.66524,0.003856,0.005823,-0.000241,0.009941,0.004097,0.0,0.0,0.0
2025-02-12,PF001,Conservative Income,Conservative,21240176.579357,0.001485,0.007316,0.003917,0.013897,-0.002432,0.0,0.0,0.0
2025-02-13,PF001,Conservative Income,Conservative,21189183.158576,-0.002401,0.004898,0.003604,0.017551,-0.006005,0.0,0.0,0.0
2025-02-14,PF001,Conservative Income,Conservative,21210786.799549,0.00102,0.005922,0.001553,0.019132,-0.000533,0.0,0.0,0.0
2025-02-17,PF001,Conservative Income,Conservative,21289277.22529,0.0037,0.009645,-0.002495,0.016589,0.006195,0.0,0.0,0.0
2025-02-18,PF001,Conservative Income,Conservative,21334336.191204,0.002117,0.011781,0.002945,0.019583,-0.000828,0.0,0.0,0.0
2025-02-19,PF001,Conservative Income,Conservative,21231537.988846,-0.004818,0.006906,0.008457,0.028205,-0.013275,0.0,0.0,0.0
2025-02-20,PF001,Conservative Income,Conservative,21207549.678207,-0.00113,0.005769,-0.002903,0.025221,0.001773,0.0,0.0,0.0
2025-02-21,PF001,Conservative Income,Conservative,21075089.556508,-0.006246,-0.000513,-0.00225,0.022914,-0.003996,0.0,0.0,0.0
2025-02-24,PF001,Conservative Income,Conservative,21063907.954906,-0.000531,-0.001044,-0.001639,0.021237,0.001108,0.0,0.0,0.0
2025-02-25,PF001,Conservative Income,Conservative,21120953.97254,0.002708,0.001662,0.001392,0.022659,0.001316,0.0,0.0,0.0
2025-02-26,PF001,Conservative Income,Conservative,21083973.900192,-0.001751,-9.2e-05,-0.002984,0.019607,0.001233,0.0,0.0,0.0
2025-02-27,PF001,Conservative Income,Conservative,21177696.023557,0.004445,0.004353,-0.001137,0.018448,0.005582,0.0,0.0,0.0
2025-02-28,PF001,Conservative Income,Conservative,21128837.738103,-0.002928,0.001412,-0.00114,0.017287,-0.001788,14926.74,1772.76,13153.98
2025-03-03,PF001,Conservative Income,Conservative,21122885.599431,-0.000282,0.00113,-0.000656,0.01662,0.000374,0.0,0.0,0.0
2025-03-04,PF001,Conservative Income,Conservative,21049666.419225,-0.003466,-0.002341,-0.001745,0.014846,-0.001721,0.0,0.0,0.0
2025-03-05,PF001,Conservative Income,Conservative,21061019.3061,0.000539,-0.001802,-0.006564,0.008184,0.007103,0.0,0.0,0.0
2025-03-06,PF001,Conservative Income,Conservative,21070352.568257,0.000443,-0.00136,-0.000686,0.007493,0.001129,0.0,0.0,0.0
2025-03-07,PF001,Conservative Income,Conservative,21091393.13456,0.000999,-0.000363,-0.00401,0.003452,0.005009,0.0,0.0,0.0
2025-03-10,PF001,Conservative Income,Conservative,21137994.790014,0.00221,0.001846,-0.000892,0.002557,0.003102,0.0,0.0,0.0
2025-03-11,PF001,Conservative Income,Conservative,21072787.409803,-0.003085,-0.001245,0.002003,0.004566,-0.005088,0.0,0.0,0.0
2025-03-12,PF001,Conservative Income,Conservative,21017941.114876,-0.002603,-0.003844,-0.003734,0.000814,0.001131,0.0,0.0,0.0
2025-03-13,PF001,Conservative Income,Conservative,20956007.785796,-0.002947,-0.00678,0.002745,0.003562,-0.005692,0.0,0.0,0.0
2025-03-14,PF001,Conservative Income,Conservative,20932072.757143,-0.001142,-0.007914,-0.004901,-0.001357,0.003759,0.0,0.0,0.0
2025-03-17,PF001,Conservative Income,Conservative,20852694.590875,-0.003792,-0.011676,-0.001974,-0.003328,-0.001818,0.0,0.0,0.0
2025-03-18,PF001,Conservative Income,Conservative,20892078.550893,0.001889,-0.009809,0.001861,-0.001473,2.8e-05,0.0,0.0,0.0
2025-03-19,PF001,Conservative Income,Conservative,20941472.378227,0.002364,-0.007468,-0.000142,-0.001615,0.002506,0.0,0.0,0.0
2025-03-20,PF001,Conservative Income,Conservative,20927517.50145,-0.000666,-0.00813,0.005345,0.003721,-0.006011,0.0,0.0,0.0
2025-03-21,PF001,Conservative Income,Conservative,20910020.870981,-0.000836,-0.008959,0.006201,0.009945,-0.007037,0.0,0.0,0.0
2025-03-24,PF001,Conservative Income,Conservative,21005862.895586,0.004584,-0.004417,0.002894,0.012868,0.00169,0.0,0.0,0.0
2025-03-25,PF001,Conservative Income,Conservative,21091770.894837,0.00409,-0.000345,0.001494,0.014381,0.002596,0.0,0.0,0.0
2025-03-26,PF001,Conservative Income,Conservative,21140621.413589,0.002316,0.00197,0.004252,0.018695,-0.001936,0.0,0.0,0.0
2025-03-27,PF001,Conservative Income,Conservative,21139783.54785,-4e-05,0.001931,-0.008925,0.009603,0.008885,0.0,0.0,0.0
2025-03-28,PF001,Conservative Income,Conservative,21214908.858714,0.003554,0.005491,-0.001948,0.007636,0.005502,0.0,0.0,0.0
2025-03-31,PF001,Conservative Income,Conservative,21304236.873228,0.00379,0.009302,0.005093,0.012768,-0.001303,15361.01,6441.16,8919.85
2025-04-01,PF001,Conservative Income,Conservative,21339758.319594,0.001667,0.010985,0.002156,0.014951,-0.000489,0.0,0.0,0.0
2025-04-02,PF001,Conservative Income,Conservative,21354853.338008,0.000707,0.0117,-0.002676,0.012235,0.003383,0.0,0.0,0.0
2025-04-03,PF001,Conservative Income,Conservative,21403270.889737,0.002267,0.013994,-0.000183,0.01205,0.00245,0.0,0.0,0.0
2025-04-04,PF001,Conservative Income,Conservative,21374306.437787,-0.001353,0.012622,-0.002135,0.009889,0.000782,0.0,0.0,0.0
2025-04-07,PF001,Conservative Income,Conservative,21372808.076518,-7e-05,0.012551,0.001073,0.010973,-0.001143,0.0,0.0,0.0
2025-04-08,PF001,Conservative Income,Conservative,21517600.735114,0.006775,0.01941,0.003465,0.014476,0.00331,0.0,0.0,0.0
2025-04-09,PF001,Conservative Income,Conservative,21534312.684081,0.000777,0.020202,-0.001635,0.012817,0.002412,0.0,0.0,0.0
2025-04-10,PF001,Conservative Income,Conservative,21506437.679724,-0.001294,0.018882,-0.000796,0.012011,-0.000498,0.0,0.0,0.0
2025-04-11,PF001,Conservative Income,Conservative,21514353.249714,0.000368,0.019257,-0.002089,0.009897,0.002457,0.0,0.0,0.0
2025-04-14,PF001,Conservative Income,Conservative,21570861.113307,0.002627,0.021934,-0.001388,0.008495,0.004015,0.0,0.0,0.0
2025-04-15,PF001,Conservative Income,Conservative,21520961.002702,-0.002313,0.01957,0.000263,0.008761,-0.002576,0.0,0.0,0.0
2025-04-16,PF001,Conservative Income,Conservative,21527562.686694,0.000307,0.019882,0.001364,0.010137,-0.001057,0.0,0.0,0.0
2025-04-17,PF001,Conservative Income,Conservative,21566812.254597,0.001823,0.021742,0.004489,0.014671,-0.002666,0.0,0.0,0.0
2025-04-18,PF001,Conservative Income,Conservative,21463997.130023,-0.004767,0.016871,-0.000952,0.013705,-0.003815,0.0,0.0,0.0
2025-04-21,PF001,Conservative Income,Conservative,21419188.564012,-0.002088,0.014748,0.001311,0.015034,-0.003399,0.0,0.0,0.0
2025-04-22,PF001,Conservative Income,Conservative,21414856.75798,-0.000202,0.014543,0.001315,0.016369,-0.001517,0.0,0.0,0.0
2025-04-23,PF001,Conservative Income,Conservative,21365372.924998,-0.002311,0.012199,0.001436,0.017828,-0.003747,0.0,0.0,0.0
2025-04-24,PF001,Conservative Income,Conservative,21507802.309322,0.006666,0.018946,-0.000561,0.017257,0.007227,0.0,0.0,0.0
2025-04-25,PF001,Conservative Income,Conservative,21493369.279006,-0.000671,0.018262,-0.001784,0.015443,0.001113,0.0,0.0,0.0
2025-04-28,PF001,Conservative Income,Conservative,21428036.502249,-0.00304,0.015167,-0.001407,0.014014,-0.001633,0.0,0.0,0.0
2025-04-29,PF001,Conservative Income,Conservative,21323304.981629,-0.004888,0.010206,-0.001381,0.012613,-0.003507,0.0,0.0,0.0
2025-04-30,PF001,Conservative Income,Conservative,21303065.875514,-0.001566,0.008623,-0.005065,0.007485,0.003499,15194.03,2031.39,13162.64
2025-05-01,PF001,Conservative Income,Conservative,21252623.456094,-0.002368,0.006235,0.003682,0.011194,-0.00605,0.0,0.0,0.0
2025-05-02,PF001,Conservative Income,Conservative,21242680.479159,-0.000468,0.005764,0.002404,0.013625,-0.002872,0.0,0.0,0.0
2025-05-05,PF001,Conservative Income,Conservative,21348109.075888,0.004963,0.010756,0.002144,0.015798,0.002819,0.0,0.0,0.0
2025-05-06,PF001,Conservative Income,Conservative,21269511.232176,-0.003682,0.007034,9.8e-05,0.015898,-0.00378,0.0,0.0,0.0
2025-05-07,PF001,Conservative Income,Conservative,21291955.756127,0.001055,0.008097,-0.002251,0.013611,0.003306,0.0,0.0,0.0
2025-05-08,PF001,Conservative Income,Conservative,21302874.257009,0.000513,0.008614,-0.002258,0.011322,0.002771,0.0,0.0,0.0
2025-05-09,PF001,Conservative Income,Conservative,21272787.529358,-0.001412,0.00719,-0.004592,0.006678,0.00318,0.0,0.0,0.0
2025-05-12,PF001,Conservative Income,Conservative,21236832.066222,-0.00169,0.005487,-0.003833,0.00282,0.002143,0.0,0.0,0.0
2025-05-13,PF001,Conservative Income,Conservative,21235442.400271,-6.5e-05,0.005421,0.00262,0.005447,-0.002685,0.0,0.0,0.0
2025-05-14,PF001,Conservative Income,Conservative,21232816.519825,-0.000124,0.005297,-0.002399,0.003035,0.002275,0.0,0.0,0.0
2025-05-15,PF001,Conservative Income,Conservative,21324310.297438,0.004309,0.009629,0.008719,0.01178,-0.00441,0.0,0.0,0.0
2025-05-16,PF001,Conservative Income,Conservative,21356920.757516,0.001529,0.011173,0.00382,0.015645,-0.002291,0.0,0.0,0.0
2025-05-19,PF001,Conservative Income,Conservative,21424990.716897,0.003187,0.014396,-0.00083,0.014802,0.004017,0.0,0.0,0.0
2025-05-20,PF001,Conservative Income,Conservative,21387560.841708,-0.001747,0.012624,0.002858,0.017703,-0.004605,0.0,0.0,0.0
2025-05-21,PF001,Conservative Income,Conservative,21364921.560772,-0.001059,0.011552,0.001054,0.018775,-0.002113,0.0,0.0,0.0
2025-05-22,PF001,Conservative Income,Conservative,21507038.277218,0.006652,0.018281,-0.001888,0.016852,0.00854,0.0,0.0,0.0
2025-05-23,PF001,Conservative Income,Conservative,21501015.102886,-0.00028,0.017995,0.001913,0.018797,-0.002193,0.0,0.0,0.0
2025-05-26,PF001,Conservative Income,Conservative,21593060.719269,0.004281,0.022353,0.00257,0.021416,0.001711,0.0,0.0,0.0
2025-05-27,PF001,Conservative Income,Conservative,21586307.766229,-0.000313,0.022034,0.001615,0.023065,-0.001928,0.0,0.0,0.0
2025-05-28,PF001,Conservative Income,Conservative,21485515.891854,-0.004669,0.017261,-0.003913,0.019062,-0.000756,0.0,0.0,0.0
2025-05-29,PF001,Conservative Income,Conservative,21435346.489594,-0.002335,0.014886,0.007328,0.02653,-0.009663,0.0,0.0,0.0
2025-05-30,PF001,Conservative Income,Conservative,21443321.486449,0.000372,0.015264,0.00075,0.027299,-0.000378,0.0,0.0,0.0
2025-06-02,PF001,Conservative Income,Conservative,21484045.651155,0.001899,0.017192,0.002617,0.029988,-0.000718,0.0,0.0,0.0
2025-06-03,PF001,Conservative Income,Conservative,21469713.476814,-0.000667,0.016513,-0.000348,0.029629,-0.000319,0.0,0.0,0.0
2025-06-04,PF001,Conservative Income,Conservative,21482702.26003,0.000605,0.017128,-0.005467,0.024,0.006072,0.0,0.0,0.0
2025-06-05,PF001,Conservative Income,Conservative,21497800.713135,0.000703,0.017843,-0.001191,0.022781,0.001894,0.0,0.0,0.0
2025-06-06,PF001,Conservative Income,Conservative,21477257.443746,-0.000956,0.01687,0.00478,0.02767,-0.005736,0.0,0.0,0.0
2025-06-09,PF001,Conservative Income,Conservative,21495725.283741,0.00086,0.017745,0.004958,0.032765,-0.004098,0.0,0.0,0.0
2025-06-10,PF001,Conservative Income,Conservative,21480160.96937,-0.000724,0.017008,-0.002504,0.030179,0.00178,0.0,0.0,0.0
2025-06-11,PF001,Conservative Income,Conservative,21500033.644974,0.000925,0.017949,0.00791,0.038328,-0.006985,0.0,0.0,0.0
2025-06-12,PF001,Conservative Income,Conservative,21463834.90446,-0.001684,0.016235,-0.000636,0.037667,-0.001048,0.0,0.0,0.0
2025-06-13,PF001,Conservative Income,Conservative,21444506.688415,-0.000901,0.01532,-0.000488,0.037161,-0.000413,0.0,0.0,0.0
2025-06-16,PF001,Conservative Income,Conservative,21358294.469019,-0.00402,0.011238,-0.001515,0.03559,-0.002505,0.0,0.0,0.0
2025-06-17,PF001,Conservative Income,Conservative,21390443.171753,0.001505,0.01276,-0.007087,0.02825,0.008592,0.0,0.0,0.0
2025-06-18,PF001,Conservative Income,Conservative,21386404.152811,-0.000189,0.012569,-0.002744,0.025429,0.002555,0.0,0.0,0.0
2025-06-19,PF001,Conservative Income,Conservative,21449208.392186,0.002937,0.015542,0.001627,0.027097,0.00131,0.0,0.0,0.0
2025-06-20,PF001,Conservative Income,Conservative,21379367.197604,-0.003256,0.012236,0.003149,0.030332,-0.006405,0.0,0.0,0.0
2025-06-23,PF001,Conservative Income,Conservative,21400948.108205,0.001009,0.013258,0.000632,0.030983,0.000377,0.0,0.0,0.0
2025-06-24,PF001,Conservative Income,Conservative,21310752.84868,-0.004215,0.008987,0.000776,0.031783,-0.004991,0.0,0.0,0.0
2025-06-25,PF001,Conservative Income,Conservative,21326360.375075,0.000732,0.009726,0.002485,0.034347,-0.001753,0.0,0.0,0.0
2025-06-26,PF001,Conservative Income,Conservative,21399136.1104,0.003412,0.013172,-1.3e-05,0.034333,0.003425,0.0,0.0,0.0
2025-06-27,PF001,Conservative Income,Conservative,21400666.309567,7.2e-05,0.013244,-0.00193,0.032337,0.002002,0.0,0.0,0.0
2025-06-30,PF001,Conservative Income,Conservative,21495626.441572,0.003734,0.017028,-0.00171,0.030572,0.005444,15048.59,0.0,15048.59
2025-07-01,PF001,Conservative Income,Conservative,21445668.891655,-0.002324,0.014664,-0.0009,0.029644,-0.001424,0.0,0.0,0.0
2025-07-02,PF001,Conservative Income,Conservative,21419172.03928,-0.001236,0.01341,0.001888,0.031588,-0.003124,0.0,0.0,0.0
2025-07-03,PF001,Conservative Income,Conservative,21407308.985164,-0.000554,0.012849,-0.004057,0.027403,0.003503,0.0,0.0,0.0
2025-07-04,PF001,Conservative Income,Conservative,21401947.725735,-0.00025,0.012595,0.001245,0.028682,-0.001495,0.0,0.0,0.0
2025-07-07,PF001,Conservative Income,Conservative,21390194.596455,-0.000549,0.012039,-0.001765,0.026867,0.001216,0.0,0.0,0.0
2025-07-08,PF001,Conservative Income,Conservative,21347617.510112,-0.00199,0.010025,-0.001211,0.025623,-0.000779,0.0,0.0,0.0
2025-07-09,PF001,Conservative Income,Conservative,21281876.499048,-0.00308,0.006914,0.003087,0.028789,-0.006167,0.0,0.0,0.0
2025-07-10,PF001,Conservative Income,Conservative,21225442.113573,-0.002652,0.004244,0.001489,0.030321,-0.004141,0.0,0.0,0.0
2025-07-11,PF001,Conservative Income,Conservative,21369778.316286,0.0068,0.011073,-0.002526,0.027718,0.009326,0.0,0.0,0.0
2025-07-14,PF001,Conservative Income,Conservative,21383700.093559,0.000651,0.011732,-0.000377,0.027331,0.001028,0.0,0.0,0.0
2025-07-15,PF001,Conservative Income,Conservative,21378972.437893,-0.000221,0.011508,0.002471,0.029869,-0.002692,0.0,0.0,0.0
2025-07-16,PF001,Conservative Income,Conservative,21391611.452582,0.000591,0.012106,-0.001565,0.028258,0.002156,0.0,0.0,0.0
2025-07-17,PF001,Conservative Income,Conservative,21425391.464038,0.001579,0.013705,0.000151,0.028413,0.001428,0.0,0.0,0.0
2025-07-18,PF001,Conservative Income,Conservative,21401075.678915,-0.001135,0.012554,-0.000295,0.02811,-0.00084,0.0,0.0,0.0
2025-07-21,PF001,Conservative Income,Conservative,21353582.597927,-0.002219,0.010307,-0.003187,0.024833,0.000968,0.0,0.0,0.0
2025-07-22,PF001,Conservative Income,Conservative,21339521.132938,-0.000659,0.009642,-0.001918,0.022867,0.001259,0.0,0.0,0.0
2025-07-23,PF001,Conservative Income,Conservative,21341427.749791,8.9e-05,0.009732,0.001293,0.02419,-0.001204,0.0,0.0,0.0
2025-07-24,PF001,Conservative Income,Conservative,21284726.276279,-0.002657,0.007049,-0.004829,0.019244,0.002172,0.0,0.0,0.0
2025-07-25,PF001,Conservative Income,Conservative,21254314.417645,-0.001429,0.00561,-0.00591,0.01322,0.004481,0.0,0.0,0.0
2025-07-28,PF001,Conservative Income,Conservative,21354401.66492,0.004709,0.010346,0.002134,0.015383,0.002575,0.0,0.0,0.0
2025-07-29,PF001,Conservative Income,Conservative,21315886.015706,-0.001804,0.008524,-0.004601,0.010711,0.002797,0.0,0.0,0.0
2025-07-30,PF001,Conservative Income,Conservative,21299775.361639,-0.000756,0.007761,0.000492,0.011208,-0.001248,0.0,0.0,0.0
2025-07-31,PF001,Conservative Income,Conservative,21293541.661813,-0.000999,0.006754,-0.002431,0.00875,0.001432,15048.72,0.0,15048.72
2025-08-01,PF001,Conservative Income,Conservative,21286967.567497,-0.000309,0.006444,0.0031,0.011877,-0.003409,0.0,0.0,0.0
2025-08-04,PF001,Conservative Income,Conservative,21428635.195884,0.006655,0.013142,0.001519,0.013414,0.005136,0.0,0.0,0.0
2025-08-05,PF001,Conservative Income,Conservative,21460958.971972,0.001508,0.01467,-0.000403,0.013006,0.001911,0.0,0.0,0.0
2025-08-06,PF001,Conservative Income,Conservative,21584985.866529,0.005779,0.020534,0.000786,0.013802,0.004993,0.0,0.0,0.0
2025-08-07,PF001,Conservative Income,Conservative,21455481.117834,-0.006,0.014411,-0.001271,0.012513,-0.004729,0.0,0.0,0.0
2025-08-08,PF001,Conservative Income,Conservative,21498266.30015,0.001994,0.016434,0.001228,0.013757,0.000766,0.0,0.0,0.0
2025-08-11,PF001,Conservative Income,Conservative,21547021.64504,0.002268,0.018739,-0.007378,0.006277,0.009646,0.0,0.0,0.0
2025-08-12,PF001,Conservative Income,Conservative,21529583.445943,-0.000809,0.017914,0.002731,0.009025,-0.00354,0.0,0.0,0.0
2025-08-13,PF001,Conservative Income,Conservative,21530282.370177,3.2e-05,0.017947,-0.003624,0.005369,0.003656,0.0,0.0,0.0
2025-08-14,PF001,Conservative Income,Conservative,21586821.727595,0.002626,0.020621,-0.002875,0.002478,0.005501,0.0,0.0,0.0
2025-08-15,PF001,Conservative Income,Conservative,21765197.271058,0.008263,0.029054,0.003994,0.006482,0.004269,0.0,0.0,0.0
2025-08-18,PF001,Conservative Income,Conservative,21777838.938204,0.000581,0.029652,0.00023,0.006714,0.000351,0.0,0.0,0.0
2025-08-19,PF001,Conservative Income,Conservative,21750476.061895,-0.001256,0.028358,0.000129,0.006843,-0.001385,0.0,0.0,0.0
2025-08-20,PF001,Conservative Income,Conservative,21668080.833784,-0.003788,0.024463,0.002811,0.009674,-0.006599,0.0,0.0,0.0
2025-08-21,PF001,Conservative Income,Conservative,21629347.164272,-0.001788,0.022631,-0.002072,0.007582,0.000284,0.0,0.0,0.0
2025-08-22,PF001,Conservative Income,Conservative,21680983.508373,0.002387,0.025073,-0.005622,0.001917,0.008009,0.0,0.0,0.0
2025-08-25,PF001,Conservative Income,Conservative,21681918.508286,4.3e-05,0.025117,0.002403,0.004325,-0.00236,0.0,0.0,0.0
2025-08-26,PF001,Conservative Income,Conservative,21744316.045302,0.002878,0.028067,0.000663,0.00499,0.002215,0.0,0.0,0.0
2025-08-27,PF001,Conservative Income,Conservative,21730356.396506,-0.000642,0.027407,-0.000128,0.004862,-0.000514,0.0,0.0,0.0
2025-08-28,PF001,Conservative Income,Conservative,21714044.775355,-0.000751,0.026636,0.003494,0.008373,-0.004245,0.0,0.0,0.0
2025-08-29,PF001,Conservative Income,Conservative,21647521.143093,-0.003064,0.02349,-0.001284,0.007078,-0.00178,0.0,0.0,0.0
2025-09-01,PF001,Conservative Income,Conservative,21691958.82963,0.002053,0.025591,0.006602,0.013727,-0.004549,0.0,0.0,0.0
2025-09-02,PF001,Conservative Income,Conservative,21714142.430976,0.001023,0.02664,0.000444,0.014177,0.000579,0.0,0.0,0.0
2025-09-03,PF001,Conservative Income,Conservative,21792526.093594,0.00361,0.030346,0.000385,0.014567,0.003225,0.0,0.0,0.0
2025-09-04,PF001,Conservative Income,Conservative,21830956.866723,0.001763,0.032163,0.001889,0.016484,-0.000126,0.0,0.0,0.0
2025-09-05,PF001,Conservative Income,Conservative,21784410.33857,-0.002132,0.029963,-0.00732,0.009043,0.005188,0.0,0.0,0.0
2025-09-08,PF001,Conservative Income,Conservative,21825859.967579,0.001903,0.031922,0.000778,0.009828,0.001125,0.0,0.0,0.0
2025-09-09,PF001,Conservative Income,Conservative,21763700.208336,-0.002848,0.028983,-0.001739,0.008072,-0.001109,0.0,0.0,0.0
2025-09-10,PF001,Conservative Income,Conservative,21759865.137935,-0.000176,0.028802,0.001005,0.009085,-0.001181,0.0,0.0,0.0
2025-09-11,PF001,Conservative Income,Conservative,21702387.379655,-0.002641,0.026085,-0.002344,0.00672,-0.000297,0.0,0.0,0.0
2025-09-12,PF001,Conservative Income,Conservative,21668037.633794,-0.001583,0.024461,0.001839,0.008571,-0.003422,0.0,0.0,0.0
2025-09-15,PF001,Conservative Income,Conservative,21601238.75636,-0.003083,0.021302,-0.001728,0.006829,-0.001355,0.0,0.0,0.0
2025-09-16,PF001,Conservative Income,Conservative,21657904.746641,0.002623,0.023981,-0.000292,0.006535,0.002915,0.0,0.0,0.0
2025-09-17,PF001,Conservative Income,Conservative,21576198.153636,-0.003773,0.020118,-0.000806,0.005723,-0.002967,0.0,0.0,0.0
2025-09-18,PF001,Conservative Income,Conservative,21563722.86337,-0.000578,0.019529,0.004848,0.010599,-0.005426,0.0,0.0,0.0
2025-09-19,PF001,Conservative Income,Conservative,21438555.113883,-0.005805,0.013611,0.001639,0.012255,-0.007444,0.0,0.0,0.0
2025-09-22,PF001,Conservative Income,Conservative,21478620.23342,0.001869,0.015505,0.003118,0.015412,-0.001249,0.0,0.0,0.0
2025-09-23,PF001,Conservative Income,Conservative,21491670.676261,0.000608,0.016122,-0.003291,0.01207,0.003899,0.0,0.0,0.0
2025-09-24,PF001,Conservative Income,Conservative,21543770.2104,0.002424,0.018585,-4.5e-05,0.012024,0.002469,0.0,0.0,0.0
2025-09-25,PF001,Conservative Income,Conservative,21655634.239531,0.005192,0.023874,0.000319,0.012347,0.004873,0.0,0.0,0.0
2025-09-26,PF001,Conservative Income,Conservative,21638297.026947,-0.000801,0.023054,0.001873,0.014243,-0.002674,0.0,0.0,0.0
2025-09-29,PF001,Conservative Income,Conservative,21610855.999667,-0.001268,0.021757,6.4e-05,0.014308,-0.001332,0.0,0.0,0.0
2025-09-30,PF001,Conservative Income,Conservative,21726281.516967,0.004752,0.026612,-0.000976,0.013318,0.005728,15046.71,2314.22,12732.49
2025-10-01,PF001,Conservative Income,Conservative,21689583.999829,-0.001689,0.024878,-0.001221,0.012081,-0.000468,0.0,0.0,0.0
2025-10-02,PF001,Conservative Income,Conservative,21669005.235005,-0.000949,0.023906,-0.003858,0.008176,0.002909,0.0,0.0,0.0
2025-10-03,PF001,Conservative Income,Conservative,21694405.887418,0.001172,0.025106,-3.3e-05,0.008143,0.001205,0.0,0.0,0.0
2025-10-06,PF001,Conservative Income,Conservative,21862482.794483,0.007747,0.033048,-0.000623,0.007515,0.00837,0.0,0.0,0.0
2025-10-07,PF001,Conservative Income,Conservative,21867298.046002,0.00022,0.033276,0.001215,0.008739,-0.000995,0.0,0.0,0.0
2025-10-08,PF001,Conservative Income,Conservative,21825816.367756,-0.001897,0.031316,-0.003314,0.005396,0.001417,0.0,0.0,0.0
2025-10-09,PF001,Conservative Income,Conservative,21920358.767772,0.004332,0.035783,0.000583,0.005982,0.003749,0.0,0.0,0.0
2025-10-10,PF001,Conservative Income,Conservative,21929281.15713,0.000407,0.036204,-0.00367,0.00229,0.004077,0.0,0.0,0.0
2025-10-13,PF001,Conservative Income,Conservative,21860550.537418,-0.003134,0.032957,0.001874,0.004169,-0.005008,0.0,0.0,0.0
2025-10-14,PF001,Conservative Income,Conservative,21910037.979826,0.002264,0.035295,-0.002609,0.001549,0.004873,0.0,0.0,0.0
2025-10-15,PF001,Conservative Income,Conservative,21922950.460396,0.000589,0.035905,0.00544,0.006997,-0.004851,0.0,0.0,0.0
2025-10-16,PF001,Conservative Income,Conservative,21925525.859952,0.000117,0.036027,0.006026,0.013065,-0.005909,0.0,0.0,0.0
2025-10-17,PF001,Conservative Income,Conservative,22035737.637278,0.005027,0.041235,-0.001183,0.011867,0.00621,0.0,0.0,0.0
2025-10-20,PF001,Conservative Income,Conservative,22019156.748732,-0.000752,0.040451,0.002694,0.014593,-0.003446,0.0,0.0,0.0
2025-10-21,PF001,Conservative Income,Conservative,21991758.602871,-0.001244,0.039157,0.001161,0.015771,-0.002405,0.0,0.0,0.0
2025-10-22,PF001,Conservative Income,Conservative,22000035.297993,0.000376,0.039548,-0.003729,0.011983,0.004105,0.0,0.0,0.0
2025-10-23,PF001,Conservative Income,Conservative,22044785.793828,0.002034,0.041662,0.003317,0.01534,-0.001283,0.0,0.0,0.0
2025-10-24,PF001,Conservative Income,Conservative,22049990.648969,0.000236,0.041908,-0.00111,0.014213,0.001346,0.0,0.0,0.0
2025-10-27,PF001,Conservative Income,Conservative,22111680.53496,0.002798,0.044823,-0.004477,0.009672,0.007275,0.0,0.0,0.0
2025-10-28,PF001,Conservative Income,Conservative,22178691.240881,0.003031,0.04799,-0.003692,0.005944,0.006723,0.0,0.0,0.0
2025-10-29,PF001,Conservative Income,Conservative,22220339.713088,0.001878,0.049958,0.000694,0.006643,0.001184,0.0,0.0,0.0
2025-10-30,PF001,Conservative Income,Conservative,22131607.038746,-0.003993,0.045765,-0.000437,0.006203,-0.003556,0.0,0.0,0.0
2025-10-31,PF001,Conservative Income,Conservative,22135884.370316,-0.000138,0.045621,0.000409,0.006614,-0.000547,15225.35,7896.08,7329.27
2025-11-03,PF001,Conservative Income,Conservative,22191052.956147,0.002492,0.048227,6.6e-05,0.006681,0.002426,0.0,0.0,0.0
2025-11-04,PF001,Conservative Income,Conservative,22169025.696746,-0.000993,0.047186,0.000946,0.007633,-0.001939,0.0,0.0,0.0
2025-11-05,PF001,Conservative Income,Conservative,22108787.673751,-0.002717,0.044341,0.002804,0.010458,-0.005521,0.0,0.0,0.0
2025-11-06,PF001,Conservative Income,Conservative,22112897.075999,0.000186,0.044535,0.004383,0.014887,-0.004197,0.0,0.0,0.0
2025-11-07,PF001,Conservative Income,Conservative,22029838.951845,-0.003756,0.040611,-0.000122,0.014763,-0.003634,0.0,0.0,0.0
2025-11-10,PF001,Conservative Income,Conservative,22095226.683431,0.002968,0.0437,-0.002748,0.011975,0.005716,0.0,0.0,0.0
2025-11-11,PF001,Conservative Income,Conservative,22095150.653591,-3e-06,0.043696,0.00277,0.014778,-0.002773,0.0,0.0,0.0
2025-11-12,PF001,Conservative Income,Conservative,22174149.857727,0.003575,0.047428,2.7e-05,0.014805,0.003548,0.0,0.0,0.0
2025-11-13,PF001,Conservative Income,Conservative,22163454.579189,-0.000482,0.046923,0.002002,0.016837,-0.002484,0.0,0.0,0.0
2025-11-14,PF001,Conservative Income,Conservative,22106151.140479,-0.002585,0.044216,0.001581,0.018445,-0.004166,0.0,0.0,0.0
2025-11-17,PF001,Conservative Income,Conservative,22083461.263493,-0.001026,0.043144,-0.00196,0.016448,0.000934,0.0,0.0,0.0
2025-11-18,PF001,Conservative Income,Conservative,22048861.665244,-0.001567,0.04151,-0.001036,0.015395,-0.000531,0.0,0.0,0.0
2025-11-19,PF001,Conservative Income,Conservative,21999888.974615,-0.002221,0.039197,-0.004889,0.010431,0.002668,0.0,0.0,0.0
2025-11-20,PF001,Conservative Income,Conservative,21928183.63648,-0.003259,0.035809,-0.004394,0.005991,0.001135,0.0,0.0,0.0
2025-11-21,PF001,Conservative Income,Conservative,21932682.611173,0.000205,0.036022,-0.00336,0.002611,0.003565,0.0,0.0,0.0
2025-11-24,PF001,Conservative Income,Conservative,21906927.607016,-0.001174,0.034805,-0.00168,0.000927,0.000506,0.0,0.0,0.0
2025-11-25,PF001,Conservative Income,Conservative,21865075.792003,-0.00191,0.032829,0.008768,0.009703,-0.010678,0.0,0.0,0.0
2025-11-26,PF001,Conservative Income,Conservative,21860026.265881,-0.000231,0.03259,0.003919,0.01366,-0.00415,0.0,0.0,0.0
2025-11-27,PF001,Conservative Income,Conservative,21771886.033096,-0.004032,0.028427,0.001177,0.014853,-0.005209,0.0,0.0,0.0
2025-11-28,PF001,Conservative Income,Conservative,21826188.937878,0.002494,0.030992,0.000562,0.015423,0.001932,0.0,0.0,0.0
2025-12-01,PF001,Conservative Income,Conservative,21807933.063123,-0.000836,0.030129,0.000825,0.016261,-0.001661,0.0,0.0,0.0
2025-12-02,PF001,Conservative Income,Conservative,21790754.615546,-0.000788,0.029318,-0.000479,0.015774,-0.000309,0.0,0.0,0.0
2025-12-03,PF001,Conservative Income,Conservative,21858262.396329,0.003098,0.032507,-0.005435,0.010254,0.008533,0.0,0.0,0.0
2025-12-04,PF001,Conservative Income,Conservative,21795643.135771,-0.002865,0.029549,0.000639,0.010899,-0.003504,0.0,0.0,0.0
2025-12-05,PF001,Conservative Income,Conservative,21838478.969934,0.001965,0.031572,-0.003453,0.007408,0.005418,0.0,0.0,0.0
2025-12-08,PF001,Conservative Income,Conservative,21833013.982709,-0.00025,0.031314,0.00471,0.012153,-0.00496,0.0,0.0,0.0
2025-12-09,PF001,Conservative Income,Conservative,21792676.908764,-0.001848,0.029409,-0.001784,0.010348,-6.4e-05,0.0,0.0,0.0
2025-12-10,PF001,Conservative Income,Conservative,21883667.418977,0.004175,0.033707,0.000473,0.010826,0.003702,0.0,0.0,0.0
2025-12-11,PF001,Conservative Income,Conservative,21816478.003519,-0.00307,0.030533,0.001676,0.01252,-0.004746,0.0,0.0,0.0
2025-12-12,PF001,Conservative Income,Conservative,21777370.824293,-0.001793,0.028686,0.000816,0.013346,-0.002609,0.0,0.0,0.0
2025-12-15,PF001,Conservative Income,Conservative,21658411.928623,-0.005463,0.023066,-0.002722,0.010588,-0.002741,0.0,0.0,0.0
2025-12-16,PF001,Conservative Income,Conservative,21752982.74097,0.004366,0.027534,0.000146,0.010735,0.00422,0.0,0.0,0.0
2025-12-17,PF001,Conservative Income,Conservative,21712475.976742,-0.001862,0.02562,0.002987,0.013754,-0.004849,0.0,0.0,0.0
2025-12-18,PF001,Conservative Income,Conservative,21699699.397399,-0.000588,0.025017,-0.002803,0.010913,0.002215,0.0,0.0,0.0
2025-12-19,PF001,Conservative Income,Conservative,21775684.290845,0.003502,0.028606,-0.000674,0.010231,0.004176,0.0,0.0,0.0
2025-12-22,PF001,Conservative Income,Conservative,21761690.539554,-0.000643,0.027945,-0.000913,0.009309,0.00027,0.0,0.0,0.0
2025-12-23,PF001,Conservative Income,Conservative,21865730.668167,0.004781,0.032859,-0.000655,0.008648,0.005436,0.0,0.0,0.0
2025-12-24,PF001,Conservative Income,Conservative,21854627.759737,-0.000508,0.032335,0.001139,0.009797,-0.001647,0.0,0.0,0.0
2025-12-25,PF001,Conservative Income,Conservative,21786815.384149,-0.003103,0.029132,-0.002525,0.007247,-0.000578,0.0,0.0,0.0
2025-12-26,PF001,Conservative Income,Conservative,21723893.101147,-0.002888,0.02616,-0.001721,0.005514,-0.001167,0.0,0.0,0.0
2025-12-29,PF001,Conservative Income,Conservative,21682800.756025,-0.001892,0.024218,-0.004005,0.001486,0.002113,0.0,0.0,0.0
2025-12-30,PF001,Conservative Income,Conservative,21656718.576762,-0.001203,0.022986,0.002156,0.003646,-0.003359,0.0,0.0,0.0
2025-12-31,PF001,Conservative Income,Conservative,21683426.974467,0.000731,0.023734,-0.001425,0.002215,0.002156,15181.16,4296.53,10884.63
2025-01-02,PF002,Balanced Growth,Balanced,48106946.659775,0.0,0.0,0.005287,0.005287,-0.005287,0.0,0.0,0.0
2025-01-03,PF002,Balanced Growth,Balanced,48007136.922732,-0.002075,-0.002075,0.002303,0.007602,-0.004378,0.0,0.0,0.0
2025-01-06,PF002,Balanced Growth,Balanced,48468096.004853,0.009602,0.007507,0.017924,0.025662,-0.008322,0.0,0.0,0.0
2025-01-07,PF002,Balanced Growth,Balanced,48317615.303127,-0.003105,0.004379,0.000251,0.02592,-0.003356,0.0,0.0,0.0
2025-01-08,PF002,Balanced Growth,Balanced,48367278.338764,0.001028,0.005412,0.009451,0.035616,-0.008423,0.0,0.0,0.0
2025-01-09,PF002,Balanced Growth,Balanced,48547090.379581,0.003718,0.009149,0.00117,0.036828,0.002548,0.0,0.0,0.0
2025-01-10,PF002,Balanced Growth,Balanced,48269885.272363,-0.00571,0.003387,-0.001136,0.03565,-0.004574,0.0,0.0,0.0
2025-01-13,PF002,Balanced Growth,Balanced,48154733.49448,-0.002386,0.000993,-0.011467,0.023774,0.009081,0.0,0.0,0.0
2025-01-14,PF002,Balanced Growth,Balanced,48220315.827369,0.001362,0.002357,0.010238,0.034255,-0.008876,0.0,0.0,0.0
2025-01-15,PF002,Balanced Growth,Balanced,48418864.365657,0.004118,0.006484,0.004439,0.038846,-0.000321,0.0,0.0,0.0
2025-01-16,PF002,Balanced Growth,Balanced,48186475.83974,-0.0048,0.001653,0.002318,0.041254,-0.007118,0.0,0.0,0.0
2025-01-17,PF002,Balanced Growth,Balanced,48043817.873061,-0.002961,-0.001312,0.002412,0.043766,-0.005373,0.0,0.0,0.0
2025-01-20,PF002,Balanced Growth,Balanced,47669398.491712,-0.007793,-0.009095,-0.003257,0.040366,-0.004536,0.0,0.0,0.0
2025-01-21,PF002,Balanced Growth,Balanced,47529856.059273,-0.002927,-0.011996,-0.007201,0.032875,0.004274,0.0,0.0,0.0
2025-01-22,PF002,Balanced Growth,Balanced,47360868.28933,-0.003555,-0.015509,0.004592,0.037618,-0.008147,0.0,0.0,0.0
2025-01-23,PF002,Balanced Growth,Balanced,47696315.156606,0.007083,-0.008536,-0.007715,0.029612,0.014798,0.0,0.0,0.0
2025-01-24,PF002,Balanced Growth,Balanced,48036117.520534,0.007124,-0.001472,0.006039,0.03583,0.001085,0.0,0.0,0.0
2025-01-27,PF002,Balanced Growth,Balanced,48237483.143663,0.004192,0.002713,-0.000975,0.03482,0.005167,0.0,0.0,0.0
2025-01-28,PF002,Balanced Growth,Balanced,47914396.489941,-0.006698,-0.004003,-0.001752,0.033007,-0.004946,0.0,0.0,0.0
2025-01-29,PF002,Balanced Growth,Balanced,47536706.149059,-0.007883,-0.011854,-0.00653,0.026262,-0.001353,0.0,0.0,0.0
2025-01-30,PF002,Balanced Growth,Balanced,47664662.051448,0.002692,-0.009194,0.003039,0.029381,-0.000347,0.0,0.0,0.0
2025-01-31,PF002,Balanced Growth,Balanced,47919181.725935,0.005109,-0.004132,-0.001401,0.027938,0.00651,15264.29,4254.91,11009.38
2025-02-03,PF002,Balanced Growth,Balanced,47883216.891595,-0.000751,-0.004879,0.010126,0.038347,-0.010877,0.0,0.0,0.0
2025-02-04,PF002,Balanced Growth,Balanced,48054650.541966,0.00358,-0.001317,0.003188,0.041658,0.000392,0.0,0.0,0.0
2025-02-05,PF002,Balanced Growth,Balanced,48405274.968031,0.007296,0.00597,0.001229,0.042938,0.006067,0.0,0.0,0.0
2025-02-06,PF002,Balanced Growth,Balanced,48488283.716581,0.001715,0.007695,-0.007649,0.03496,0.009364,0.0,0.0,0.0
2025-02-07,PF002,Balanced Growth,Balanced,48253319.18859,-0.004846,0.002812,0.005114,0.040253,-0.00996,0.0,0.0,0.0
2025-02-10,PF002,Balanced Growth,Balanced,48237633.243697,-0.000325,0.002486,0.003614,0.044013,-0.003939,0.0,0.0,0.0
2025-02-11,PF002,Balanced Growth,Balanced,48490723.702969,0.005247,0.007746,0.009013,0.053422,-0.003766,0.0,0.0,0.0
2025-02-12,PF002,Balanced Growth,Balanced,48653046.392689,0.003347,0.011119,0.001574,0.05508,0.001773,0.0,0.0,0.0
2025-02-13,PF002,Balanced Growth,Balanced,48450328.208758,-0.004167,0.006906,0.000765,0.055888,-0.004932,0.0,0.0,0.0
2025-02-14,PF002,Balanced Growth,Balanced,48656185.826082,0.004249,0.011185,-0.008371,0.047049,0.01262,0.0,0.0,0.0
2025-02-17,PF002,Balanced Growth,Balanced,48908969.478931,0.005195,0.016438,0.001716,0.048845,0.003479,0.0,0.0,0.0
2025-02-18,PF002,Balanced Growth,Balanced,49081498.158015,0.003528,0.020024,0.000384,0.049248,0.003144,0.0,0.0,0.0
2025-02-19,PF002,Balanced Growth,Balanced,48668414.644536,-0.008416,0.011439,-0.005017,0.043984,-0.003399,0.0,0.0,0.0
2025-02-20,PF002,Balanced Growth,Balanced,48658624.756517,-0.000201,0.011235,0.002812,0.04692,-0.003013,0.0,0.0,0.0
2025-02-21,PF002,Balanced Growth,Balanced,48200557.932389,-0.009414,0.001716,-0.007569,0.038996,-0.001845,0.0,0.0,0.0
2025-02-24,PF002,Balanced Growth,Balanced,48211936.067567,0.000236,0.001952,-0.001373,0.037569,0.001609,0.0,0.0,0.0
2025-02-25,PF002,Balanced Growth,Balanced,48332753.583496,0.002506,0.004463,0.005821,0.043609,-0.003315,0.0,0.0,0.0
2025-02-26,PF002,Balanced Growth,Balanced,48096519.186449,-0.004888,-0.000446,-0.003609,0.039842,-0.001279,0.0,0.0,0.0
2025-02-27,PF002,Balanced Growth,Balanced,48247978.882654,0.003149,0.002701,0.001231,0.041122,0.001918,0.0,0.0,0.0
2025-02-28,PF002,Balanced Growth,Balanced,48105933.788808,-0.003259,-0.000567,-0.004895,0.036026,0.001636,15206.61,0.0,15206.61
2025-03-03,PF002,Balanced Growth,Balanced,48118983.514766,0.000271,-0.000296,0.005357,0.041576,-0.005086,0.0,0.0,0.0
2025-03-04,PF002,Balanced Growth,Balanced,47886876.617141,-0.004824,-0.005118,0.003728,0.045459,-0.008552,0.0,0.0,0.0
2025-03-05,PF002,Balanced Growth,Balanced,47998701.308012,0.002335,-0.002795,9.4e-05,0.045557,0.002241,0.0,0.0,0.0
2025-03-06,PF002,Balanced Growth,Balanced,48063729.119873,0.001355,-0.001444,-0.001889,0.043582,0.003244,0.0,0.0,0.0
2025-03-07,PF002,Balanced Growth,Balanced,48131661.62728,0.001413,-3.2e-05,-0.002136,0.041353,0.003549,0.0,0.0,0.0
2025-03-10,PF002,Balanced Growth,Balanced,48467306.465354,0.006973,0.006941,-0.002509,0.038741,0.009482,0.0,0.0,0.0
2025-03-11,PF002,Balanced Growth,Balanced,48203126.360532,-0.005451,0.001452,-0.000152,0.038583,-0.005299,0.0,0.0,0.0
2025-03-12,PF002,Balanced Growth,Balanced,47824084.370768,-0.007863,-0.006422,0.009328,0.048271,-0.017191,0.0,0.0,0.0
2025-03-13,PF002,Balanced Growth,Balanced,47613634.517155,-0.0044,-0.010795,-0.001608,0.046585,-0.002792,0.0,0.0,0.0
2025-03-14,PF002,Balanced Growth,Balanced,47385701.108051,-0.004787,-0.01553,0.006613,0.053506,-0.0114,0.0,0.0,0.0
2025-03-17,PF002,Balanced Growth,Balanced,47240956.37917,-0.003055,-0.018537,-0.001494,0.051932,-0.001561,0.0,0.0,0.0
2025-03-18,PF002,Balanced Growth,Balanced,47441327.306864,0.004241,-0.014374,-0.004946,0.046729,0.009187,0.0,0.0,0.0
2025-03-19,PF002,Balanced Growth,Balanced,47587694.555073,0.003085,-0.011334,-0.000486,0.04622,0.003571,0.0,0.0,0.0
2025-03-20,PF002,Balanced Growth,Balanced,47602694.830648,0.000315,-0.011022,0.001794,0.048097,-0.001479,0.0,0.0,0.0
2025-03-21,PF002,Balanced Growth,Balanced,47479219.269331,-0.002594,-0.013587,-0.008271,0.039429,0.005677,0.0,0.0,0.0
2025-03-24,PF002,Balanced Growth,Balanced,47833087.562844,0.007453,-0.006235,-0.00077,0.038628,0.008223,0.0,0.0,0.0
2025-03-25,PF002,Balanced Growth,Balanced,48119282.586575,0.005983,-0.000289,-0.005372,0.033049,0.011355,0.0,0.0,0.0
2025-03-26,PF002,Balanced Growth,Balanced,48183534.107462,0.001335,0.001045,0.006475,0.039738,-0.00514,0.0,0.0,0.0
2025-03-27,PF002,Balanced Growth,Balanced,48191501.882872,0.000165,0.001211,-0.001482,0.038197,0.001647,0.0,0.0,0.0
2025-03-28,PF002,Balanced Growth,Balanced,48431647.799862,0.004983,0.0062,-0.003997,0.034047,0.00898,0.0,0.0,0.0
2025-03-31,PF002,Balanced Growth,Balanced,48719482.534537,0.005665,0.011901,-0.006299,0.027534,0.011964,15283.9,1831.57,13452.33
2025-04-01,PF002,Balanced Growth,Balanced,48743299.357046,0.000489,0.012395,0.004404,0.032059,-0.003915,0.0,0.0,0.0
2025-04-02,PF002,Balanced Growth,Balanced,48732232.258515,-0.000227,0.012165,-0.00277,0.0292,0.002543,0.0,0.0,0.0
2025-04-03,PF002,Balanced Growth,Balanced,48708130.755573,-0.000495,0.011665,0.002419,0.03169,-0.002914,0.0,0.0,0.0
2025-04-04,PF002,Balanced Growth,Balanced,48732047.235785,0.000491,0.012162,-0.005631,0.02588,0.006122,0.0,0.0,0.0
2025-04-07,PF002,Balanced Growth,Balanced,48720840.874881,-0.00023,0.011929,-0.011974,0.013596,0.011744,0.0,0.0,0.0
2025-04-08,PF002,Balanced Growth,Balanced,49069082.433945,0.007148,0.019162,-0.002255,0.011311,0.009403,0.0,0.0,0.0
2025-04-09,PF002,Balanced Growth,Balanced,49097595.974307,0.000581,0.019754,-0.000901,0.0104,0.001482,0.0,0.0,0.0
2025-04-10,PF002,Balanced Growth,Balanced,49008426.929253,-0.001816,0.017902,-0.003921,0.006438,0.002105,0.0,0.0,0.0
2025-04-11,PF002,Balanced Growth,Balanced,49290847.717865,0.005763,0.023768,-0.004514,0.001895,0.010277,0.0,0.0,0.0
2025-04-14,PF002,Balanced Growth,Balanced,49557032.301734,0.0054,0.029296,0.003717,0.005619,0.001683,0.0,0.0,0.0
2025-04-15,PF002,Balanced Growth,Balanced,49306508.299798,-0.005055,0.024093,0.001032,0.006657,-0.006087,0.0,0.0,0.0
2025-04-16,PF002,Balanced Growth,Balanced,49339880.019928,0.000677,0.024786,-6.5e-05,0.006591,0.000742,0.0,0.0,0.0
2025-04-17,PF002,Balanced Growth,Balanced,49414690.12643,0.001516,0.02634,0.009707,0.016362,-0.008191,0.0,0.0,0.0
2025-04-18,PF002,Balanced Growth,Balanced,49127923.51466,-0.005803,0.020384,0.005885,0.022343,-0.011688,0.0,0.0,0.0
2025-04-21,PF002,Balanced Growth,Balanced,48855891.657228,-0.005537,0.014734,0.007329,0.029836,-0.012866,0.0,0.0,0.0
2025-04-22,PF002,Balanced Growth,Balanced,48900978.821009,0.000923,0.01567,0.001855,0.031747,-0.000932,0.0,0.0,0.0
2025-04-23,PF002,Balanced Growth,Balanced,48823441.629398,-0.001586,0.01406,0.007404,0.039386,-0.00899,0.0,0.0,0.0
2025-04-24,PF002,Balanced Growth,Balanced,49131003.049878,0.006299,0.020448,0.001628,0.041078,0.004671,0.0,0.0,0.0
2025-04-25,PF002,Balanced Growth,Balanced,49136968.33279,0.000121,0.020572,-0.005698,0.035146,0.005819,0.0,0.0,0.0
2025-04-28,PF002,Balanced Growth,Balanced,48969217.428599,-0.003414,0.017088,9.6e-05,0.035245,-0.00351,0.0,0.0,0.0
2025-04-29,PF002,Balanced Growth,Balanced,48678111.697673,-0.005945,0.011041,0.004063,0.039451,-0.010008,0.0,0.0,0.0
2025-04-30,PF002,Balanced Growth,Balanced,48627338.296292,-0.001251,0.009776,0.005761,0.045439,-0.007012,15135.99,5000.28,10135.71
2025-05-01,PF002,Balanced Growth,Balanced,48499599.584083,-0.002627,0.007124,0.001828,0.047351,-0.004455,0.0,0.0,0.0
2025-05-02,PF002,Balanced Growth,Balanced,48533068.640363,0.00069,0.007819,-0.000535,0.04679,0.001225,0.0,0.0,0.0
2025-05-05,PF002,Balanced Growth,Balanced,48825550.726533,0.006026,0.013892,0.00043,0.04724,0.005596,0.0,0.0,0.0
2025-05-06,PF002,Balanced Growth,Balanced,48550701.850426,-0.005629,0.008185,0.004965,0.05244,-0.010594,0.0,0.0,0.0
2025-05-07,PF002,Balanced Growth,Balanced,48667555.118647,0.002407,0.010611,0.005384,0.058106,-0.002977,0.0,0.0,0.0
2025-05-08,PF002,Balanced Growth,Balanced,48585810.343356,-0.00168,0.008914,0.011237,0.069996,-0.012917,0.0,0.0,0.0
2025-05-09,PF002,Balanced Growth,Balanced,48515961.735074,-0.001438,0.007463,0.005937,0.076349,-0.007375,0.0,0.0,0.0
2025-05-12,PF002,Balanced Growth,Balanced,48280951.182892,-0.004844,0.002583,-0.004632,0.071363,-0.000212,0.0,0.0,0.0
2025-05-13,PF002,Balanced Growth,Balanced,48355800.213893,0.00155,0.004138,0.004747,0.076449,-0.003197,0.0,0.0,0.0
2025-05-14,PF002,Balanced Growth,Balanced,48457862.043257,0.002111,0.006257,0.0009,0.077418,0.001211,0.0,0.0,0.0
2025-05-15,PF002,Balanced Growth,Balanced,48749611.71072,0.006021,0.012315,-0.00366,0.073474,0.009681,0.0,0.0,0.0
2025-05-16,PF002,Balanced Growth,Balanced,48875768.81054,0.002588,0.014935,-0.00012,0.073345,0.002708,0.0,0.0,0.0
2025-05-19,PF002,Balanced Growth,Balanced,49221765.484109,0.007079,0.02212,-0.000185,0.073147,0.007264,0.0,0.0,0.0
2025-05-20,PF002,Balanced Growth,Balanced,49059398.19517,-0.003299,0.018748,0.001179,0.074412,-0.004478,0.0,0.0,0.0
2025-05-21,PF002,Balanced Growth,Balanced,48963352.19498,-0.001958,0.016754,-0.003601,0.070543,0.001643,0.0,0.0,0.0
2025-05-22,PF002,Balanced Growth,Balanced,49242093.57037,0.005693,0.022542,-0.002555,0.067808,0.008248,0.0,0.0,0.0
2025-05-23,PF002,Balanced Growth,Balanced,49178485.681406,-0.001292,0.021221,0.000461,0.0683,-0.001753,0.0,0.0,0.0
2025-05-26,PF002,Balanced Growth,Balanced,49356891.671711,0.003628,0.024926,-0.000493,0.067774,0.004121,0.0,0.0,0.0
2025-05-27,PF002,Balanced Growth,Balanced,49156494.284648,-0.00406,0.020764,0.010148,0.078609,-0.014208,0.0,0.0,0.0
2025-05-28,PF002,Balanced Growth,Balanced,48840325.926324,-0.006432,0.014199,-0.002175,0.076263,-0.004257,0.0,0.0,0.0
2025-05-29,PF002,Balanced Growth,Balanced,48735868.386777,-0.002139,0.01203,-0.004298,0.071638,0.002159,0.0,0.0,0.0
2025-05-30,PF002,Balanced Growth,Balanced,48651218.693212,-0.001737,0.010272,-0.007259,0.063859,0.005522,0.0,0.0,0.0
2025-06-02,PF002,Balanced Growth,Balanced,48729563.037444,0.00161,0.011899,0.007342,0.071669,-0.005732,0.0,0.0,0.0
2025-06-03,PF002,Balanced Growth,Balanced,48747504.441085,0.000368,0.012272,0.007454,0.079658,-0.007086,0.0,0.0,0.0
2025-06-04,PF002,Balanced Growth,Balanced,48727214.177136,-0.000416,0.01185,-0.00033,0.079301,-8.6e-05,0.0,0.0,0.0
2025-06-05,PF002,Balanced Growth,Balanced,48685106.83818,-0.000864,0.010976,0.004025,0.083645,-0.004889,0.0,0.0,0.0
2025-06-06,PF002,Balanced Growth,Balanced,48702534.534482,0.000358,0.011338,0.007685,0.091973,-0.007327,0.0,0.0,0.0
2025-06-09,PF002,Balanced Growth,Balanced,48707936.274137,0.000111,0.01145,-0.009943,0.081116,0.010054,0.0,0.0,0.0
2025-06-10,PF002,Balanced Growth,Balanced,48546072.005094,-0.003323,0.008089,-0.001544,0.079447,-0.001779,0.0,0.0,0.0
2025-06-11,PF002,Balanced Growth,Balanced,48628864.297273,0.001705,0.009808,-0.004209,0.074903,0.005914,0.0,0.0,0.0
2025-06-12,PF002,Balanced Growth,Balanced,48563919.011979,-0.001336,0.008459,0.003942,0.07914,-0.005278,0.0,0.0,0.0
2025-06-13,PF002,Balanced Growth,Balanced,48318877.784303,-0.005046,0.003371,-0.008078,0.070423,0.003032,0.0,0.0,0.0
2025-06-16,PF002,Balanced Growth,Balanced,48054960.487339,-0.005462,-0.00211,-0.004655,0.06544,-0.000807,0.0,0.0,0.0
2025-06-17,PF002,Balanced Growth,Balanced,48123424.504783,0.001425,-0.000688,0.01565,0.082114,-0.014225,0.0,0.0,0.0
2025-06-18,PF002,Balanced Growth,Balanced,48114807.024062,-0.000179,-0.000867,0.007329,0.090045,-0.007508,0.0,0.0,0.0
2025-06-19,PF002,Balanced Growth,Balanced,48265770.47425,0.003138,0.002268,0.004538,0.094992,-0.0014,0.0,0.0,0.0
2025-06-20,PF002,Balanced Growth,Balanced,48013021.508098,-0.005237,-0.00298,-0.001566,0.093277,-0.003671,0.0,0.0,0.0
2025-06-23,PF002,Balanced Growth,Balanced,48186238.72428,0.003608,0.000617,-0.001747,0.091367,0.005355,0.0,0.0,0.0
2025-06-24,PF002,Balanced Growth,Balanced,47936047.215448,-0.005192,-0.004579,0.001273,0.092757,-0.006465,0.0,0.0,0.0
2025-06-25,PF002,Balanced Growth,Balanced,48013601.466392,0.001618,-0.002968,0.010503,0.104234,-0.008885,0.0,0.0,0.0
2025-06-26,PF002,Balanced Growth,Balanced,48277519.094762,0.005497,0.002512,-0.006601,0.096945,0.012098,0.0,0.0,0.0
2025-06-27,PF002,Balanced Growth,Balanced,48496894.992556,0.004544,0.007067,0.002012,0.099152,0.002532,0.0,0.0,0.0
2025-06-30,PF002,Balanced Growth,Balanced,48828993.20784,0.006537,0.01365,0.005451,0.105143,0.001086,15095.98,0.0,15095.98
2025-07-01,PF002,Balanced Growth,Balanced,48617552.182619,-0.00433,0.009261,-0.00157,0.103408,-0.00276,0.0,0.0,0.0
2025-07-02,PF002,Balanced Growth,Balanced,48468425.326697,-0.003067,0.006165,0.014714,0.119644,-0.017781,0.0,0.0,0.0
2025-07-03,PF002,Balanced Growth,Balanced,48314110.533339,-0.003184,0.002962,0.00224,0.122152,-0.005424,0.0,0.0,0.0
2025-07-04,PF002,Balanced Growth,Balanced,48318847.474526,9.8e-05,0.00306,0.008136,0.131282,-0.008038,0.0,0.0,0.0
2025-07-07,PF002,Balanced Growth,Balanced,48235180.903715,-0.001732,0.001323,-0.010906,0.118944,0.009174,0.0,0.0,0.0
2025-07-08,PF002,Balanced Growth,Balanced,48133262.396056,-0.002113,-0.000793,0.00024,0.119212,-0.002353,0.0,0.0,0.0
2025-07-09,PF002,Balanced Growth,Balanced,47856972.002741,-0.00574,-0.006528,-0.003483,0.115314,-0.002257,0.0,0.0,0.0
2025-07-10,PF002,Balanced Growth,Balanced,47608152.165827,-0.005199,-0.011693,0.00543,0.12137,-0.010629,0.0,0.0,0.0
2025-07-11,PF002,Balanced Growth,Balanced,48100215.277658,0.010336,-0.001479,-0.00239,0.11869,0.012726,0.0,0.0,0.0
2025-07-14,PF002,Balanced Growth,Balanced,48288254.846024,0.003909,0.002425,0.003506,0.122612,0.000403,0.0,0.0,0.0
2025-07-15,PF002,Balanced Growth,Balanced,48175320.089468,-0.002339,8.1e-05,-0.004862,0.117154,0.002523,0.0,0.0,0.0
2025-07-16,PF002,Balanced Growth,Balanced,48174687.616675,-1.3e-05,6.7e-05,0.003458,0.121017,-0.003471,0.0,0.0,0.0
2025-07-17,PF002,Balanced Growth,Balanced,48194421.572827,0.00041,0.000477,0.004034,0.125539,-0.003624,0.0,0.0,0.0
2025-07-18,PF002,Balanced Growth,Balanced,48190040.196538,-9.1e-05,0.000386,0.004218,0.130287,-0.004309,0.0,0.0,0.0
2025-07-21,PF002,Balanced Growth,Balanced,48041421.442702,-0.003084,-0.002699,0.003067,0.133754,-0.006151,0.0,0.0,0.0
2025-07-22,PF002,Balanced Growth,Balanced,47941562.917881,-0.002079,-0.004772,0.001552,0.135513,-0.003631,0.0,0.0,0.0
2025-07-23,PF002,Balanced Growth,Balanced,47955006.834669,0.00028,-0.004493,-0.001632,0.13366,0.001912,0.0,0.0,0.0
2025-07-24,PF002,Balanced Growth,Balanced,48066725.069609,0.00233,-0.002174,0.001223,0.135046,0.001107,0.0,0.0,0.0
2025-07-25,PF002,Balanced Growth,Balanced,47959790.818884,-0.002225,-0.004394,-0.000861,0.134069,-0.001364,0.0,0.0,0.0
2025-07-28,PF002,Balanced Growth,Balanced,48237147.523958,0.005783,0.001364,0.001366,0.135618,0.004417,0.0,0.0,0.0
2025-07-29,PF002,Balanced Growth,Balanced,48168138.438082,-0.001431,-6.9e-05,-0.010404,0.123803,0.008973,0.0,0.0,0.0
2025-07-30,PF002,Balanced Growth,Balanced,48128345.892008,-0.000826,-0.000895,0.008832,0.133729,-0.009658,0.0,0.0,0.0
2025-07-31,PF002,Balanced Growth,Balanced,48209661.587261,0.001379,0.000483,0.000657,0.134474,0.000722,14934.31,0.0,14934.31
2025-08-01,PF002,Balanced Growth,Balanced,48266381.78213,0.001177,0.00166,0.002382,0.137176,-0.001205,0.0,0.0,0.0
2025-08-04,PF002,Balanced Growth,Balanced,48678696.325483,0.008542,0.010217,0.005009,0.142872,0.003533,0.0,0.0,0.0
2025-08-05,PF002,Balanced Growth,Balanced,48799681.663364,0.002485,0.012728,0.005272,0.148897,-0.002787,0.0,0.0,0.0
2025-08-06,PF002,Balanced Growth,Balanced,49306115.825527,0.010378,0.023238,0.010264,0.16069,0.000114,0.0,0.0,0.0
2025-08-07,PF002,Balanced Growth,Balanced,48767256.953038,-0.010929,0.012055,-0.001784,0.158619,-0.009145,0.0,0.0,0.0
2025-08-08,PF002,Balanced Growth,Balanced,48995234.21576,0.004675,0.016786,0.002421,0.161424,0.002254,0.0,0.0,0.0
2025-08-11,PF002,Balanced Growth,Balanced,49036056.129726,0.000833,0.017633,0.005795,0.168154,-0.004962,0.0,0.0,0.0
2025-08-12,PF002,Balanced Growth,Balanced,49111553.199695,0.00154,0.0192,0.003678,0.172451,-0.002138,0.0,0.0,0.0
2025-08-13,PF002,Balanced Growth,Balanced,49155417.647814,0.000893,0.02011,0.00524,0.178594,-0.004347,0.0,0.0,0.0
2025-08-14,PF002,Balanced Growth,Balanced,49171840.458323,0.000334,0.020451,-0.002992,0.175068,0.003326,0.0,0.0,0.0
2025-08-15,PF002,Balanced Growth,Balanced,49767722.250911,0.012118,0.032817,0.003753,0.179478,0.008365,0.0,0.0,0.0
2025-08-18,PF002,Balanced Growth,Balanced,49867198.2787,0.001999,0.034882,0.007494,0.188317,-0.005495,0.0,0.0,0.0
2025-08-19,PF002,Balanced Growth,Balanced,49743013.088283,-0.00249,0.032305,-0.000774,0.187397,-0.001716,0.0,0.0,0.0
2025-08-20,PF002,Balanced Growth,Balanced,49498730.032295,-0.004911,0.027235,0.01279,0.202584,-0.017701,0.0,0.0,0.0
2025-08-21,PF002,Balanced Growth,Balanced,49551697.527308,0.00107,0.028334,-0.00759,0.193457,0.00866,0.0,0.0,0.0
2025-08-22,PF002,Balanced Growth,Balanced,49718237.741933,0.003361,0.031791,-0.005612,0.186759,0.008973,0.0,0.0,0.0
2025-08-25,PF002,Balanced Growth,Balanced,49775739.940777,0.001157,0.032984,-0.002621,0.183648,0.003778,0.0,0.0,0.0
2025-08-26,PF002,Balanced Growth,Balanced,49985454.426536,0.004213,0.037336,0.00261,0.186738,0.001603,0.0,0.0,0.0
2025-08-27,PF002,Balanced Growth,Balanced,49971528.555086,-0.000279,0.037047,-0.001482,0.184979,0.001203,0.0,0.0,0.0
2025-08-28,PF002,Balanced Growth,Balanced,49834633.593023,-0.002739,0.034206,-0.011302,0.171586,0.008563,0.0,0.0,0.0
2025-08-29,PF002,Balanced Growth,Balanced,49690419.65317,-0.002894,0.031213,0.000858,0.172592,-0.003752,0.0,0.0,0.0
2025-09-01,PF002,Balanced Growth,Balanced,49826700.036549,0.002743,0.034041,0.005536,0.179083,-0.002793,0.0,0.0,0.0
2025-09-02,PF002,Balanced Growth,Balanced,49849650.893482,0.000461,0.034518,-0.003815,0.174585,0.004276,0.0,0.0,0.0
2025-09-03,PF002,Balanced Growth,Balanced,50028223.123992,0.003582,0.038224,-0.001275,0.173087,0.004857,0.0,0.0,0.0
2025-09-04,PF002,Balanced Growth,Balanced,50143279.995594,0.0023,0.040611,0.004335,0.178173,-0.002035,0.0,0.0,0.0
2025-09-05,PF002,Balanced Growth,Balanced,50044027.616726,-0.001979,0.038552,-0.000595,0.177472,-0.001384,0.0,0.0,0.0
2025-09-08,PF002,Balanced Growth,Balanced,50254844.363255,0.004213,0.042927,-0.00266,0.17434,0.006873,0.0,0.0,0.0
2025-09-09,PF002,Balanced Growth,Balanced,50027950.063868,-0.004515,0.038218,-0.00181,0.172214,-0.002705,0.0,0.0,0.0
2025-09-10,PF002,Balanced Growth,Balanced,49922015.720327,-0.002118,0.036019,0.010427,0.184437,-0.012545,0.0,0.0,0.0
2025-09-11,PF002,Balanced Growth,Balanced,49758577.894981,-0.003274,0.032628,0.001909,0.186698,-0.005183,0.0,0.0,0.0
2025-09-12,PF002,Balanced Growth,Balanced,49662019.730377,-0.001941,0.030624,0.000202,0.186937,-0.002143,0.0,0.0,0.0
2025-09-15,PF002,Balanced Growth,Balanced,49403107.434797,-0.005213,0.025251,-0.004839,0.181194,-0.000374,0.0,0.0,0.0
2025-09-16,PF002,Balanced Growth,Balanced,49425703.182638,0.000457,0.02572,0.007837,0.190451,-0.00738,0.0,0.0,0.0
2025-09-17,PF002,Balanced Growth,Balanced,49104838.444706,-0.006492,0.019061,-0.008904,0.179851,0.002412,0.0,0.0,0.0
2025-09-18,PF002,Balanced Growth,Balanced,49038818.938646,-0.001344,0.017691,0.001846,0.182029,-0.00319,0.0,0.0,0.0
2025-09-19,PF002,Balanced Growth,Balanced,48495466.873483,-0.01108,0.006415,-0.004767,0.176394,-0.006313,0.0,0.0,0.0
2025-09-22,PF002,Balanced Growth,Balanced,48733378.152725,0.004906,0.011352,-0.007702,0.167334,0.012608,0.0,0.0,0.0
2025-09-23,PF002,Balanced Growth,Balanced,48636659.719508,-0.001985,0.009345,0.000448,0.167857,-0.002433,0.0,0.0,0.0
2025-09-24,PF002,Balanced Growth,Balanced,48717298.859094,0.001658,0.011018,0.007969,0.177163,-0.006311,0.0,0.0,0.0
2025-09-25,PF002,Balanced Growth,Balanced,49098597.908698,0.007827,0.018931,0.006459,0.184767,0.001368,0.0,0.0,0.0
2025-09-26,PF002,Balanced Growth,Balanced,49203958.338807,0.002146,0.021118,0.003084,0.188421,-0.000938,0.0,0.0,0.0
2025-09-29,PF002,Balanced Growth,Balanced,49072309.866717,-0.002676,0.018386,0.010696,0.201132,-0.013372,0.0,0.0,0.0
2025-09-30,PF002,Balanced Growth,Balanced,49470358.450597,0.007842,0.026372,0.015017,0.219169,-0.007175,15469.65,2267.15,13202.5
2025-10-01,PF002,Balanced Growth,Balanced,49378707.67467,-0.001853,0.024471,0.009119,0.230287,-0.010972,0.0,0.0,0.0
2025-10-02,PF002,Balanced Growth,Balanced,49292426.964967,-0.001747,0.022681,-0.004991,0.224147,0.003244,0.0,0.0,0.0
2025-10-03,PF002,Balanced Growth,Balanced,49294930.218655,5.1e-05,0.022733,0.00747,0.233291,-0.007419,0.0,0.0,0.0
2025-10-06,PF002,Balanced Growth,Balanced,49815075.548745,0.010552,0.033524,0.000526,0.23394,0.010026,0.0,0.0,0.0
2025-10-07,PF002,Balanced Growth,Balanced,49975312.916913,0.003217,0.036849,0.002598,0.237145,0.000619,0.0,0.0,0.0
2025-10-08,PF002,Balanced Growth,Balanced,49885557.924862,-0.001796,0.034987,-0.002433,0.234135,0.000637,0.0,0.0,0.0
2025-10-09,PF002,Balanced Growth,Balanced,50275462.068041,0.007816,0.043076,0.008553,0.244691,-0.000737,0.0,0.0,0.0
2025-10-10,PF002,Balanced Growth,Balanced,50343565.636147,0.001355,0.044489,-0.004458,0.239142,0.005813,0.0,0.0,0.0
2025-10-13,PF002,Balanced Growth,Balanced,50125801.665255,-0.004326,0.039971,0.002993,0.242851,-0.007319,0.0,0.0,0.0
2025-10-14,PF002,Balanced Growth,Balanced,50169614.510588,0.000874,0.04088,-0.014382,0.224976,0.015256,0.0,0.0,0.0
2025-10-15,PF002,Balanced Growth,Balanced,50101427.399372,-0.001359,0.039465,0.016957,0.245748,-0.018316,0.0,0.0,0.0
2025-10-16,PF002,Balanced Growth,Balanced,49959810.628424,-0.002827,0.036527,0.00189,0.248103,-0.004717,0.0,0.0,0.0
2025-10-17,PF002,Balanced Growth,Balanced,50216583.711831,0.00514,0.041854,0.002304,0.250978,0.002836,0.0,0.0,0.0
2025-10-20,PF002,Balanced Growth,Balanced,50249388.002166,0.000653,0.042535,-0.00362,0.24645,0.004273,0.0,0.0,0.0
2025-10-21,PF002,Balanced Growth,Balanced,50097438.754971,-0.003024,0.039383,0.007488,0.255783,-0.010512,0.0,0.0,0.0
2025-10-22,PF002,Balanced Growth,Balanced,50139155.583334,0.000833,0.040248,-0.006873,0.247152,0.007706,0.0,0.0,0.0
2025-10-23,PF002,Balanced Growth,Balanced,50364763.812108,0.0045,0.044929,0.00286,0.250719,0.00164,0.0,0.0,0.0
2025-10-24,PF002,Balanced Growth,Balanced,50184516.231689,-0.003579,0.041189,0.0018,0.25297,-0.005379,0.0,0.0,0.0
2025-10-27,PF002,Balanced Growth,Balanced,50395590.003586,0.004206,0.045568,-0.000767,0.252009,0.004973,0.0,0.0,0.0
2025-10-28,PF002,Balanced Growth,Balanced,50575642.30726,0.003573,0.049304,0.01182,0.266808,-0.008247,0.0,0.0,0.0
2025-10-29,PF002,Balanced Growth,Balanced,50755269.011567,0.003552,0.053031,-0.001459,0.26496,0.005011,0.0,0.0,0.0
2025-10-30,PF002,Balanced Growth,Balanced,50487243.371847,-0.005281,0.04747,0.00012,0.265111,-0.005401,0.0,0.0,0.0
2025-10-31,PF002,Balanced Growth,Balanced,50473596.852972,-0.00057,0.046872,0.004033,0.270214,-0.004603,15155.04,0.0,15155.04
2025-11-03,PF002,Balanced Growth,Balanced,50591935.713192,0.002345,0.049327,0.005648,0.277388,-0.003303,0.0,0.0,0.0
2025-11-04,PF002,Balanced Growth,Balanced,50496882.376173,-0.001879,0.047355,-0.002298,0.274452,0.000419,0.0,0.0,0.0
2025-11-05,PF002,Balanced Growth,Balanced,50270625.482036,-0.004481,0.042662,0.006895,0.28324,-0.011376,0.0,0.0,0.0
2025-11-06,PF002,Balanced Growth,Balanced,50343594.169893,0.001452,0.044176,0.011534,0.298041,-0.010082,0.0,0.0,0.0
2025-11-07,PF002,Balanced Growth,Balanced,50144829.117887,-0.003948,0.040053,-0.001513,0.296077,-0.002435,0.0,0.0,0.0
2025-11-10,PF002,Balanced Growth,Balanced,50229810.736218,0.001695,0.041816,0.014498,0.314867,-0.012803,0.0,0.0,0.0
2025-11-11,PF002,Balanced Growth,Balanced,50118970.390135,-0.002207,0.039517,0.002581,0.318261,-0.004788,0.0,0.0,0.0
2025-11-12,PF002,Balanced Growth,Balanced,50385357.496487,0.005315,0.045042,0.0047,0.324457,0.000615,0.0,0.0,0.0
2025-11-13,PF002,Balanced Growth,Balanced,50334654.856919,-0.001006,0.043991,0.011795,0.340079,-0.012801,0.0,0.0,0.0
2025-11-14,PF002,Balanced Growth,Balanced,50147054.613605,-0.003727,0.0401,-0.001764,0.337715,-0.001963,0.0,0.0,0.0
2025-11-17,PF002,Balanced Growth,Balanced,50168573.517562,0.000429,0.040546,0.005501,0.345074,-0.005072,0.0,0.0,0.0
2025-11-18,PF002,Balanced Growth,Balanced,50034049.870391,-0.002681,0.037756,0.004236,0.350771,-0.006917,0.0,0.0,0.0
2025-11-19,PF002,Balanced Growth,Balanced,49884895.022032,-0.002981,0.034662,-0.008187,0.339713,0.005206,0.0,0.0,0.0
2025-11-20,PF002,Balanced Growth,Balanced,49703668.798527,-0.003633,0.030903,-0.008358,0.328515,0.004725,0.0,0.0,0.0
2025-11-21,PF002,Balanced Growth,Balanced,49941494.418961,0.004785,0.035836,0.006327,0.336921,-0.001542,0.0,0.0,0.0
2025-11-24,PF002,Balanced Growth,Balanced,49936372.635592,-0.000103,0.03573,-0.00261,0.333431,0.002507,0.0,0.0,0.0
2025-11-25,PF002,Balanced Growth,Balanced,49837907.330396,-0.001972,0.033687,0.002514,0.336784,-0.004486,0.0,0.0,0.0
2025-11-26,PF002,Balanced Growth,Balanced,49922032.821202,0.001688,0.035432,-0.004359,0.330957,0.006047,0.0,0.0,0.0
2025-11-27,PF002,Balanced Growth,Balanced,49503085.742287,-0.008392,0.026743,4.3e-05,0.331014,-0.008435,0.0,0.0,0.0
2025-11-28,PF002,Balanced Growth,Balanced,49623114.737115,0.002425,0.029232,0.000835,0.332125,0.00159,0.0,0.0,0.0
2025-12-01,PF002,Balanced Growth,Balanced,49605914.600614,-0.000347,0.028876,-0.005112,0.325315,0.004765,0.0,0.0,0.0
2025-12-02,PF002,Balanced Growth,Balanced,49522317.92344,-0.001685,0.027142,-0.013899,0.306895,0.012214,0.0,0.0,0.0
2025-12-03,PF002,Balanced Growth,Balanced,49893670.321097,0.007499,0.034844,0.000577,0.307649,0.006922,0.0,0.0,0.0
2025-12-04,PF002,Balanced Growth,Balanced,49689981.024009,-0.004082,0.030619,-0.012831,0.29087,0.008749,0.0,0.0,0.0
2025-12-05,PF002,Balanced Growth,Balanced,49887454.457256,0.003974,0.034715,0.004278,0.296393,-0.000304,0.0,0.0,0.0
2025-12-08,PF002,Balanced Growth,Balanced,49890226.049887,5.6e-05,0.034773,-0.002068,0.293712,0.002124,0.0,0.0,0.0
2025-12-09,PF002,Balanced Growth,Balanced,49620200.057524,-0.005412,0.029172,0.005411,0.300712,-0.010823,0.0,0.0,0.0
2025-12-10,PF002,Balanced Growth,Balanced,49927418.984723,0.006191,0.035544,0.008043,0.311174,-0.001852,0.0,0.0,0.0
2025-12-11,PF002,Balanced Growth,Balanced,49749425.885823,-0.003565,0.031852,-0.004752,0.304943,0.001187,0.0,0.0,0.0
2025-12-12,PF002,Balanced Growth,Balanced,49554344.456994,-0.003921,0.027806,0.000886,0.306099,-0.004807,0.0,0.0,0.0
2025-12-15,PF002,Balanced Growth,Balanced,49123117.406453,-0.008702,0.018862,-0.003764,0.301183,-0.004938,0.0,0.0,0.0
2025-12-16,PF002,Balanced Growth,Balanced,49433145.760451,0.006311,0.025292,-0.002082,0.298474,0.008393,0.0,0.0,0.0
2025-12-17,PF002,Balanced Growth,Balanced,49402031.838481,-0.000629,0.024647,0.004613,0.304464,-0.005242,0.0,0.0,0.0
2025-12-18,PF002,Balanced Growth,Balanced,49360643.637301,-0.000838,0.023789,0.003273,0.308733,-0.004111,0.0,0.0,0.0
2025-12-19,PF002,Balanced Growth,Balanced,49515632.965495,0.00314,0.027003,-0.003653,0.303953,0.006793,0.0,0.0,0.0
2025-12-22,PF002,Balanced Growth,Balanced,49438275.471559,-0.001562,0.025399,-0.005198,0.297175,0.003636,0.0,0.0,0.0
2025-12-23,PF002,Balanced Growth,Balanced,49867239.514278,0.008677,0.034296,-0.003178,0.293052,0.011855,0.0,0.0,0.0
2025-12-24,PF002,Balanced Growth,Balanced,49936290.451662,0.001385,0.035728,0.006607,0.301595,-0.005222,0.0,0.0,0.0
2025-12-25,PF002,Balanced Growth,Balanced,49666644.940404,-0.0054,0.030135,0.005095,0.308227,-0.010495,0.0,0.0,0.0
2025-12-26,PF002,Balanced Growth,Balanced,49439068.252388,-0.004582,0.025415,-0.000964,0.306966,-0.003618,0.0,0.0,0.0
2025-12-29,PF002,Balanced Growth,Balanced,49306156.447501,-0.002688,0.022658,2.5e-05,0.306999,-0.002713,0.0,0.0,0.0
2025-12-30,PF002,Balanced Growth,Balanced,49224005.035036,-0.001666,0.020955,0.014019,0.325321,-0.015685,0.0,0.0,0.0
2025-12-31,PF002,Balanced Growth,Balanced,49251969.071578,0.000261,0.021221,0.008991,0.337237,-0.00873,15129.47,0.0,15129.47
2025-01-02,PF003,Growth Plus,Growth,27094637.755243,0.0,0.0,-0.004128,-0.004128,0.004128,0.0,0.0,0.0
2025-01-03,PF003,Growth Plus,Growth,27060397.739779,-0.001264,-0.001264,0.008048,0.003887,-0.009312,0.0,0.0,0.0
2025-01-06,PF003,Growth Plus,Growth,27365073.334857,0.011259,0.009981,-0.000808,0.003076,0.012067,0.0,0.0,0.0
2025-01-07,PF003,Growth Plus,Growth,27249416.999307,-0.004226,0.005713,-0.016564,-0.013539,0.012338,0.0,0.0,0.0
2025-01-08,PF003,Growth Plus,Growth,27233067.540182,-0.0006,0.005109,0.006919,-0.006714,-0.007519,0.0,0.0,0.0
2025-01-09,PF003,Growth Plus,Growth,27411611.891561,0.006556,0.011699,0.017074,0.010245,-0.010518,0.0,0.0,0.0
2025-01-10,PF003,Growth Plus,Growth,27233842.977461,-0.006485,0.005138,0.001756,0.012019,-0.008241,0.0,0.0,0.0
2025-01-13,PF003,Growth Plus,Growth,27115888.530201,-0.004331,0.000784,-0.012984,-0.001121,0.008653,0.0,0.0,0.0
2025-01-14,PF003,Growth Plus,Growth,27162244.904343,0.00171,0.002495,0.005366,0.004239,-0.003656,0.0,0.0,0.0
2025-01-15,PF003,Growth Plus,Growth,27322545.088565,0.005902,0.008412,-0.000143,0.004096,0.006045,0.0,0.0,0.0
2025-01-16,PF003,Growth Plus,Growth,27142069.749353,-0.006605,0.001751,0.002555,0.006661,-0.00916,0.0,0.0,0.0
2025-01-17,PF003,Growth Plus,Growth,26977084.965601,-0.006079,-0.004339,0.003929,0.010616,-0.010008,0.0,0.0,0.0
2025-01-20,PF003,Growth Plus,Growth,26712473.126189,-0.009809,-0.014105,0.002838,0.013484,-0.012647,0.0,0.0,0.0
2025-01-21,PF003,Growth Plus,Growth,26597858.053264,-0.004291,-0.018335,0.015236,0.028926,-0.019527,0.0,0.0,0.0
2025-01-22,PF003,Growth Plus,Growth,26453963.904976,-0.00541,-0.023646,0.008198,0.037361,-0.013608,0.0,0.0,0.0
2025-01-23,PF003,Growth Plus,Growth,26663017.080756,0.007903,-0.01593,-0.007198,0.029894,0.015101,0.0,0.0,0.0
2025-01-24,PF003,Growth Plus,Growth,26873980.208084,0.007912,-0.008144,0.00267,0.032644,0.005242,0.0,0.0,0.0
2025-01-27,PF003,Growth Plus,Growth,27054917.260402,0.006733,-0.001466,0.015644,0.048799,-0.008911,0.0,0.0,0.0
2025-01-28,PF003,Growth Plus,Growth,26830256.741724,-0.008304,-0.009758,0.006038,0.055131,-0.014342,0.0,0.0,0.0
2025-01-29,PF003,Growth Plus,Growth,26567617.623281,-0.009789,-0.019451,0.001058,0.056248,-0.010847,0.0,0.0,0.0
2025-01-30,PF003,Growth Plus,Growth,26658811.518296,0.003433,-0.016085,-0.008966,0.046777,0.012399,0.0,0.0,0.0
2025-01-31,PF003,Growth Plus,Growth,26852198.240264,0.006666,-0.009526,0.017167,0.064747,-0.010501,15675.45,0.0,15675.45
2025-02-03,PF003,Growth Plus,Growth,26880688.26178,0.001061,-0.008476,-0.010287,0.053794,0.011348,0.0,0.0,0.0
2025-02-04,PF003,Growth Plus,Growth,27006483.626338,0.00468,-0.003835,-0.002477,0.051184,0.007157,0.0,0.0,0.0
2025-02-05,PF003,Growth Plus,Growth,27297364.693509,0.010771,0.006894,0.018004,0.07011,-0.007233,0.0,0.0,0.0
2025-02-06,PF003,Growth Plus,Growth,27367896.51421,0.002584,0.009496,0.000695,0.070853,0.001889,0.0,0.0,0.0
2025-02-07,PF003,Growth Plus,Growth,27221492.066489,-0.005349,0.004095,0.003662,0.074775,-0.009011,0.0,0.0,0.0
2025-02-10,PF003,Growth Plus,Growth,27240443.762163,0.000696,0.004794,0.002855,0.077843,-0.002159,0.0,0.0,0.0
2025-02-11,PF003,Growth Plus,Growth,27421697.739558,0.006654,0.01148,-0.001774,0.075931,0.008428,0.0,0.0,0.0
2025-02-12,PF003,Growth Plus,Growth,27593360.821742,0.00626,0.017812,0.006242,0.082647,1.8e-05,0.0,0.0,0.0
2025-02-13,PF003,Growth Plus,Growth,27464856.156536,-0.004657,0.013072,-0.015247,0.06614,0.01059,0.0,0.0,0.0
2025-02-14,PF003,Growth Plus,Growth,27597806.220925,0.004841,0.017976,-0.000878,0.065204,0.005719,0.0,0.0,0.0
2025-02-17,PF003,Growth Plus,Growth,27770291.717042,0.00625,0.024338,0.004807,0.070324,0.001443,0.0,0.0,0.0
2025-02-18,PF003,Growth Plus,Growth,27869469.245622,0.003571,0.027997,-0.001706,0.068498,0.005277,0.0,0.0,0.0
2025-02-19,PF003,Growth Plus,Growth,27589371.992696,-0.01005,0.017665,-0.003048,0.065242,-0.007002,0.0,0.0,0.0
2025-02-20,PF003,Growth Plus,Growth,27550388.405608,-0.001413,0.016227,0.009708,0.075583,-0.011121,0.0,0.0,0.0
2025-02-21,PF003,Growth Plus,Growth,27275747.757571,-0.009969,0.006097,0.006852,0.082953,-0.016821,0.0,0.0,0.0
2025-02-24,PF003,Growth Plus,Growth,27298362.792577,0.000829,0.006931,0.004059,0.087349,-0.00323,0.0,0.0,0.0
2025-02-25,PF003,Growth Plus,Growth,27408280.012058,0.004027,0.010985,0.010941,0.099245,-0.006914,0.0,0.0,0.0
2025-02-26,PF003,Growth Plus,Growth,27252940.413111,-0.005668,0.005255,-0.008257,0.090169,0.002589,0.0,0.0,0.0
2025-02-27,PF003,Growth Plus,Growth,27320290.727693,0.002471,0.00774,0.001668,0.091987,0.000803,0.0,0.0,0.0
2025-02-28,PF003,Growth Plus,Growth,27219397.758942,-0.004271,0.003436,-0.004639,0.086921,0.000368,15782.79,0.0,15782.79
2025-03-03,PF003,Growth Plus,Growth,27174436.735331,-0.001652,0.001779,-1e-05,0.086911,-0.001642,0.0,0.0,0.0
2025-03-04,PF003,Growth Plus,Growth,26996901.351852,-0.006533,-0.004766,0.009859,0.097626,-0.016392,0.0,0.0,0.0
2025-03-05,PF003,Growth Plus,Growth,27150282.239221,0.005681,0.000888,-0.006003,0.091037,0.011684,0.0,0.0,0.0
2025-03-06,PF003,Growth Plus,Growth,27197163.863121,0.001727,0.002616,0.003474,0.094828,-0.001747,0.0,0.0,0.0
2025-03-07,PF003,Growth Plus,Growth,27272875.559628,0.002784,0.005407,-0.006949,0.08722,0.009733,0.0,0.0,0.0
2025-03-10,PF003,Growth Plus,Growth,27442255.140683,0.006211,0.011652,-0.005407,0.081341,0.011618,0.0,0.0,0.0
2025-03-11,PF003,Growth Plus,Growth,27247352.689648,-0.007102,0.004467,0.001152,0.082587,-0.008254,0.0,0.0,0.0
2025-03-12,PF003,Growth Plus,Growth,26977124.254185,-0.009918,-0.005495,-0.003144,0.079183,-0.006774,0.0,0.0,0.0
2025-03-13,PF003,Growth Plus,Growth,26856764.676747,-0.004462,-0.009932,0.002325,0.081692,-0.006787,0.0,0.0,0.0
2025-03-14,PF003,Growth Plus,Growth,26705159.631717,-0.005645,-0.015521,0.008509,0.090896,-0.014154,0.0,0.0,0.0
2025-03-17,PF003,Growth Plus,Growth,26602797.135188,-0.003833,-0.019295,0.004246,0.095528,-0.008079,0.0,0.0,0.0
2025-03-18,PF003,Growth Plus,Growth,26741837.517451,0.005227,-0.014169,0.00234,0.098092,0.002887,0.0,0.0,0.0
2025-03-19,PF003,Growth Plus,Growth,26859970.719869,0.004418,-0.009814,-0.001913,0.095991,0.006331,0.0,0.0,0.0
2025-03-20,PF003,Growth Plus,Growth,26831389.159676,-0.001064,-0.010868,0.014862,0.11228,-0.015926,0.0,0.0,0.0
2025-03-21,PF003,Growth Plus,Growth,26724974.519602,-0.003966,-0.014791,0.012861,0.126585,-0.016827,0.0,0.0,0.0
2025-03-24,PF003,Growth Plus,Growth,26926056.505458,0.007524,-0.007378,0.010164,0.138035,-0.00264,0.0,0.0,0.0
2025-03-25,PF003,Growth Plus,Growth,27133681.702476,0.007711,0.000276,-0.007359,0.129661,0.01507,0.0,0.0,0.0
2025-03-26,PF003,Growth Plus,Growth,27152932.781665,0.000709,0.000986,-0.009718,0.118683,0.010427,0.0,0.0,0.0
2025-03-27,PF003,Growth Plus,Growth,27185076.203456,0.001184,0.002171,0.016013,0.136596,-0.014829,0.0,0.0,0.0
2025-03-28,PF003,Growth Plus,Growth,27325497.483881,0.005165,0.007347,0.004642,0.141872,0.000523,0.0,0.0,0.0
2025-03-31,PF003,Growth Plus,Growth,27535209.529654,0.007091,0.014491,0.006873,0.14972,0.000218,15934.09,0.0,15934.09
2025-04-01,PF003,Growth Plus,Growth,27559803.837952,0.000893,0.015397,0.013265,0.164971,-0.012372,0.0,0.0,0.0
2025-04-02,PF003,Growth Plus,Growth,27488708.373932,-0.00258,0.012778,0.00086,0.165973,-0.00344,0.0,0.0,0.0
2025-04-03,PF003,Growth Plus,Growth,27424894.339842,-0.002321,0.010427,0.002434,0.168811,-0.004755,0.0,0.0,0.0
2025-04-04,PF003,Growth Plus,Growth,27451190.429786,0.000959,0.011395,0.006416,0.17631,-0.005457,0.0,0.0,0.0
2025-04-07,PF003,Growth Plus,Growth,27432097.030011,-0.000696,0.010692,-0.002089,0.173853,0.001393,0.0,0.0,0.0
2025-04-08,PF003,Growth Plus,Growth,27650042.963609,0.007945,0.018722,0.006718,0.181739,0.001227,0.0,0.0,0.0
2025-04-09,PF003,Growth Plus,Growth,27700200.441749,0.001814,0.02057,-0.00186,0.179541,0.003674,0.0,0.0,0.0
2025-04-10,PF003,Growth Plus,Growth,27669492.652069,-0.001109,0.019438,-0.001588,0.177668,0.000479,0.0,0.0,0.0
2025-04-11,PF003,Growth Plus,Growth,27836802.90423,0.006047,0.025603,0.00164,0.179599,0.004407,0.0,0.0,0.0
2025-04-14,PF003,Growth Plus,Growth,27958263.751086,0.004363,0.030078,0.002232,0.182232,0.002131,0.0,0.0,0.0
2025-04-15,PF003,Growth Plus,Growth,27763377.009218,-0.006971,0.022897,-0.01184,0.168234,0.004869,0.0,0.0,0.0
2025-04-16,PF003,Growth Plus,Growth,27761469.478833,-6.9e-05,0.022827,-0.017839,0.147394,0.01777,0.0,0.0,0.0
2025-04-17,PF003,Growth Plus,Growth,27775913.567942,0.00052,0.023359,0.008643,0.157311,-0.008123,0.0,0.0,0.0
2025-04-18,PF003,Growth Plus,Growth,27577947.180216,-0.007127,0.016065,-0.001368,0.155728,-0.005759,0.0,0.0,0.0
2025-04-21,PF003,Growth Plus,Growth,27315305.909172,-0.009524,0.006389,-0.000537,0.155107,-0.008987,0.0,0.0,0.0
2025-04-22,PF003,Growth Plus,Growth,27320180.431634,0.000178,0.006568,-0.001238,0.153677,0.001416,0.0,0.0,0.0
2025-04-23,PF003,Growth Plus,Growth,27261269.667035,-0.002156,0.004398,0.011849,0.167347,-0.014005,0.0,0.0,0.0
2025-04-24,PF003,Growth Plus,Growth,27432987.628857,0.006299,0.010725,0.019441,0.190042,-0.013142,0.0,0.0,0.0
2025-04-25,PF003,Growth Plus,Growth,27423050.032736,-0.000362,0.010359,-0.001933,0.187741,0.001571,0.0,0.0,0.0
2025-04-28,PF003,Growth Plus,Growth,27336670.87423,-0.00315,0.007176,0.003971,0.192458,-0.007121,0.0,0.0,0.0
2025-04-29,PF003,Growth Plus,Growth,27202570.214358,-0.004906,0.002235,0.007047,0.200861,-0.011953,0.0,0.0,0.0
2025-04-30,PF003,Growth Plus,Growth,27149488.905314,-0.002455,-0.000226,0.003212,0.204718,-0.005667,15878.37,2166.17,13712.2
2025-05-01,PF003,Growth Plus,Growth,27079763.933598,-0.002568,-0.002793,-0.010085,0.192569,0.007517,0.0,0.0,0.0
2025-05-02,PF003,Growth Plus,Growth,27089685.366546,0.000366,-0.002428,-0.000857,0.191546,0.001223,0.0,0.0,0.0
2025-05-05,PF003,Growth Plus,Growth,27261379.400908,0.006338,0.003895,-0.005123,0.185442,0.011461,0.0,0.0,0.0
2025-05-06,PF003,Growth Plus,Growth,27045713.68501,-0.007911,-0.004047,-0.002982,0.181907,-0.004929,0.0,0.0,0.0
2025-05-07,PF003,Growth Plus,Growth,27110575.963445,0.002398,-0.001659,-0.001165,0.18053,0.003563,0.0,0.0,0.0
2025-05-08,PF003,Growth Plus,Growth,27038659.090196,-0.002653,-0.004307,-0.014455,0.163466,0.011802,0.0,0.0,0.0
2025-05-09,PF003,Growth Plus,Growth,27006543.68698,-0.001188,-0.00549,-0.002152,0.160962,0.000964,0.0,0.0,0.0
2025-05-12,PF003,Growth Plus,Growth,26831270.22063,-0.00649,-0.011944,0.011192,0.173955,-0.017682,0.0,0.0,0.0
2025-05-13,PF003,Growth Plus,Growth,26886342.618353,0.002053,-0.009916,-0.00306,0.170363,0.005113,0.0,0.0,0.0
2025-05-14,PF003,Growth Plus,Growth,26953284.5327,0.00249,-0.007451,0.006489,0.177958,-0.003999,0.0,0.0,0.0
2025-05-15,PF003,Growth Plus,Growth,27182802.929139,0.008515,0.001001,0.010959,0.190867,-0.002444,0.0,0.0,0.0
2025-05-16,PF003,Growth Plus,Growth,27300433.234486,0.004327,0.005333,0.001967,0.193209,0.00236,0.0,0.0,0.0
2025-05-19,PF003,Growth Plus,Growth,27578070.138429,0.01017,0.015557,0.011748,0.207227,-0.001578,0.0,0.0,0.0
2025-05-20,PF003,Growth Plus,Growth,27452755.41575,-0.004544,0.010942,-0.001122,0.205873,-0.003422,0.0,0.0,0.0
2025-05-21,PF003,Growth Plus,Growth,27357443.276639,-0.003472,0.007432,0.008922,0.216631,-0.012394,0.0,0.0,0.0
2025-05-22,PF003,Growth Plus,Growth,27566876.295301,0.007655,0.015145,0.008934,0.227501,-0.001279,0.0,0.0,0.0
2025-05-23,PF003,Growth Plus,Growth,27509995.785738,-0.002063,0.01305,-0.00605,0.220074,0.003987,0.0,0.0,0.0
2025-05-26,PF003,Growth Plus,Growth,27626583.65098,0.004238,0.017343,0.000402,0.220565,0.003836,0.0,0.0,0.0
2025-05-27,PF003,Growth Plus,Growth,27495298.527549,-0.004752,0.012509,0.011918,0.235112,-0.01667,0.0,0.0,0.0
2025-05-28,PF003,Growth Plus,Growth,27317724.237423,-0.006458,0.00597,0.011974,0.249901,-0.018432,0.0,0.0,0.0
2025-05-29,PF003,Growth Plus,Growth,27272900.724098,-0.001641,0.004319,0.000905,0.251032,-0.002546,0.0,0.0,0.0
2025-05-30,PF003,Growth Plus,Growth,27199658.738243,-0.002686,0.001622,0.003372,0.25525,-0.006058,0.0,0.0,0.0
2025-06-02,PF003,Growth Plus,Growth,27182629.435547,-0.000626,0.000995,-0.012111,0.240048,0.011485,0.0,0.0,0.0
2025-06-03,PF003,Growth Plus,Growth,27259286.096174,0.00282,0.003818,-0.002837,0.23653,0.005657,0.0,0.0,0.0
2025-06-04,PF003,Growth Plus,Growth,27237218.82357,-0.00081,0.003005,-0.009313,0.225014,0.008503,0.0,0.0,0.0
2025-06-05,PF003,Growth Plus,Growth,27211326.249239,-0.000951,0.002052,-0.003003,0.221336,0.002052,0.0,0.0,0.0
2025-06-06,PF003,Growth Plus,Growth,27236029.031207,0.000908,0.002961,-0.013385,0.204988,0.014293,0.0,0.0,0.0
2025-06-09,PF003,Growth Plus,Growth,27218086.018912,-0.000659,0.002301,-0.011957,0.19058,0.011298,0.0,0.0,0.0
2025-06-10,PF003,Growth Plus,Growth,27090683.098253,-0.004681,-0.002391,0.011638,0.204436,-0.016319,0.0,0.0,0.0
2025-06-11,PF003,Growth Plus,Growth,27122408.105463,0.001171,-0.001223,-0.013425,0.188266,0.014596,0.0,0.0,0.0
2025-06-12,PF003,Growth Plus,Growth,27063401.269414,-0.002176,-0.003396,0.011637,0.202094,-0.013813,0.0,0.0,0.0
2025-06-13,PF003,Growth Plus,Growth,26870638.829649,-0.007123,-0.010494,-0.004585,0.196583,-0.002538,0.0,0.0,0.0
2025-06-16,PF003,Growth Plus,Growth,26714310.075814,-0.005818,-0.016251,0.001813,0.198752,-0.007631,0.0,0.0,0.0
2025-06-17,PF003,Growth Plus,Growth,26784544.865257,0.002629,-0.013665,-0.001155,0.197367,0.003784,0.0,0.0,0.0
2025-06-18,PF003,Growth Plus,Growth,26763658.112817,-0.00078,-0.014434,0.013738,0.213817,-0.014518,0.0,0.0,0.0
2025-06-19,PF003,Growth Plus,Growth,26862774.20793,0.003703,-0.010784,-0.00318,0.209957,0.006883,0.0,0.0,0.0
2025-06-20,PF003,Growth Plus,Growth,26717742.510029,-0.005399,-0.016125,-0.020449,0.185215,0.01505,0.0,0.0,0.0
2025-06-23,PF003,Growth Plus,Growth,26840255.513586,0.004585,-0.011613,0.001224,0.186665,0.003361,0.0,0.0,0.0
2025-06-24,PF003,Growth Plus,Growth,26686935.057953,-0.005712,-0.017259,0.000129,0.186818,-0.005841,0.0,0.0,0.0
2025-06-25,PF003,Growth Plus,Growth,26726061.328578,0.001466,-0.015818,-0.009332,0.175743,0.010798,0.0,0.0,0.0
2025-06-26,PF003,Growth Plus,Growth,26902896.903281,0.006617,-0.009306,-0.020244,0.151941,0.026861,0.0,0.0,0.0
2025-06-27,PF003,Growth Plus,Growth,27047887.124857,0.005389,-0.003967,0.00951,0.162896,-0.004121,0.0,0.0,0.0
2025-06-30,PF003,Growth Plus,Growth,27252577.856117,0.007042,0.003047,-0.000846,0.161912,0.007888,16079.4,1855.46,14223.94
2025-07-01,PF003,Growth Plus,Growth,27098369.827614,-0.005658,-0.002629,-0.000959,0.160798,-0.004699,0.0,0.0,0.0
2025-07-02,PF003,Growth Plus,Growth,27021996.662387,-0.002818,-0.00544,0.017948,0.181632,-0.020766,0.0,0.0,0.0
2025-07-03,PF003,Growth Plus,Growth,26923413.711697,-0.003648,-0.009068,-0.014431,0.16458,0.010783,0.0,0.0,0.0
2025-07-04,PF003,Growth Plus,Growth,26926181.588288,0.000103,-0.008966,-0.007767,0.155535,0.00787,0.0,0.0,0.0
2025-07-07,PF003,Growth Plus,Growth,26890818.819211,-0.001313,-0.010268,0.004338,0.160547,-0.005651,0.0,0.0,0.0
2025-07-08,PF003,Growth Plus,Growth,26803376.789154,-0.003252,-0.013486,0.018926,0.182512,-0.022178,0.0,0.0,0.0
2025-07-09,PF003,Growth Plus,Growth,26622746.718202,-0.006739,-0.020134,0.006139,0.189771,-0.012878,0.0,0.0,0.0
2025-07-10,PF003,Growth Plus,Growth,26459824.148801,-0.00612,-0.026131,0.007422,0.198602,-0.013542,0.0,0.0,0.0
2025-07-11,PF003,Growth Plus,Growth,26781367.971885,0.012152,-0.014296,0.002951,0.202139,0.009201,0.0,0.0,0.0
2025-07-14,PF003,Growth Plus,Growth,26905983.34232,0.004653,-0.00971,-0.002001,0.199733,0.006654,0.0,0.0,0.0
2025-07-15,PF003,Growth Plus,Growth,26833131.470109,-0.002708,-0.012391,0.015075,0.217819,-0.017783,0.0,0.0,0.0
2025-07-16,PF003,Growth Plus,Growth,26850996.368435,0.000666,-0.011734,-0.007435,0.208765,0.008101,0.0,0.0,0.0
2025-07-17,PF003,Growth Plus,Growth,26820053.256277,-0.001152,-0.012872,0.017929,0.230437,-0.019081,0.0,0.0,0.0
2025-07-18,PF003,Growth Plus,Growth,26832231.763959,0.000454,-0.012424,-0.006472,0.222473,0.006926,0.0,0.0,0.0
2025-07-21,PF003,Growth Plus,Growth,26699198.743692,-0.004958,-0.017321,0.002277,0.225257,-0.007235,0.0,0.0,0.0
2025-07-22,PF003,Growth Plus,Growth,26606005.076006,-0.003491,-0.020751,0.000646,0.226049,-0.004137,0.0,0.0,0.0
2025-07-23,PF003,Growth Plus,Growth,26623563.111955,0.00066,-0.020104,-0.000644,0.225259,0.001304,0.0,0.0,0.0
2025-07-24,PF003,Growth Plus,Growth,26746867.846789,0.004631,-0.015566,0.010772,0.238457,-0.006141,0.0,0.0,0.0
2025-07-25,PF003,Growth Plus,Growth,26665327.313006,-0.003049,-0.018567,-0.006266,0.230697,0.003217,0.0,0.0,0.0
2025-07-28,PF003,Growth Plus,Growth,26829354.132532,0.006151,-0.01253,0.001223,0.232202,0.004928,0.0,0.0,0.0
2025-07-29,PF003,Growth Plus,Growth,26805529.022104,-0.000888,-0.013407,-0.009329,0.220707,0.008441,0.0,0.0,0.0
2025-07-30,PF003,Growth Plus,Growth,26845420.615449,0.001488,-0.011939,-0.005149,0.214422,0.006637,0.0,0.0,0.0
2025-07-31,PF003,Growth Plus,Growth,26877692.052553,0.000644,-0.011302,-0.00168,0.212382,0.002324,15941.29,967.93,14973.36
2025-08-01,PF003,Growth Plus,Growth,26880093.745004,8.9e-05,-0.011214,-0.002159,0.209764,0.002248,0.0,0.0,0.0
2025-08-04,PF003,Growth Plus,Growth,27148042.689035,0.009968,-0.001357,0.014658,0.227497,-0.00469,0.0,0.0,0.0
2025-08-05,PF003,Growth Plus,Growth,27252318.79144,0.003841,0.002479,0.0089,0.238421,-0.005059,0.0,0.0,0.0
2025-08-06,PF003,Growth Plus,Growth,27582385.676208,0.012112,0.01462,-0.00525,0.23192,0.017362,0.0,0.0,0.0
2025-08-07,PF003,Growth Plus,Growth,27217778.510055,-0.013219,0.001208,0.005244,0.23838,-0.018463,0.0,0.0,0.0
2025-08-08,PF003,Growth Plus,Growth,27374890.349953,0.005772,0.006987,0.002348,0.241288,0.003424,0.0,0.0,0.0
2025-08-11,PF003,Growth Plus,Growth,27401759.594716,0.000982,0.007976,-0.019084,0.217599,0.020066,0.0,0.0,0.0
2025-08-12,PF003,Growth Plus,Growth,27452759.088091,0.001861,0.009852,-0.00342,0.213435,0.005281,0.0,0.0,0.0
2025-08-13,PF003,Growth Plus,Growth,27504564.121044,0.001887,0.011757,0.006808,0.221696,-0.004921,0.0,0.0,0.0
2025-08-14,PF003,Growth Plus,Growth,27522282.872432,0.000644,0.012409,-0.00092,0.220572,0.001564,0.0,0.0,0.0
2025-08-15,PF003,Growth Plus,Growth,27892795.547597,0.013462,0.026039,-0.009417,0.209078,0.022879,0.0,0.0,0.0
2025-08-18,PF003,Growth Plus,Growth,27987352.557104,0.00339,0.029517,0.004592,0.21463,-0.001202,0.0,0.0,0.0
2025-08-19,PF003,Growth Plus,Growth,27914632.687681,-0.002598,0.026842,-0.012424,0.199539,0.009826,0.0,0.0,0.0
2025-08-20,PF003,Growth Plus,Growth,27788772.286435,-0.004509,0.022212,0.014271,0.216658,-0.01878,0.0,0.0,0.0
2025-08-21,PF003,Growth Plus,Growth,27865149.229254,0.002748,0.025022,-0.006415,0.208853,0.009163,0.0,0.0,0.0
2025-08-22,PF003,Growth Plus,Growth,27999880.165045,0.004835,0.029978,0.002799,0.212237,0.002036,0.0,0.0,0.0
2025-08-25,PF003,Growth Plus,Growth,28041584.193922,0.001489,0.031512,0.011246,0.225869,-0.009757,0.0,0.0,0.0
2025-08-26,PF003,Growth Plus,Growth,28174329.655176,0.004734,0.036395,0.005699,0.232856,-0.000965,0.0,0.0,0.0
2025-08-27,PF003,Growth Plus,Growth,28141189.950496,-0.001176,0.035176,0.009065,0.244031,-0.010241,0.0,0.0,0.0
2025-08-28,PF003,Growth Plus,Growth,28058638.563209,-0.002933,0.032139,0.00052,0.244678,-0.003453,0.0,0.0,0.0
2025-08-29,PF003,Growth Plus,Growth,28007025.826516,-0.001839,0.03024,0.020388,0.270055,-0.022227,0.0,0.0,0.0
2025-09-01,PF003,Growth Plus,Growth,28079948.287032,0.002604,0.032923,-0.020324,0.244242,0.022928,0.0,0.0,0.0
2025-09-02,PF003,Growth Plus,Growth,28062493.500168,-0.000622,0.032281,0.013951,0.261601,-0.014573,0.0,0.0,0.0
2025-09-03,PF003,Growth Plus,Growth,28194313.441604,0.004697,0.03713,-0.000365,0.26114,0.005062,0.0,0.0,0.0
2025-09-04,PF003,Growth Plus,Growth,28285849.656434,0.003247,0.040497,-0.01801,0.238427,0.021257,0.0,0.0,0.0
2025-09-05,PF003,Growth Plus,Growth,28276933.939091,-0.000315,0.040169,0.005003,0.244623,-0.005318,0.0,0.0,0.0
2025-09-08,PF003,Growth Plus,Growth,28432184.508939,0.00549,0.04588,-0.005521,0.237751,0.011011,0.0,0.0,0.0
2025-09-09,PF003,Growth Plus,Growth,28287412.210455,-0.005092,0.040555,-0.009445,0.226061,0.004353,0.0,0.0,0.0
2025-09-10,PF003,Growth Plus,Growth,28239374.18101,-0.001698,0.038787,-0.002334,0.223199,0.000636,0.0,0.0,0.0
2025-09-11,PF003,Growth Plus,Growth,28095089.524704,-0.005109,0.03348,0.005385,0.229786,-0.010494,0.0,0.0,0.0
2025-09-12,PF003,Growth Plus,Growth,27991784.389645,-0.003677,0.02968,0.005089,0.236044,-0.008766,0.0,0.0,0.0
2025-09-15,PF003,Growth Plus,Growth,27775682.184618,-0.00772,0.021731,-0.0033,0.231966,-0.00442,0.0,0.0,0.0
2025-09-16,PF003,Growth Plus,Growth,27757726.523866,-0.000646,0.02107,0.003067,0.235744,-0.003713,0.0,0.0,0.0
2025-09-17,PF003,Growth Plus,Growth,27516540.400284,-0.008689,0.012198,-0.006024,0.2283,-0.002665,0.0,0.0,0.0
2025-09-18,PF003,Growth Plus,Growth,27475423.062554,-0.001494,0.010685,0.005405,0.234939,-0.006899,0.0,0.0,0.0
2025-09-19,PF003,Growth Plus,Growth,27136240.260981,-0.012345,-0.001791,0.001838,0.237209,-0.014183,0.0,0.0,0.0
2025-09-22,PF003,Growth Plus,Growth,27299959.699358,0.006033,0.004231,0.015572,0.256474,-0.009539,0.0,0.0,0.0
2025-09-23,PF003,Growth Plus,Growth,27236511.227947,-0.002324,0.001897,0.00211,0.259126,-0.004434,0.0,0.0,0.0
2025-09-24,PF003,Growth Plus,Growth,27258727.864377,0.000816,0.002714,0.004253,0.264481,-0.003437,0.0,0.0,0.0
2025-09-25,PF003,Growth Plus,Growth,27467178.95572,0.007647,0.010382,0.015608,0.284217,-0.007961,0.0,0.0,0.0
2025-09-26,PF003,Growth Plus,Growth,27561967.205378,0.003451,0.013869,-0.010259,0.271042,0.01371,0.0,0.0,0.0
2025-09-29,PF003,Growth Plus,Growth,27479174.240047,-0.003004,0.010823,0.010115,0.283898,-0.013119,0.0,0.0,0.0
2025-09-30,PF003,Growth Plus,Growth,27752551.393744,0.009366,0.02029,-0.010889,0.269918,0.020255,16018.79,0.0,16018.79
2025-10-01,PF003,Growth Plus,Growth,27691142.378614,-0.002213,0.018033,-0.001615,0.267867,-0.000598,0.0,0.0,0.0
2025-10-02,PF003,Growth Plus,Growth,27598063.80906,-0.003361,0.014611,-0.009935,0.255271,0.006574,0.0,0.0,0.0
2025-10-03,PF003,Growth Plus,Growth,27609826.479337,0.000426,0.015043,0.003096,0.259157,-0.00267,0.0,0.0,0.0
2025-10-06,PF003,Growth Plus,Growth,27988912.79794,0.01373,0.02898,0.000625,0.259944,0.013105,0.0,0.0,0.0
2025-10-07,PF003,Growth Plus,Growth,28133530.510211,0.005167,0.034297,-0.005606,0.252881,0.010773,0.0,0.0,0.0
2025-10-08,PF003,Growth Plus,Growth,28081508.092729,-0.001849,0.032384,0.005393,0.259638,-0.007242,0.0,0.0,0.0
2025-10-09,PF003,Growth Plus,Growth,28339159.293701,0.009175,0.041856,0.011853,0.274568,-0.002678,0.0,0.0,0.0
2025-10-10,PF003,Growth Plus,Growth,28409878.7637,0.002495,0.044456,0.001226,0.276131,0.001269,0.0,0.0,0.0
2025-10-13,PF003,Growth Plus,Growth,28250687.779665,-0.005603,0.038604,-0.001381,0.274369,-0.004222,0.0,0.0,0.0
2025-10-14,PF003,Growth Plus,Growth,28206539.273442,-0.001563,0.036981,-0.006629,0.265921,0.005066,0.0,0.0,0.0
2025-10-15,PF003,Growth Plus,Growth,28150690.751623,-0.00198,0.034928,0.006362,0.273975,-0.008342,0.0,0.0,0.0
2025-10-16,PF003,Growth Plus,Growth,28040389.333435,-0.003918,0.030872,-0.008548,0.263085,0.00463,0.0,0.0,0.0
2025-10-17,PF003,Growth Plus,Growth,28138263.007679,0.00349,0.034471,0.012077,0.278339,-0.008587,0.0,0.0,0.0
2025-10-20,PF003,Growth Plus,Growth,28162456.959579,0.00086,0.03536,-0.011731,0.263343,0.012591,0.0,0.0,0.0
2025-10-21,PF003,Growth Plus,Growth,28119615.880327,-0.001521,0.033785,-0.015442,0.243834,0.013921,0.0,0.0,0.0
2025-10-22,PF003,Growth Plus,Growth,28150706.604118,0.001106,0.034928,0.010957,0.257463,-0.009851,0.0,0.0,0.0
2025-10-23,PF003,Growth Plus,Growth,28294090.326447,0.005093,0.040199,0.0017,0.259601,0.003393,0.0,0.0,0.0
2025-10-24,PF003,Growth Plus,Growth,28128616.552419,-0.005848,0.034116,-0.006247,0.251732,0.000399,0.0,0.0,0.0
2025-10-27,PF003,Growth Plus,Growth,28240253.289685,0.003969,0.03822,-0.00052,0.251081,0.004489,0.0,0.0,0.0
2025-10-28,PF003,Growth Plus,Growth,28364343.584825,0.004394,0.042782,-0.013721,0.233915,0.018115,0.0,0.0,0.0
2025-10-29,PF003,Growth Plus,Growth,28515143.319478,0.005317,0.048326,-0.012998,0.217876,0.018315,0.0,0.0,0.0
2025-10-30,PF003,Growth Plus,Growth,28330693.695683,-0.006468,0.041545,0.007173,0.226612,-0.013641,0.0,0.0,0.0
2025-10-31,PF003,Growth Plus,Growth,28329092.08344,-0.000618,0.040902,0.005856,0.233795,-0.006474,15903.46,0.0,15903.46
2025-11-03,PF003,Growth Plus,Growth,28368835.186066,0.001403,0.042362,0.003167,0.237703,-0.001764,0.0,0.0,0.0
2025-11-04,PF003,Growth Plus,Growth,28252808.248328,-0.00409,0.038099,-0.000224,0.237425,-0.003866,0.0,0.0,0.0
2025-11-05,PF003,Growth Plus,Growth,28118371.241489,-0.004758,0.033159,-0.003322,0.233315,-0.001436,0.0,0.0,0.0
2025-11-06,PF003,Growth Plus,Growth,28170490.014671,0.001854,0.035074,-0.008696,0.22259,0.01055,0.0,0.0,0.0
2025-11-07,PF003,Growth Plus,Growth,28051907.631256,-0.004209,0.030717,0.005733,0.229599,-0.009942,0.0,0.0,0.0
2025-11-10,PF003,Growth Plus,Growth,28063157.623072,0.000401,0.03113,-0.001255,0.228056,0.001656,0.0,0.0,0.0
2025-11-11,PF003,Growth Plus,Growth,27993800.864727,-0.002471,0.028582,0.025598,0.259492,-0.028069,0.0,0.0,0.0
2025-11-12,PF003,Growth Plus,Growth,28117340.629116,0.004413,0.033121,-0.000644,0.25868,0.005057,0.0,0.0,0.0
2025-11-13,PF003,Growth Plus,Growth,28095307.775261,-0.000784,0.032312,0.003547,0.263145,-0.004331,0.0,0.0,0.0
2025-11-14,PF003,Growth Plus,Growth,27971541.425659,-0.004405,0.027764,-0.001283,0.261524,-0.003122,0.0,0.0,0.0
2025-11-17,PF003,Growth Plus,Growth,28050592.822071,0.002826,0.030669,0.009039,0.272927,-0.006213,0.0,0.0,0.0
2025-11-18,PF003,Growth Plus,Growth,27971624.286059,-0.002815,0.027767,0.00258,0.276211,-0.005395,0.0,0.0,0.0
2025-11-19,PF003,Growth Plus,Growth,27860243.267867,-0.003982,0.023675,-0.002165,0.273448,-0.001817,0.0,0.0,0.0
2025-11-20,PF003,Growth Plus,Growth,27790271.376133,-0.002512,0.021104,-0.007306,0.264145,0.004794,0.0,0.0,0.0
2025-11-21,PF003,Growth Plus,Growth,28025965.979564,0.008481,0.029764,-0.011496,0.249612,0.019977,0.0,0.0,0.0
2025-11-24,PF003,Growth Plus,Growth,28064376.639379,0.001371,0.031175,-0.004734,0.243696,0.006105,0.0,0.0,0.0
2025-11-25,PF003,Growth Plus,Growth,27990921.359396,-0.002617,0.028476,-0.006306,0.235854,0.003689,0.0,0.0,0.0
2025-11-26,PF003,Growth Plus,Growth,28070097.297324,0.002829,0.031385,0.016132,0.25579,-0.013303,0.0,0.0,0.0
2025-11-27,PF003,Growth Plus,Growth,27837345.852065,-0.008292,0.022833,0.001164,0.257252,-0.009456,0.0,0.0,0.0
2025-11-28,PF003,Growth Plus,Growth,27898475.368543,0.002196,0.025079,-0.009373,0.245468,0.011569,0.0,0.0,0.0
2025-12-01,PF003,Growth Plus,Growth,27879236.802729,-0.00069,0.024372,0.010109,0.258058,-0.010799,0.0,0.0,0.0
2025-12-02,PF003,Growth Plus,Growth,27806082.666178,-0.002624,0.021685,-0.012115,0.242817,0.009491,0.0,0.0,0.0
2025-12-03,PF003,Growth Plus,Growth,28042921.624067,0.008518,0.030387,0.01087,0.256326,-0.002352,0.0,0.0,0.0
2025-12-04,PF003,Growth Plus,Growth,27906504.798975,-0.004865,0.025374,0.009541,0.268313,-0.014406,0.0,0.0,0.0
2025-12-05,PF003,Growth Plus,Growth,27996565.271752,0.003227,0.028683,0.017737,0.290809,-0.01451,0.0,0.0,0.0
2025-12-08,PF003,Growth Plus,Growth,28026594.784379,0.001073,0.029787,0.003183,0.294918,-0.00211,0.0,0.0,0.0
2025-12-09,PF003,Growth Plus,Growth,27832802.031315,-0.006915,0.022666,-0.002032,0.292286,-0.004883,0.0,0.0,0.0
2025-12-10,PF003,Growth Plus,Growth,28049128.815109,0.007772,0.030615,-0.004826,0.28605,0.012598,0.0,0.0,0.0
2025-12-11,PF003,Growth Plus,Growth,27938544.684719,-0.003943,0.026552,0.004568,0.291925,-0.008511,0.0,0.0,0.0
2025-12-12,PF003,Growth Plus,Growth,27791265.463268,-0.005272,0.02114,0.001789,0.294236,-0.007061,0.0,0.0,0.0
2025-12-15,PF003,Growth Plus,Growth,27497228.918332,-0.01058,0.010336,0.006757,0.302981,-0.017337,0.0,0.0,0.0
2025-12-16,PF003,Growth Plus,Growth,27717655.908497,0.008016,0.018435,0.003601,0.307673,0.004415,0.0,0.0,0.0
2025-12-17,PF003,Growth Plus,Growth,27716228.610741,-5.1e-05,0.018383,0.003876,0.312742,-0.003927,0.0,0.0,0.0
2025-12-18,PF003,Growth Plus,Growth,27694512.811031,-0.000784,0.017585,0.002277,0.315731,-0.003061,0.0,0.0,0.0
2025-12-19,PF003,Growth Plus,Growth,27795732.802613,0.003655,0.021304,-0.01476,0.29631,0.018415,0.0,0.0,0.0
2025-12-22,PF003,Growth Plus,Growth,27706223.398255,-0.00322,0.018015,-0.012047,0.280694,0.008827,0.0,0.0,0.0
2025-12-23,PF003,Growth Plus,Growth,28015156.020138,0.01115,0.029367,0.015547,0.300605,-0.004397,0.0,0.0,0.0
2025-12-24,PF003,Growth Plus,Growth,28091277.988223,0.002717,0.032164,0.004035,0.305853,-0.001318,0.0,0.0,0.0
2025-12-25,PF003,Growth Plus,Growth,27903551.205712,-0.006683,0.025266,-0.014123,0.28741,0.00744,0.0,0.0,0.0
2025-12-26,PF003,Growth Plus,Growth,27770583.154819,-0.004765,0.02038,-0.001328,0.2857,-0.003437,0.0,0.0,0.0
2025-12-29,PF003,Growth Plus,Growth,27694265.644413,-0.002748,0.017576,0.016984,0.307537,-0.019732,0.0,0.0,0.0
2025-12-30,PF003,Growth Plus,Growth,27624824.327819,-0.002507,0.015025,-0.007795,0.297345,0.005288,0.0,0.0,0.0
2025-12-31,PF003,Growth Plus,Growth,27586482.986467,-0.001851,0.013146,0.004606,0.30332,-0.006457,16111.17,3331.59,12779.58
2025-01-02,PF004,Retirement 2045,Target Date,32517356.02981,0.0,0.0,-0.000896,-0.000896,0.000896,0.0,0.0,0.0
2025-01-03,PF004,Retirement 2045,Target Date,32459661.251952,-0.001774,-0.001774,-0.003148,-0.004041,0.001374,0.0,0.0,0.0
2025-01-06,PF004,Retirement 2045,Target Date,32776084.181429,0.009748,0.007957,0.003673,-0.000383,0.006075,0.0,0.0,0.0
2025-01-07,PF004,Retirement 2045,Target Date,32674618.130453,-0.003096,0.004836,-0.00247,-0.002852,-0.000626,0.0,0.0,0.0
2025-01-08,PF004,Retirement 2045,Target Date,32666183.859076,-0.000258,0.004577,-0.005271,-0.008108,0.005013,0.0,0.0,0.0
2025-01-09,PF004,Retirement 2045,Target Date,32829017.921486,0.004985,0.009584,0.000464,-0.007648,0.004521,0.0,0.0,0.0
2025-01-10,PF004,Retirement 2045,Target Date,32635956.011559,-0.005881,0.003647,-0.009922,-0.017494,0.004041,0.0,0.0,0.0
2025-01-13,PF004,Retirement 2045,Target Date,32519406.402753,-0.003571,6.3e-05,0.002845,-0.014699,-0.006416,0.0,0.0,0.0
2025-01-14,PF004,Retirement 2045,Target Date,32561027.035629,0.00128,0.001343,-0.003021,-0.017675,0.004301,0.0,0.0,0.0
2025-01-15,PF004,Retirement 2045,Target Date,32720501.660002,0.004898,0.006247,-0.001299,-0.018951,0.006197,0.0,0.0,0.0
2025-01-16,PF004,Retirement 2045,Target Date,32547411.646559,-0.00529,0.000924,-0.003857,-0.022735,-0.001433,0.0,0.0,0.0
2025-01-17,PF004,Retirement 2045,Target Date,32416175.763393,-0.004032,-0.003112,-0.004071,-0.026714,3.9e-05,0.0,0.0,0.0
2025-01-20,PF004,Retirement 2045,Target Date,32160773.637067,-0.007879,-0.010966,0.005309,-0.021547,-0.013188,0.0,0.0,0.0
2025-01-21,PF004,Retirement 2045,Target Date,32048096.734184,-0.003504,-0.014431,-0.002989,-0.024471,-0.000515,0.0,0.0,0.0
2025-01-22,PF004,Retirement 2045,Target Date,31896470.940257,-0.004731,-0.019094,0.012345,-0.012428,-0.017076,0.0,0.0,0.0
2025-01-23,PF004,Retirement 2045,Target Date,32096319.100804,0.006266,-0.012948,0.007328,-0.005191,-0.001062,0.0,0.0,0.0
2025-01-24,PF004,Retirement 2045,Target Date,32344953.085449,0.007746,-0.005302,-0.004193,-0.009363,0.011939,0.0,0.0,0.0
2025-01-27,PF004,Retirement 2045,Target Date,32514268.888004,0.005235,-9.5e-05,0.005294,-0.004118,-5.9e-05,0.0,0.0,0.0
2025-01-28,PF004,Retirement 2045,Target Date,32270998.233499,-0.007482,-0.007576,0.004175,4e-05,-0.011657,0.0,0.0,0.0
2025-01-29,PF004,Retirement 2045,Target Date,32003538.416953,-0.008288,-0.015801,0.01256,0.0126,-0.020848,0.0,0.0,0.0
2025-01-30,PF004,Retirement 2045,Target Date,32099997.689248,0.003014,-0.012835,-0.009425,0.003056,0.012439,0.0,0.0,0.0
2025-01-31,PF004,Retirement 2045,Target Date,32297793.161405,0.005806,-0.007104,-0.000291,0.002765,0.006097,16004.09,4577.51,11426.58
2025-02-03,PF004,Retirement 2045,Target Date,32326662.940155,0.000894,-0.006216,0.011309,0.014105,-0.010415,0.0,0.0,0.0
2025-02-04,PF004,Retirement 2045,Target Date,32468828.512706,0.004398,-0.001846,-0.012247,0.001685,0.016645,0.0,0.0,0.0
2025-02-05,PF004,Retirement 2045,Target Date,32752371.057578,0.008733,0.006871,-0.007848,-0.006176,0.016581,0.0,0.0,0.0
2025-02-06,PF004,Retirement 2045,Target Date,32843637.676733,0.002787,0.009677,-0.006568,-0.012704,0.009355,0.0,0.0,0.0
2025-02-07,PF004,Retirement 2045,Target Date,32682508.105296,-0.004906,0.004723,0.006434,-0.006351,-0.01134,0.0,0.0,0.0
2025-02-10,PF004,Retirement 2045,Target Date,32701507.829964,0.000581,0.005307,-0.004784,-0.011105,0.005365,0.0,0.0,0.0
2025-02-11,PF004,Retirement 2045,Target Date,32894027.166053,0.005887,0.011226,0.011517,0.000284,-0.00563,0.0,0.0,0.0
2025-02-12,PF004,Retirement 2045,Target Date,33059889.049771,0.005042,0.016325,-0.001553,-0.001269,0.006595,0.0,0.0,0.0
2025-02-13,PF004,Retirement 2045,Target Date,32916781.380652,-0.004329,0.011925,-0.011817,-0.013071,0.007488,0.0,0.0,0.0
2025-02-14,PF004,Retirement 2045,Target Date,33035869.65858,0.003618,0.015586,-0.00571,-0.018707,0.009328,0.0,0.0,0.0
2025-02-17,PF004,Retirement 2045,Target Date,33200662.509359,0.004988,0.020652,-0.000848,-0.019539,0.005836,0.0,0.0,0.0
2025-02-18,PF004,Retirement 2045,Target Date,33300583.917377,0.00301,0.023724,-0.006134,-0.025553,0.009144,0.0,0.0,0.0
2025-02-19,PF004,Retirement 2045,Target Date,33013135.813837,-0.008632,0.014887,0.009842,-0.015962,-0.018474,0.0,0.0,0.0
2025-02-20,PF004,Retirement 2045,Target Date,32979390.034889,-0.001022,0.01385,-0.007621,-0.023462,0.006599,0.0,0.0,0.0
2025-02-21,PF004,Retirement 2045,Target Date,32706000.126184,-0.00829,0.005445,-0.002868,-0.026262,-0.005422,0.0,0.0,0.0
2025-02-24,PF004,Retirement 2045,Target Date,32693811.197337,-0.000373,0.005071,-0.011686,-0.037642,0.011313,0.0,0.0,0.0
2025-02-25,PF004,Retirement 2045,Target Date,32806023.829349,0.003432,0.00852,-0.006962,-0.044341,0.010394,0.0,0.0,0.0
2025-02-26,PF004,Retirement 2045,Target Date,32645433.538176,-0.004895,0.003584,0.005256,-0.039319,-0.010151,0.0,0.0,0.0
2025-02-27,PF004,Retirement 2045,Target Date,32739548.010285,0.002883,0.006477,-0.002744,-0.041955,0.005627,0.0,0.0,0.0
2025-02-28,PF004,Retirement 2045,Target Date,32631720.441323,-0.00378,0.002672,0.00748,-0.034788,-0.01126,15932.01,0.0,15932.01
2025-03-03,PF004,Retirement 2045,Target Date,32600384.577052,-0.00096,0.001709,0.001391,-0.033446,-0.002351,0.0,0.0,0.0
2025-03-04,PF004,Retirement 2045,Target Date,32426307.452452,-0.00534,-0.003639,0.005268,-0.028354,-0.010608,0.0,0.0,0.0
2025-03-05,PF004,Retirement 2045,Target Date,32547113.510255,0.003726,7.3e-05,-0.006088,-0.034269,0.009814,0.0,0.0,0.0
2025-03-06,PF004,Retirement 2045,Target Date,32579234.351961,0.000987,0.001059,0.005043,-0.029399,-0.004056,0.0,0.0,0.0
2025-03-07,PF004,Retirement 2045,Target Date,32663322.497875,0.002581,0.003643,-0.006417,-0.035628,0.008998,0.0,0.0,0.0
2025-03-10,PF004,Retirement 2045,Target Date,32841102.089049,0.005443,0.009106,-0.004185,-0.039663,0.009628,0.0,0.0,0.0
2025-03-11,PF004,Retirement 2045,Target Date,32654905.947447,-0.00567,0.003385,-0.007947,-0.047295,0.002277,0.0,0.0,0.0
2025-03-12,PF004,Retirement 2045,Target Date,32388196.655887,-0.008168,-0.004811,-0.004973,-0.052033,-0.003195,0.0,0.0,0.0
2025-03-13,PF004,Retirement 2045,Target Date,32257662.716174,-0.00403,-0.008821,0.004118,-0.048129,-0.008148,0.0,0.0,0.0
2025-03-14,PF004,Retirement 2045,Target Date,32069172.696957,-0.005843,-0.014613,-0.00145,-0.04951,-0.004393,0.0,0.0,0.0
2025-03-17,PF004,Retirement 2045,Target Date,31976043.882081,-0.002904,-0.017475,0.010518,-0.039512,-0.013422,0.0,0.0,0.0
2025-03-18,PF004,Retirement 2045,Target Date,32117646.508778,0.004428,-0.013124,-0.003809,-0.043171,0.008237,0.0,0.0,0.0
2025-03-19,PF004,Retirement 2045,Target Date,32243759.11496,0.003927,-0.009249,-0.007283,-0.050139,0.01121,0.0,0.0,0.0
2025-03-20,PF004,Retirement 2045,Target Date,32239691.127914,-0.000126,-0.009374,0.009327,-0.04128,-0.009453,0.0,0.0,0.0
2025-03-21,PF004,Retirement 2045,Target Date,32113259.329007,-0.003922,-0.013258,0.004419,-0.037043,-0.008341,0.0,0.0,0.0
2025-03-24,PF004,Retirement 2045,Target Date,32314488.809038,0.006266,-0.007075,-0.001152,-0.038153,0.007418,0.0,0.0,0.0
2025-03-25,PF004,Retirement 2045,Target Date,32536268.36033,0.006863,-0.000261,0.000947,-0.037242,0.005916,0.0,0.0,0.0
2025-03-26,PF004,Retirement 2045,Target Date,32582882.440974,0.001433,0.001172,-0.002724,-0.039864,0.004157,0.0,0.0,0.0
2025-03-27,PF004,Retirement 2045,Target Date,32628745.001154,0.001408,0.002581,0.014051,-0.026374,-0.012643,0.0,0.0,0.0
2025-03-28,PF004,Retirement 2045,Target Date,32790625.000214,0.004961,0.007555,-0.001563,-0.027895,0.006524,0.0,0.0,0.0
2025-03-31,PF004,Retirement 2045,Target Date,33005435.439088,0.006205,0.013806,-0.006298,-0.034018,0.012503,16282.82,4929.55,11353.27
2025-04-01,PF004,Retirement 2045,Target Date,33020846.465563,0.000467,0.01428,0.003107,-0.031016,-0.00264,0.0,0.0,0.0
2025-04-02,PF004,Retirement 2045,Target Date,32959275.097549,-0.001865,0.012389,0.006554,-0.024666,-0.008419,0.0,0.0,0.0
2025-04-03,PF004,Retirement 2045,Target Date,32901298.134985,-0.001759,0.010608,-0.011642,-0.036021,0.009883,0.0,0.0,0.0
2025-04-04,PF004,Retirement 2045,Target Date,32932258.909183,0.000941,0.011559,-0.009776,-0.045444,0.010717,0.0,0.0,0.0
2025-04-07,PF004,Retirement 2045,Target Date,32902908.157036,-0.000891,0.010657,0.008613,-0.037223,-0.009504,0.0,0.0,0.0
2025-04-08,PF004,Retirement 2045,Target Date,33142722.838284,0.007289,0.018023,-0.005065,-0.042099,0.012354,0.0,0.0,0.0
2025-04-09,PF004,Retirement 2045,Target Date,33175706.431897,0.000995,0.019037,-0.008433,-0.050177,0.009428,0.0,0.0,0.0
2025-04-10,PF004,Retirement 2045,Target Date,33130139.013131,-0.001374,0.017637,-0.004048,-0.054022,0.002674,0.0,0.0,0.0
2025-04-11,PF004,Retirement 2045,Target Date,33322306.663092,0.0058,0.02354,0.002613,-0.05155,0.003187,0.0,0.0,0.0
2025-04-14,PF004,Retirement 2045,Target Date,33472207.413987,0.004499,0.028144,0.006498,-0.045387,-0.001999,0.0,0.0,0.0
2025-04-15,PF004,Retirement 2045,Target Date,33281884.539922,-0.005686,0.022298,0.005612,-0.04003,-0.011298,0.0,0.0,0.0
2025-04-16,PF004,Retirement 2045,Target Date,33296725.081467,0.000446,0.022754,-0.002376,-0.042311,0.002822,0.0,0.0,0.0
2025-04-17,PF004,Retirement 2045,Target Date,33343050.408801,0.001391,0.024177,0.003409,-0.039046,-0.002018,0.0,0.0,0.0
2025-04-18,PF004,Retirement 2045,Target Date,33105731.815967,-0.007117,0.016887,0.01024,-0.029206,-0.017357,0.0,0.0,0.0
2025-04-21,PF004,Retirement 2045,Target Date,32853438.213438,-0.007621,0.009138,-0.001098,-0.030272,-0.006523,0.0,0.0,0.0
2025-04-22,PF004,Retirement 2045,Target Date,32866547.877789,0.000399,0.00954,0.012657,-0.017998,-0.012258,0.0,0.0,0.0
2025-04-23,PF004,Retirement 2045,Target Date,32790661.118715,-0.002309,0.007209,0.008824,-0.009333,-0.011133,0.0,0.0,0.0
2025-04-24,PF004,Retirement 2045,Target Date,32987712.881562,0.006009,0.013262,-0.004358,-0.01365,0.010367,0.0,0.0,0.0
2025-04-25,PF004,Retirement 2045,Target Date,32983447.691858,-0.000129,0.013131,0.008184,-0.005578,-0.008313,0.0,0.0,0.0
2025-04-28,PF004,Retirement 2045,Target Date,32880065.278582,-0.003134,0.009956,0.009347,0.003717,-0.012481,0.0,0.0,0.0
2025-04-29,PF004,Retirement 2045,Target Date,32730141.572432,-0.00456,0.00535,-0.003868,-0.000165,-0.000692,0.0,0.0,0.0
2025-04-30,PF004,Retirement 2045,Target Date,32695691.851716,-0.001553,0.003789,-0.00025,-0.000415,-0.001303,16383.79,0.0,16383.79
2025-05-01,PF004,Retirement 2045,Target Date,32615798.27229,-0.002444,0.001336,-0.011621,-0.012032,0.009177,0.0,0.0,0.0
2025-05-02,PF004,Retirement 2045,Target Date,32623369.17887,0.000232,0.001569,0.008758,-0.003379,-0.008526,0.0,0.0,0.0
2025-05-05,PF004,Retirement 2045,Target Date,32831651.427055,0.006384,0.007963,0.001165,-0.002218,0.005219,0.0,0.0,0.0
2025-05-06,PF004,Retirement 2045,Target Date,32607362.284137,-0.006831,0.001077,-0.00746,-0.009661,0.000629,0.0,0.0,0.0
2025-05-07,PF004,Retirement 2045,Target Date,32672240.576137,0.00199,0.003069,0.012618,0.002835,-0.010628,0.0,0.0,0.0
2025-05-08,PF004,Retirement 2045,Target Date,32615821.855271,-0.001727,0.001337,0.002881,0.005724,-0.004608,0.0,0.0,0.0
2025-05-09,PF004,Retirement 2045,Target Date,32598805.522984,-0.000522,0.000815,-0.002045,0.003667,0.001523,0.0,0.0,0.0
2025-05-12,PF004,Retirement 2045,Target Date,32405022.826819,-0.005944,-0.005135,-0.015503,-0.011893,0.009559,0.0,0.0,0.0
2025-05-13,PF004,Retirement 2045,Target Date,32425718.463762,0.000639,-0.004499,0.003476,-0.008458,-0.002837,0.0,0.0,0.0
2025-05-14,PF004,Retirement 2045,Target Date,32477116.639996,0.001585,-0.002921,0.011953,0.003394,-0.010368,0.0,0.0,0.0
2025-05-15,PF004,Retirement 2045,Target Date,32710985.303658,0.007201,0.004259,-0.002095,0.001292,0.009296,0.0,0.0,0.0
2025-05-16,PF004,Retirement 2045,Target Date,32816143.392844,0.003215,0.007487,-0.000265,0.001027,0.00348,0.0,0.0,0.0
2025-05-19,PF004,Retirement 2045,Target Date,33065991.187815,0.007614,0.015158,-0.00445,-0.003428,0.012064,0.0,0.0,0.0
2025-05-20,PF004,Retirement 2045,Target Date,32942176.825947,-0.003744,0.011356,0.014506,0.011028,-0.01825,0.0,0.0,0.0
2025-05-21,PF004,Retirement 2045,Target Date,32861952.384233,-0.002435,0.008893,-0.001487,0.009525,-0.000948,0.0,0.0,0.0
2025-05-22,PF004,Retirement 2045,Target Date,33080424.225072,0.006648,0.015601,0.000688,0.010219,0.00596,0.0,0.0,0.0
2025-05-23,PF004,Retirement 2045,Target Date,33038216.393931,-0.001276,0.014305,0.003023,0.013273,-0.004299,0.0,0.0,0.0
2025-05-26,PF004,Retirement 2045,Target Date,33149603.006801,0.003371,0.017725,-0.013561,-0.000468,0.016932,0.0,0.0,0.0
2025-05-27,PF004,Retirement 2045,Target Date,33025361.649058,-0.003748,0.01391,0.010776,0.010303,-0.014524,0.0,0.0,0.0
2025-05-28,PF004,Retirement 2045,Target Date,32815246.904242,-0.006362,0.007459,0.00266,0.012991,-0.009022,0.0,0.0,0.0
2025-05-29,PF004,Retirement 2045,Target Date,32758929.598964,-0.001716,0.00573,-0.01027,0.002587,0.008554,0.0,0.0,0.0
2025-05-30,PF004,Retirement 2045,Target Date,32691494.923361,-0.002059,0.00366,-0.014037,-0.011486,0.011978,0.0,0.0,0.0
2025-06-02,PF004,Retirement 2045,Target Date,32711624.871952,0.000616,0.004278,0.003559,-0.007968,-0.002943,0.0,0.0,0.0
2025-06-03,PF004,Retirement 2045,Target Date,32740274.511664,0.000876,0.005158,0.012678,0.004609,-0.011802,0.0,0.0,0.0
2025-06-04,PF004,Retirement 2045,Target Date,32733104.077222,-0.000219,0.004938,0.003586,0.008212,-0.003805,0.0,0.0,0.0
2025-06-05,PF004,Retirement 2045,Target Date,32701535.072884,-0.000964,0.003968,-0.007025,0.001129,0.006061,0.0,0.0,0.0
2025-06-06,PF004,Retirement 2045,Target Date,32705328.059803,0.000116,0.004085,-1.5e-05,0.001114,0.000131,0.0,0.0,0.0
2025-06-09,PF004,Retirement 2045,Target Date,32698000.350709,-0.000224,0.00386,0.000806,0.001921,-0.00103,0.0,0.0,0.0
2025-06-10,PF004,Retirement 2045,Target Date,32583135.366206,-0.003513,0.000333,-0.003771,-0.001857,0.000258,0.0,0.0,0.0
2025-06-11,PF004,Retirement 2045,Target Date,32612733.968951,0.000908,0.001242,-0.013323,-0.015156,0.014231,0.0,0.0,0.0
2025-06-12,PF004,Retirement 2045,Target Date,32554057.007034,-0.001799,-0.000559,0.000775,-0.014392,-0.002574,0.0,0.0,0.0
2025-06-13,PF004,Retirement 2045,Target Date,32367775.829863,-0.005722,-0.006278,-0.004777,-0.019101,-0.000945,0.0,0.0,0.0
2025-06-16,PF004,Retirement 2045,Target Date,32204021.287932,-0.005059,-0.011306,-0.001475,-0.020548,-0.003584,0.0,0.0,0.0
2025-06-17,PF004,Retirement 2045,Target Date,32251720.10885,0.001481,-0.009841,3.7e-05,-0.020511,0.001444,0.0,0.0,0.0
2025-06-18,PF004,Retirement 2045,Target Date,32253650.860236,6e-05,-0.009782,-0.001747,-0.022222,0.001807,0.0,0.0,0.0
2025-06-19,PF004,Retirement 2045,Target Date,32361284.479125,0.003337,-0.006478,-0.006974,-0.029042,0.010311,0.0,0.0,0.0
2025-06-20,PF004,Retirement 2045,Target Date,32197656.681161,-0.005056,-0.011501,-0.000372,-0.029403,-0.004684,0.0,0.0,0.0
2025-06-23,PF004,Retirement 2045,Target Date,32303683.967204,0.003293,-0.008246,0.002373,-0.027099,0.00092,0.0,0.0,0.0
2025-06-24,PF004,Retirement 2045,Target Date,32118954.524166,-0.005719,-0.013917,0.010081,-0.017292,-0.0158,0.0,0.0,0.0
2025-06-25,PF004,Retirement 2045,Target Date,32161943.032988,0.001338,-0.012598,0.003655,-0.0137,-0.002317,0.0,0.0,0.0
2025-06-26,PF004,Retirement 2045,Target Date,32356570.678081,0.006051,-0.006622,0.000744,-0.012966,0.005307,0.0,0.0,0.0
2025-06-27,PF004,Retirement 2045,Target Date,32514317.984815,0.004875,-0.001779,0.006033,-0.007011,-0.001158,0.0,0.0,0.0
2025-06-30,PF004,Retirement 2045,Target Date,32742790.950344,0.006835,0.005044,-0.009007,-0.015955,0.015842,16104.23,9874.23,6230.0
2025-07-01,PF004,Retirement 2045,Target Date,32580672.737803,-0.004951,6.8e-05,-0.008655,-0.024472,0.003704,0.0,0.0,0.0
2025-07-02,PF004,Retirement 2045,Target Date,32509933.351691,-0.002171,-0.002104,0.006696,-0.01794,-0.008867,0.0,0.0,0.0
2025-07-03,PF004,Retirement 2045,Target Date,32403350.143596,-0.003278,-0.005375,-0.000527,-0.018457,-0.002751,0.0,0.0,0.0
2025-07-04,PF004,Retirement 2045,Target Date,32401633.917365,-5.3e-05,-0.005428,-0.006588,-0.024924,0.006535,0.0,0.0,0.0
2025-07-07,PF004,Retirement 2045,Target Date,32338588.333975,-0.001946,-0.007363,-0.002171,-0.027041,0.000225,0.0,0.0,0.0
2025-07-08,PF004,Retirement 2045,Target Date,32247833.794887,-0.002806,-0.010149,0.009868,-0.01744,-0.012674,0.0,0.0,0.0
2025-07-09,PF004,Retirement 2045,Target Date,32074890.012948,-0.005363,-0.015458,-0.005205,-0.022554,-0.000158,0.0,0.0,0.0
2025-07-10,PF004,Retirement 2045,Target Date,31902636.673324,-0.00537,-0.020745,-0.009911,-0.032241,0.004541,0.0,0.0,0.0
2025-07-11,PF004,Retirement 2045,Target Date,32230397.389314,0.010274,-0.010684,-0.014206,-0.045989,0.02448,0.0,0.0,0.0
2025-07-14,PF004,Retirement 2045,Target Date,32348347.708294,0.00366,-0.007064,0.020162,-0.026754,-0.016502,0.0,0.0,0.0
2025-07-15,PF004,Retirement 2045,Target Date,32287910.828402,-0.001868,-0.008919,3.2e-05,-0.026723,-0.0019,0.0,0.0,0.0
2025-07-16,PF004,Retirement 2045,Target Date,32307157.511636,0.000596,-0.008328,0.00652,-0.020378,-0.005924,0.0,0.0,0.0
2025-07-17,PF004,Retirement 2045,Target Date,32288879.875214,-0.000566,-0.008889,-0.006247,-0.026497,0.005681,0.0,0.0,0.0
2025-07-18,PF004,Retirement 2045,Target Date,32298844.63518,0.000309,-0.008583,0.011286,-0.01551,-0.010977,0.0,0.0,0.0
2025-07-21,PF004,Retirement 2045,Target Date,32156093.832565,-0.00442,-0.012965,-0.002497,-0.017969,-0.001923,0.0,0.0,0.0
2025-07-22,PF004,Retirement 2045,Target Date,32074755.256601,-0.002529,-0.015462,-0.004373,-0.022263,0.001844,0.0,0.0,0.0
2025-07-23,PF004,Retirement 2045,Target Date,32102912.76254,0.000878,-0.014597,0.000704,-0.021575,0.000174,0.0,0.0,0.0
2025-07-24,PF004,Retirement 2045,Target Date,32209789.111735,0.003329,-0.011317,-0.004101,-0.025587,0.00743,0.0,0.0,0.0
2025-07-25,PF004,Retirement 2045,Target Date,32141902.824102,-0.002108,-0.013401,-0.003348,-0.02885,0.00124,0.0,0.0,0.0
2025-07-28,PF004,Retirement 2045,Target Date,32331393.763131,0.005895,-0.007584,0.000408,-0.028453,0.005487,0.0,0.0,0.0
2025-07-29,PF004,Retirement 2045,Target Date,32286060.875294,-0.001402,-0.008976,-0.003465,-0.03182,0.002063,0.0,0.0,0.0
2025-07-30,PF004,Retirement 2045,Target Date,32295758.200312,0.0003,-0.008678,0.012096,-0.020109,-0.011796,0.0,0.0,0.0
2025-07-31,PF004,Retirement 2045,Target Date,32334265.787968,0.000712,-0.007973,0.001788,-0.018357,-0.001076,16482.26,954.51,15527.75
2025-08-01,PF004,Retirement 2045,Target Date,32344341.597376,0.000312,-0.007663,0.002589,-0.015815,-0.002277,0.0,0.0,0.0
2025-08-04,PF004,Retirement 2045,Target Date,32640580.940854,0.009159,0.001425,0.004615,-0.011273,0.004544,0.0,0.0,0.0
2025-08-05,PF004,Retirement 2045,Target Date,32755522.485131,0.003521,0.004952,0.013644,0.002217,-0.010123,0.0,0.0,0.0
2025-08-06,PF004,Retirement 2045,Target Date,33102968.186182,0.010607,0.015611,-0.001884,0.000329,0.012491,0.0,0.0,0.0
2025-08-07,PF004,Retirement 2045,Target Date,32726870.764614,-0.011361,0.004073,0.01201,0.012343,-0.023371,0.0,0.0,0.0
2025-08-08,PF004,Retirement 2045,Target Date,32883331.028244,0.004781,0.008873,0.009446,0.021905,-0.004665,0.0,0.0,0.0
2025-08-11,PF004,Retirement 2045,Target Date,32897397.113384,0.000428,0.009304,-0.002929,0.018912,0.003357,0.0,0.0,0.0
2025-08-12,PF004,Retirement 2045,Target Date,32965918.920158,0.002083,0.011407,-0.002274,0.016595,0.004357,0.0,0.0,0.0
2025-08-13,PF004,Retirement 2045,Target Date,32997029.862131,0.000944,0.012361,0.005703,0.022393,-0.004759,0.0,0.0,0.0
2025-08-14,PF004,Retirement 2045,Target Date,33001194.128445,0.000126,0.012489,-0.000968,0.021403,0.001094,0.0,0.0,0.0
2025-08-15,PF004,Retirement 2045,Target Date,33400662.645749,0.012105,0.024745,0.007571,0.029136,0.004534,0.0,0.0,0.0
2025-08-18,PF004,Retirement 2045,Target Date,33473835.956041,0.002191,0.02699,-0.002858,0.026195,0.005049,0.0,0.0,0.0
2025-08-19,PF004,Retirement 2045,Target Date,33402934.076217,-0.002118,0.024815,-0.00188,0.024266,-0.000238,0.0,0.0,0.0
2025-08-20,PF004,Retirement 2045,Target Date,33238104.154846,-0.004935,0.019757,0.00729,0.031733,-0.012225,0.0,0.0,0.0
2025-08-21,PF004,Retirement 2045,Target Date,33287440.931429,0.001484,0.021271,0.001253,0.033025,0.000231,0.0,0.0,0.0
2025-08-22,PF004,Retirement 2045,Target Date,33416587.664807,0.00388,0.025233,0.005426,0.038631,-0.001546,0.0,0.0,0.0
2025-08-25,PF004,Retirement 2045,Target Date,33459319.473127,0.001279,0.026544,-0.013479,0.024631,0.014758,0.0,0.0,0.0
2025-08-26,PF004,Retirement 2045,Target Date,33601817.531851,0.004259,0.030916,0.011923,0.036848,-0.007664,0.0,0.0,0.0
2025-08-27,PF004,Retirement 2045,Target Date,33586159.183301,-0.000466,0.030436,-0.011859,0.024552,0.011393,0.0,0.0,0.0
2025-08-28,PF004,Retirement 2045,Target Date,33501901.78059,-0.002509,0.027851,0.010923,0.035743,-0.013432,0.0,0.0,0.0
2025-08-29,PF004,Retirement 2045,Target Date,33425510.335374,-0.00228,0.025507,-0.001416,0.034276,-0.000864,0.0,0.0,0.0
2025-09-01,PF004,Retirement 2045,Target Date,33503480.132325,0.002333,0.027899,-0.001353,0.032877,0.003686,0.0,0.0,0.0
2025-09-02,PF004,Retirement 2045,Target Date,33493287.053973,-0.000304,0.027587,0.00411,0.037122,-0.004414,0.0,0.0,0.0
2025-09-03,PF004,Retirement 2045,Target Date,33629432.815379,0.004065,0.031764,-0.002575,0.034451,0.00664,0.0,0.0,0.0
2025-09-04,PF004,Retirement 2045,Target Date,33723714.599974,0.002804,0.034656,0.000644,0.035118,0.00216,0.0,0.0,0.0
2025-09-05,PF004,Retirement 2045,Target Date,33705823.001129,-0.000531,0.034107,0.009927,0.045393,-0.010458,0.0,0.0,0.0
2025-09-08,PF004,Retirement 2045,Target Date,33861404.046651,0.004616,0.038881,0.009963,0.055808,-0.005347,0.0,0.0,0.0
2025-09-09,PF004,Retirement 2045,Target Date,33711608.332799,-0.004424,0.034285,0.002383,0.058324,-0.006807,0.0,0.0,0.0
2025-09-10,PF004,Retirement 2045,Target Date,33668288.989478,-0.001285,0.032956,-0.007542,0.050343,0.006257,0.0,0.0,0.0
2025-09-11,PF004,Retirement 2045,Target Date,33514132.928704,-0.004579,0.028226,0.009834,0.060672,-0.014413,0.0,0.0,0.0
2025-09-12,PF004,Retirement 2045,Target Date,33408445.098287,-0.003154,0.024984,-0.011268,0.04872,0.008114,0.0,0.0,0.0
2025-09-15,PF004,Retirement 2045,Target Date,33199323.68959,-0.00626,0.018568,-0.013814,0.034233,0.007554,0.0,0.0,0.0
2025-09-16,PF004,Retirement 2045,Target Date,33195665.477011,-0.00011,0.018455,0.002831,0.037161,-0.002941,0.0,0.0,0.0
2025-09-17,PF004,Retirement 2045,Target Date,32968154.224473,-0.006854,0.011475,0.01149,0.049078,-0.018344,0.0,0.0,0.0
2025-09-18,PF004,Retirement 2045,Target Date,32937366.471764,-0.000934,0.010531,0.00923,0.058761,-0.010164,0.0,0.0,0.0
2025-09-19,PF004,Retirement 2045,Target Date,32579915.496133,-0.010852,-0.000436,-0.004387,0.054116,-0.006465,0.0,0.0,0.0
2025-09-22,PF004,Retirement 2045,Target Date,32749569.4958,0.005207,0.004769,0.00257,0.056825,0.002637,0.0,0.0,0.0
2025-09-23,PF004,Retirement 2045,Target Date,32683980.086464,-0.002003,0.002757,0.000716,0.057582,-0.002719,0.0,0.0,0.0
2025-09-24,PF004,Retirement 2045,Target Date,32733299.984107,0.001509,0.00427,-0.000995,0.056529,0.002504,0.0,0.0,0.0
2025-09-25,PF004,Retirement 2045,Target Date,32966934.882953,0.007138,0.011438,0.002659,0.059339,0.004479,0.0,0.0,0.0
2025-09-26,PF004,Retirement 2045,Target Date,33039750.37062,0.002209,0.013672,-1.2e-05,0.059326,0.002221,0.0,0.0,0.0
2025-09-29,PF004,Retirement 2045,Target Date,32952888.718755,-0.002629,0.011007,0.009617,0.069514,-0.012246,0.0,0.0,0.0
2025-09-30,PF004,Retirement 2045,Target Date,33225429.157807,0.007962,0.019057,0.002418,0.0721,0.005544,16187.89,6034.46,10153.43
2025-10-01,PF004,Retirement 2045,Target Date,33153417.652722,-0.002167,0.016848,0.005345,0.07783,-0.007512,0.0,0.0,0.0
2025-10-02,PF004,Retirement 2045,Target Date,33068655.90421,-0.002557,0.014249,0.009762,0.088352,-0.012319,0.0,0.0,0.0
2025-10-03,PF004,Retirement 2045,Target Date,33083309.732573,0.000443,0.014698,-0.015065,0.071956,0.015508,0.0,0.0,0.0
2025-10-06,PF004,Retirement 2045,Target Date,33470141.944866,0.011693,0.026563,0.007334,0.079818,0.004359,0.0,0.0,0.0
2025-10-07,PF004,Retirement 2045,Target Date,33602385.920678,0.003951,0.030619,-0.004392,0.075075,0.008343,0.0,0.0,0.0
2025-10-08,PF004,Retirement 2045,Target Date,33549814.58357,-0.001565,0.029006,0.009045,0.084799,-0.01061,0.0,0.0,0.0
2025-10-09,PF004,Retirement 2045,Target Date,33826781.704453,0.008255,0.037501,0.000426,0.085261,0.007829,0.0,0.0,0.0
2025-10-10,PF004,Retirement 2045,Target Date,33884512.439998,0.001707,0.039272,-0.0072,0.077447,0.008907,0.0,0.0,0.0
2025-10-13,PF004,Retirement 2045,Target Date,33711390.927642,-0.005109,0.033962,-0.004504,0.072594,-0.000605,0.0,0.0,0.0
2025-10-14,PF004,Retirement 2045,Target Date,33684759.335188,-0.00079,0.033145,-0.009528,0.062375,0.008738,0.0,0.0,0.0
2025-10-15,PF004,Retirement 2045,Target Date,33638662.537057,-0.001368,0.031731,0.009913,0.072906,-0.011281,0.0,0.0,0.0
2025-10-16,PF004,Retirement 2045,Target Date,33533957.62454,-0.003113,0.02852,-0.012341,0.059665,0.009228,0.0,0.0,0.0
2025-10-17,PF004,Retirement 2045,Target Date,33693048.012396,0.004744,0.033399,0.006587,0.066645,-0.001843,0.0,0.0,0.0
2025-10-20,PF004,Retirement 2045,Target Date,33695527.395565,7.4e-05,0.033475,0.005117,0.072103,-0.005043,0.0,0.0,0.0
2025-10-21,PF004,Retirement 2045,Target Date,33640390.145077,-0.001636,0.031784,0.003795,0.076172,-0.005431,0.0,0.0,0.0
2025-10-22,PF004,Retirement 2045,Target Date,33678588.761442,0.001135,0.032956,-0.006541,0.069133,0.007676,0.0,0.0,0.0
2025-10-23,PF004,Retirement 2045,Target Date,33816447.276722,0.004093,0.037184,0.003362,0.072727,0.000731,0.0,0.0,0.0
2025-10-24,PF004,Retirement 2045,Target Date,33692943.571452,-0.003652,0.033396,0.015555,0.089414,-0.019207,0.0,0.0,0.0
2025-10-27,PF004,Retirement 2045,Target Date,33817957.029063,0.00371,0.037231,6.5e-05,0.089484,0.003645,0.0,0.0,0.0
2025-10-28,PF004,Retirement 2045,Target Date,33955348.746243,0.004063,0.041444,0.003681,0.093495,0.000382,0.0,0.0,0.0
2025-10-29,PF004,Retirement 2045,Target Date,34089828.408529,0.00396,0.045569,-0.009545,0.083057,0.013505,0.0,0.0,0.0
2025-10-30,PF004,Retirement 2045,Target Date,33894334.33875,-0.005735,0.039573,0.001247,0.084408,-0.006982,0.0,0.0,0.0
2025-10-31,PF004,Retirement 2045,Target Date,33891774.555667,-0.000435,0.039121,-0.001422,0.082866,0.000987,16157.88,3964.46,12193.42
2025-11-03,PF004,Retirement 2045,Target Date,33968007.357499,0.002249,0.041458,-0.005869,0.076511,0.008118,0.0,0.0,0.0
2025-11-04,PF004,Retirement 2045,Target Date,33875466.39045,-0.002724,0.038621,0.006799,0.08383,-0.009523,0.0,0.0,0.0
2025-11-05,PF004,Retirement 2045,Target Date,33736410.510401,-0.004105,0.034357,0.012547,0.097429,-0.016652,0.0,0.0,0.0
2025-11-06,PF004,Retirement 2045,Target Date,33804973.19243,0.002032,0.036459,0.000547,0.098029,0.001485,0.0,0.0,0.0
2025-11-07,PF004,Retirement 2045,Target Date,33692413.649205,-0.00333,0.033008,0.011011,0.110119,-0.014341,0.0,0.0,0.0
2025-11-10,PF004,Retirement 2045,Target Date,33707337.114459,0.000443,0.033466,-0.012045,0.096748,0.012488,0.0,0.0,0.0
2025-11-11,PF004,Retirement 2045,Target Date,33638657.697905,-0.002038,0.03136,-0.0039,0.092471,0.001862,0.0,0.0,0.0
2025-11-12,PF004,Retirement 2045,Target Date,33782414.430252,0.004274,0.035768,-0.002468,0.089774,0.006742,0.0,0.0,0.0
2025-11-13,PF004,Retirement 2045,Target Date,33738114.064221,-0.001311,0.034409,0.001389,0.091288,-0.0027,0.0,0.0,0.0
2025-11-14,PF004,Retirement 2045,Target Date,33619616.40537,-0.003512,0.030776,-0.004834,0.086013,0.001322,0.0,0.0,0.0
2025-11-17,PF004,Retirement 2045,Target Date,33681582.38358,0.001843,0.032676,0.001411,0.087545,0.000432,0.0,0.0,0.0
2025-11-18,PF004,Retirement 2045,Target Date,33584579.01558,-0.00288,0.029702,-0.004768,0.08236,0.001888,0.0,0.0,0.0
2025-11-19,PF004,Retirement 2045,Target Date,33477694.726706,-0.003183,0.026425,0.005504,0.088317,-0.008687,0.0,0.0,0.0
2025-11-20,PF004,Retirement 2045,Target Date,33389183.204789,-0.002644,0.023711,-0.001832,0.086323,-0.000812,0.0,0.0,0.0
2025-11-21,PF004,Retirement 2045,Target Date,33619785.4325,0.006906,0.030781,0.001446,0.087894,0.00546,0.0,0.0,0.0
2025-11-24,PF004,Retirement 2045,Target Date,33648329.241941,0.000849,0.031657,-0.008008,0.079182,0.008857,0.0,0.0,0.0
2025-11-25,PF004,Retirement 2045,Target Date,33584472.185843,-0.001898,0.029699,0.009471,0.089403,-0.011369,0.0,0.0,0.0
2025-11-26,PF004,Retirement 2045,Target Date,33652897.510289,0.002037,0.031797,-0.006838,0.081954,0.008875,0.0,0.0,0.0
2025-11-27,PF004,Retirement 2045,Target Date,33374173.871731,-0.008282,0.023251,-0.006754,0.074646,-0.001528,0.0,0.0,0.0
2025-11-28,PF004,Retirement 2045,Target Date,33457089.995381,0.002484,0.025793,-0.00546,0.068779,0.007944,0.0,0.0,0.0
2025-12-01,PF004,Retirement 2045,Target Date,33431711.683533,-0.000759,0.025015,0.007556,0.076854,-0.008315,0.0,0.0,0.0
2025-12-02,PF004,Retirement 2045,Target Date,33369958.200848,-0.001847,0.023122,-0.003472,0.073115,0.001625,0.0,0.0,0.0
2025-12-03,PF004,Retirement 2045,Target Date,33609975.591165,0.007193,0.030481,0.004337,0.07777,0.002856,0.0,0.0,0.0
2025-12-04,PF004,Retirement 2045,Target Date,33479038.148254,-0.003896,0.026466,0.009164,0.087646,-0.01306,0.0,0.0,0.0
2025-12-05,PF004,Retirement 2045,Target Date,33565884.367242,0.002594,0.029129,0.002518,0.090385,7.6e-05,0.0,0.0,0.0
2025-12-08,PF004,Retirement 2045,Target Date,33594664.643095,0.000857,0.030011,-0.008734,0.080862,0.009591,0.0,0.0,0.0
2025-12-09,PF004,Retirement 2045,Target Date,33397494.936932,-0.005869,0.023966,-0.007517,0.072737,0.001648,0.0,0.0,0.0
2025-12-10,PF004,Retirement 2045,Target Date,33603777.540008,0.006177,0.030291,-0.003574,0.068903,0.009751,0.0,0.0,0.0
2025-12-11,PF004,Retirement 2045,Target Date,33488898.886417,-0.003419,0.026768,-0.003782,0.06486,0.000363,0.0,0.0,0.0
2025-12-12,PF004,Retirement 2045,Target Date,33332282.209189,-0.004677,0.021967,-0.000551,0.064273,-0.004126,0.0,0.0,0.0
2025-12-15,PF004,Retirement 2045,Target Date,33021209.60664,-0.009332,0.012429,0.008492,0.073311,-0.017824,0.0,0.0,0.0
2025-12-16,PF004,Retirement 2045,Target Date,33236620.271797,0.006523,0.019034,0.003117,0.076657,0.003406,0.0,0.0,0.0
2025-12-17,PF004,Retirement 2045,Target Date,33214866.675034,-0.000655,0.018367,0.002559,0.079412,-0.003214,0.0,0.0,0.0
2025-12-18,PF004,Retirement 2045,Target Date,33173054.754948,-0.001259,0.017085,-0.005761,0.073193,0.004502,0.0,0.0,0.0
2025-12-19,PF004,Retirement 2045,Target Date,33269085.927446,0.002895,0.020029,-0.003504,0.069433,0.006399,0.0,0.0,0.0
2025-12-22,PF004,Retirement 2045,Target Date,33203359.159419,-0.001976,0.018014,0.014527,0.084969,-0.016503,0.0,0.0,0.0
2025-12-23,PF004,Retirement 2045,Target Date,33518499.118973,0.009491,0.027676,-0.001727,0.083095,0.011218,0.0,0.0,0.0
2025-12-24,PF004,Retirement 2045,Target Date,33604276.781671,0.002559,0.030306,0.004069,0.087502,-0.00151,0.0,0.0,0.0
2025-12-25,PF004,Retirement 2045,Target Date,33439497.581803,-0.004904,0.025254,0.014802,0.103599,-0.019706,0.0,0.0,0.0
2025-12-26,PF004,Retirement 2045,Target Date,33284669.005911,-0.00463,0.020507,-0.003539,0.099694,-0.001091,0.0,0.0,0.0
2025-12-29,PF004,Retirement 2045,Target Date,33195293.805385,-0.002685,0.017767,0.002635,0.102591,-0.00532,0.0,0.0,0.0
2025-12-30,PF004,Retirement 2045,Target Date,33136834.130809,-0.001761,0.015974,-0.000496,0.102044,-0.001265,0.0,0.0,0.0
2025-12-31,PF004,Retirement 2045,Target Date,33115846.346835,-0.00103,0.014928,0.008929,0.111884,-0.009959,16058.95,2925.34,13133.61
