date,commodity_id,commodity_name,contract_month,avg_cash_price_cad_mt,futures_price_cad_mt,usd_cad,basis_cad_mt,physical_quantity_mt,futures_quantity_mt,net_open_quantity_mt,physical_exposure_cad,futures_exposure_cad,net_open_exposure_cad,hedge_ratio,daily_pnl_cad,cumulative_pnl_cad,basis_risk_cad,margin_requirement_cad,var_95_cad,var_99_cad,stress_down_5pct_cad,stress_up_5pct_cad,physical_transaction_count,futures_position_count
2025-01-02,BARLEY,Feed Barley,2025-03,218.52,286.17,1.36,-67.66,925.0,-5900.0,-4975.0,202127.3,-1688410.08,-1486282.78,6.38,0.0,0.0,0.0,84680.48,0.0,0.0,76335.41,-76335.41,1.0,1.0
2025-01-03,BARLEY,Feed Barley,2025-03,215.78,286.05,1.36,-70.27,925.0,-5900.0,-4975.0,199598.35,-1687687.92,-1488089.57,6.38,-1806.79,-1806.79,0.0,88128.39,0.0,0.0,76400.46,-76400.46,1.0,1.0
2025-01-06,BARLEY,Feed Barley,2025-03,214.57,285.99,1.36,-71.42,5432.0,-5900.0,-468.0,1165555.1,-1687366.96,-521811.86,1.09,-798.29,-2605.08,0.0,76999.11,0.0,0.0,37746.14,-37746.14,2.0,1.0
2025-01-07,BARLEY,Feed Barley,2025-03,216.32,292.21,1.36,-75.89,5432.0,-5900.0,-468.0,1175061.1,-1724036.64,-548975.54,1.09,-27163.68,-29768.76,0.0,91053.94,0.0,0.0,39199.39,-39199.39,2.0,1.0
2025-01-08,BARLEY,Feed Barley,2025-03,220.64,291.71,1.36,-71.07,5432.0,-6200.0,-768.0,1198505.62,-1808579.68,-610074.06,1.14,26413.39,-3355.37,16173.04,87030.04,31275.91,44165.38,42488.76,-42488.76,2.0,2.0
2025-01-09,BARLEY,Feed Barley,2025-03,222.95,288.79,1.35,-65.84,6550.0,-6200.0,350.0,1460335.6,-1790510.4,-330174.8,0.95,30638.93,27283.56,22678.49,88381.34,35033.76,49471.92,31112.1,-31112.1,4.0,2.0
2025-01-10,BARLEY,Feed Barley,2025-03,215.62,285.92,1.35,-70.3,6550.0,-6200.0,350.0,1412284.8,-1772682.3,-360397.5,0.95,-30222.7,-2939.14,20703.0,89893.8,38639.35,54563.44,32142.72,-32142.72,4.0,2.0
2025-01-13,BARLEY,Feed Barley,2025-03,221.65,289.87,1.35,-68.23,6550.0,-6200.0,350.0,1451781.3,-1797206.4,-345425.1,0.95,14972.4,12033.26,19787.57,90437.85,36882.8,52082.99,31789.07,-31789.07,4.0,2.0
2025-01-14,BARLEY,Feed Barley,2025-03,220.92,290.68,1.35,-69.76,6550.0,-6200.0,350.0,1447026.0,-1802228.4,-355202.4,0.95,-9777.3,2255.96,18522.87,88847.55,35054.21,49500.8,32230.38,-32230.38,4.0,2.0
2025-01-15,BARLEY,Feed Barley,2025-03,218.86,292.6,1.35,-73.74,6072.0,-6200.0,-128.0,1328930.06,-1814113.8,-485183.74,1.02,-25365.3,-23109.34,17671.17,91391.19,35649.81,50341.86,37548.49,-37548.49,5.0,2.0
2025-01-16,BARLEY,Feed Barley,2025-03,225.35,294.04,1.35,-68.7,6072.0,-6200.0,-128.0,1368300.91,-1823069.7,-454768.79,1.02,30414.95,7305.61,17057.21,89709.66,37535.14,53004.17,36421.45,-36421.45,5.0,2.0
2025-01-17,BARLEY,Feed Barley,2025-03,228.54,297.81,1.36,-69.28,6072.0,-6200.0,-128.0,1387670.59,-1846439.36,-458768.77,1.02,-3999.98,3305.63,16354.53,94772.31,35857.24,50634.77,36815.14,-36815.14,5.0,2.0
2025-01-20,BARLEY,Feed Barley,2025-03,223.17,297.11,1.36,-73.94,6794.0,-6200.0,594.0,1516216.98,-1842054.72,-325837.74,0.91,-28197.71,-24892.08,18896.55,90385.98,36720.3,51853.51,31454.06,-31454.06,6.0,2.0
2025-01-21,BARLEY,Feed Barley,2025-03,226.86,299.55,1.36,-72.69,7146.0,-6200.0,946.0,1621170.14,-1857232.32,-236062.18,0.87,9919.44,-14972.65,19561.79,95493.24,35663.61,50361.34,28014.81,-28014.81,7.0,2.0
2025-01-22,BARLEY,Feed Barley,2025-03,229.7,306.72,1.36,-77.02,7146.0,-6200.0,946.0,1641421.91,-1901668.96,-260247.05,0.87,-24184.88,-39157.52,22240.26,91727.51,35749.45,50482.55,29426.57,-29426.57,7.0,2.0
2025-01-23,BARLEY,Feed Barley,2025-03,235.02,308.01,1.36,-73.0,7146.0,-6200.0,946.0,1679424.34,-1909679.36,-230255.02,0.87,29992.03,-9165.5,21765.08,82141.17,37063.25,52337.81,28306.99,-28306.99,7.0,2.0
2025-01-24,BARLEY,Feed Barley,2025-03,232.59,310.54,1.36,-77.95,7146.0,-6200.0,946.0,1662073.85,-1925362.88,-263289.03,0.87,-33034.01,-42199.5,24128.96,97783.37,38165.18,53893.86,29785.19,-29785.19,7.0,2.0
2025-01-27,BARLEY,Feed Barley,2025-03,233.67,308.28,1.36,-74.61,7146.0,-6200.0,946.0,1669820.11,-1911365.76,-241545.65,0.87,21743.38,-20456.12,23961.96,86502.2,38205.58,53950.9,28775.48,-28775.48,7.0,2.0
2025-01-28,BARLEY,Feed Barley,2025-03,238.68,312.35,1.36,-73.67,7146.0,-6200.0,946.0,1705621.57,-1936577.44,-230955.87,0.87,10589.78,-9866.34,23500.24,93832.14,37393.53,52804.2,28604.01,-28604.01,7.0,2.0
2025-01-29,BARLEY,Feed Barley,2025-03,237.49,309.4,1.36,-71.91,7146.0,-6200.0,946.0,1697103.54,-1918280.0,-221176.46,0.87,9779.41,-86.93,22873.7,88631.28,36594.0,51675.16,28029.86,-28029.86,7.0,2.0
2025-01-30,BARLEY,Feed Barley,2025-03,233.24,310.83,1.36,-77.59,7146.0,-100.0,7046.0,1666747.33,-31082.8,1635664.53,0.01,-39209.81,-39296.74,23479.18,183099.67,39349.1,55565.7,-65115.75,65115.75,7.0,3.0
2025-01-31,BARLEY,Feed Barley,2025-03,231.1,307.47,1.36,-76.37,7251.0,-100.0,7151.0,1675691.6,-30746.88,1644944.72,0.01,-14985.1,-54281.84,24400.75,170806.26,39640.83,55977.66,-65490.32,65490.32,9.0,3.0
2025-02-03,BARLEY,Feed Barley,2025-03,229.83,304.6,1.36,-74.77,7251.0,-100.0,7151.0,1666497.33,-30459.92,1636037.41,0.01,-8907.31,-63189.15,24538.45,180040.12,39700.18,56061.47,-65136.9,65136.9,9.0,3.0
2025-02-04,BARLEY,Feed Barley,2025-03,228.23,301.21,1.36,-72.99,7251.0,-100.0,7151.0,1654866.73,-30121.28,1624745.45,0.01,-11291.96,-74481.12,23977.88,173865.81,38737.84,54702.52,-64688.61,64688.61,9.0,3.0
2025-02-05,BARLEY,Feed Barley,2025-03,228.62,301.58,1.36,-72.96,2703.0,-5700.0,-2997.0,617959.86,-1719006.0,-1101046.14,2.11,2820.17,-71660.94,8880.93,271756.94,37184.51,52509.03,61231.91,-61231.91,8.0,4.0
2025-02-06,BARLEY,Feed Barley,2025-03,231.03,305.39,1.36,-74.35,2703.0,-5700.0,-2997.0,624484.9,-1740711.6,-1116226.7,2.11,-15180.56,-86841.5,7746.37,260096.16,34947.24,49349.74,62056.18,-62056.18,8.0,4.0
2025-02-07,BARLEY,Feed Barley,2025-03,232.25,307.81,1.36,-75.55,2703.0,-5700.0,-2997.0,627782.56,-1754510.16,-1126727.6,2.11,-10500.9,-97342.4,7642.75,265181.63,33700.03,47588.52,62614.21,-62614.21,8.0,4.0
2025-02-10,BARLEY,Feed Barley,2025-03,229.53,305.01,1.36,-75.47,2703.0,-5700.0,-2997.0,620430.4,-1738541.04,-1118110.64,2.11,8616.96,-88725.44,6961.44,233485.74,33246.4,46947.95,62109.84,-62109.84,8.0,4.0
2025-02-11,BARLEY,Feed Barley,2025-03,230.35,302.67,1.36,-72.32,-1075.0,-5700.0,-6775.0,-247624.1,-1725207.6,-1972831.7,5.3,15533.68,-73191.76,2604.19,254738.05,34031.66,48056.83,96165.34,-96165.34,10.0,4.0
2025-02-12,BARLEY,Feed Barley,2025-03,228.2,306.54,1.36,-78.34,-7254.0,-5700.0,-12954.0,-1655391.82,-1747300.8,-3402692.62,0.79,-19788.4,-92980.16,18954.57,259808.91,33583.88,47424.52,153580.71,-153580.71,11.0,4.0
2025-02-13,BARLEY,Feed Barley,2025-03,234.07,312.37,1.37,-78.3,-7254.0,-5700.0,-12954.0,-1697943.78,-1780530.09,-3478473.87,0.79,-75781.25,-168761.41,17625.72,259794.21,40386.73,57030.96,156944.26,-156944.26,11.0,4.0
2025-02-14,BARLEY,Feed Barley,2025-03,234.29,311.41,1.37,-77.12,-7254.0,-5700.0,-12954.0,-1699539.66,-1775063.79,-3474603.45,0.79,3870.42,-164890.99,15458.04,267391.44,40624.55,57366.78,156734.78,-156734.78,11.0,4.0
2025-02-17,BARLEY,Feed Barley,2025-03,234.6,307.97,1.36,-73.37,-7606.0,-10300.0,-17906.0,-1784398.02,-3172111.6,-4956509.62,1.35,17345.63,-147545.36,16354.7,316596.78,40919.89,57783.84,229981.5,-229981.5,10.0,5.0
2025-02-18,BARLEY,Feed Barley,2025-03,238.42,313.83,1.36,-75.41,-7606.0,-10300.0,-17906.0,-1813422.52,-3232486.08,-5045908.6,1.35,-89398.98,-236944.33,15821.2,321927.3,50599.51,71452.64,234161.2,-234161.2,10.0,5.0
2025-02-19,BARLEY,Feed Barley,2025-03,236.29,312.46,1.36,-76.17,-7606.0,-10300.0,-17906.0,-1797191.32,-3218338.0,-5015529.32,1.35,30379.28,-206565.05,15580.03,336480.66,52544.82,74199.66,232804.55,-232804.55,10.0,5.0
2025-02-20,BARLEY,Feed Barley,2025-03,235.25,310.37,1.37,-75.12,-7606.0,-10300.0,-17906.0,-1789311.5,-3196847.05,-4986158.55,1.35,29370.77,-177194.28,15113.75,294162.98,52480.29,74108.53,231414.81,-231414.81,10.0,5.0
2025-02-21,BARLEY,Feed Barley,2025-03,241.43,316.73,1.37,-75.3,-10605.0,-10300.0,-20905.0,-2560322.73,-3262322.09,-5822644.82,0.97,-112449.7,-289643.98,19943.12,331291.69,64601.16,91224.67,265529.01,-265529.01,12.0,5.0
2025-02-24,BARLEY,Feed Barley,2025-03,241.76,315.42,1.36,-73.66,-11530.0,-10300.0,-21830.0,-2787538.92,-3248875.44,-6036414.36,0.89,9862.16,-279781.82,21965.05,317009.88,63846.42,90158.89,273945.33,-273945.33,11.0,5.0
2025-02-25,BARLEY,Feed Barley,2025-03,242.9,314.4,1.36,-71.51,-11530.0,-10300.0,-21830.0,-2800613.94,-3238369.44,-6038983.38,0.89,-2569.02,-282350.84,23557.9,309574.08,63333.29,89434.28,273943.03,-273943.03,11.0,5.0
2025-02-26,BARLEY,Feed Barley,2025-03,241.14,316.98,1.36,-75.84,-16037.0,-10300.0,-26337.0,-3867098.03,-3264844.56,-7131942.59,0.64,-6159.26,-288510.1,30836.82,325623.78,62759.75,88624.38,317926.15,-317926.15,10.0,5.0
2025-02-27,BARLEY,Feed Barley,2025-03,239.3,317.54,1.37,-78.23,-13561.0,-10300.0,-23861.0,-3245201.54,-3270647.58,-6515849.12,0.76,23576.76,-264933.34,26733.79,339552.79,63477.41,89637.8,293340.44,-293340.44,11.0,5.0
2025-02-28,BARLEY,Feed Barley,2025-03,235.76,313.0,1.37,-77.24,-13561.0,-10300.0,-23861.0,-3197168.48,-3223940.17,-6421108.65,0.76,94740.47,-170192.86,27241.61,337114.53,74510.65,105218.07,289083.75,-289083.75,11.0,5.0
2025-03-03,BARLEY,Feed Barley,2025-03,235.35,315.47,1.37,-80.12,-14283.0,-10300.0,-24583.0,-3361504.05,-3249339.97,-6610844.02,0.72,-19812.67,-190005.53,32641.33,321914.72,74684.34,105463.34,296927.16,-296927.16,10.0,5.0
2025-03-04,BARLEY,Feed Barley,2025-03,238.86,316.94,1.37,-78.08,-14283.0,-8700.0,-22983.0,-3411637.38,-2757341.46,-6168978.84,0.61,-65232.1,-255237.63,32530.47,358822.15,77783.98,109840.41,274332.57,-274332.57,10.0,6.0
2025-03-05,BARLEY,Feed Barley,2025-03,238.6,316.68,1.37,-78.08,-15803.0,-11200.0,-27003.0,-3770564.19,-3546765.6,-7317329.79,0.71,6006.76,-249230.88,35363.0,395927.75,77862.43,109951.19,328160.85,-328160.85,11.0,7.0
2025-03-06,BARLEY,Feed Barley,2025-03,239.06,315.92,1.37,-76.86,-11072.0,-11200.0,-22272.0,-2646916.61,-3538326.4,-6185243.01,1.01,1075.0,-248155.87,24489.56,381303.58,77904.88,110011.13,282792.98,-282792.98,12.0,7.0
2025-03-07,BARLEY,Feed Barley,2025-03,234.94,311.0,1.37,-76.07,-11072.0,-11200.0,-22272.0,-2601211.39,-3483241.44,-6084452.83,1.01,100790.18,-147365.7,24448.0,372032.73,87621.39,123732.02,278210.53,-278210.53,12.0,7.0
2025-03-10,BARLEY,Feed Barley,2025-03,236.77,311.18,1.37,-74.41,-11072.0,-11200.0,-22272.0,-2621495.3,-3485236.16,-6106731.46,1.01,-22278.62,-169644.32,24770.58,372918.27,87800.93,123985.56,279121.62,-279121.62,12.0,7.0
2025-03-11,BARLEY,Feed Barley,2025-03,232.51,309.65,1.37,-77.13,-11072.0,-13900.0,-24972.0,-2574395.01,-4304098.86,-6878493.87,1.26,64285.57,-105358.75,22850.6,435606.12,91137.75,128697.56,318180.74,-318180.74,12.0,8.0
2025-03-12,BARLEY,Feed Barley,2025-03,232.54,309.47,1.37,-76.93,-11072.0,-13900.0,-24972.0,-2574682.88,-4301623.27,-6876306.15,1.26,2187.72,-103171.04,22306.04,420770.0,90869.88,128319.29,318068.48,-318068.48,12.0,8.0
2025-03-13,BARLEY,Feed Barley,2025-03,235.29,314.05,1.37,-78.76,-11072.0,-13900.0,-24972.0,-2605130.88,-4365226.89,-6970357.77,1.26,-94051.62,-197222.66,22600.43,403842.54,93257.12,131690.36,322466.58,-322466.58,12.0,8.0
2025-03-14,BARLEY,Feed Barley,2025-03,237.89,315.88,1.37,-77.99,-8425.0,-13900.0,-22325.0,-2004189.55,-4390744.51,-6394934.06,1.65,-54260.53,-251483.19,17435.17,393076.73,95229.72,134475.91,299704.81,-299704.81,11.0,8.0
2025-03-17,BARLEY,Feed Barley,2025-03,238.6,314.06,1.37,-75.46,-5591.0,-13900.0,-19491.0,-1334001.42,-4365417.32,-5699418.74,2.49,19328.59,-232154.6,10973.92,435505.77,95297.18,134571.17,271630.92,-271630.92,9.0,8.0
2025-03-18,BARLEY,Feed Barley,2025-03,241.11,317.1,1.37,-75.99,-6883.0,-13900.0,-20783.0,-1659573.9,-4407692.78,-6067266.68,2.02,-56331.23,-288485.83,13431.9,412264.13,91778.55,129602.43,286767.59,-286767.59,9.0,8.0
2025-03-19,BARLEY,Feed Barley,2025-03,245.13,322.33,1.37,-77.21,-6883.0,-13900.0,-20783.0,-1687202.26,-4480437.04,-6167639.3,2.02,-100372.62,-388858.45,13473.47,427052.07,97547.95,137749.54,291509.94,-291509.94,9.0,8.0
2025-03-20,BARLEY,Feed Barley,2025-03,239.33,316.31,1.37,-76.98,-8070.0,-13900.0,-21970.0,-1931393.1,-4396647.84,-6328040.94,1.72,123683.07,-265175.39,15596.26,442381.92,108473.92,153178.32,297088.12,-297088.12,9.0,8.0
2025-03-21,BARLEY,Feed Barley,2025-03,244.98,322.72,1.37,-77.74,-8070.0,-13900.0,-21970.0,-1976956.32,-4485769.08,-6462725.4,1.72,-134684.46,-399859.85,15526.25,399414.99,111903.48,158021.28,303366.71,-303366.71,9.0,8.0
2025-03-24,BARLEY,Feed Barley,2025-03,240.47,317.66,1.37,-77.19,-8070.0,-13900.0,-21970.0,-1940609.04,-4415500.41,-6356109.45,1.72,106615.95,-293243.9,14413.58,420717.82,119260.01,168409.59,298399.38,-298399.38,9.0,8.0
2025-03-25,BARLEY,Feed Barley,2025-03,242.2,322.66,1.37,-80.46,-8070.0,-16500.0,-24570.0,-1954586.28,-5323929.6,-7278515.88,2.04,-83484.19,-376728.09,11760.14,455747.99,123118.48,173858.22,344379.93,-344379.93,9.0,9.0
2025-03-26,BARLEY,Feed Barley,2025-03,243.71,321.22,1.37,-77.52,-8070.0,-16500.0,-24570.0,-1966707.42,-5300194.35,-7266901.77,2.04,11614.11,-365113.98,11411.72,465852.13,123263.23,174062.63,343678.01,-343678.01,9.0,9.0
2025-03-27,BARLEY,Feed Barley,2025-03,240.74,322.84,1.37,-82.1,-8070.0,-16500.0,-24570.0,-1942755.66,-5326868.25,-7269623.91,2.04,-2722.14,-367836.12,14159.36,481624.54,122806.41,173417.54,344053.64,-344053.64,9.0,9.0
2025-03-28,BARLEY,Feed Barley,2025-03,240.26,322.05,1.37,-81.78,-8070.0,-16500.0,-24570.0,-1938914.34,-5313757.35,-7252671.69,2.04,16952.22,-350883.9,16000.98,434477.74,116954.74,165154.27,343244.44,-343244.44,9.0,9.0
2025-03-31,BARLEY,Feed Barley,2025-03,238.76,314.77,1.37,-76.01,1762.0,-16500.0,-14738.0,420698.64,-5193724.8,-4773026.16,9.36,132137.55,-218746.35,3430.64,469339.63,127875.11,180575.15,242858.29,-242858.29,7.0,9.0
2025-04-01,BARLEY,Feed Barley,2025-05,237.18,319.14,1.37,-81.97,1762.0,-4700.0,-2938.0,417904.11,-1499965.05,-1082060.94,2.67,-74904.48,-293650.83,3830.88,301067.53,128614.2,181618.84,58282.09,-58282.09,7.0,6.0
2025-04-02,BARLEY,Feed Barley,2025-05,234.86,314.63,1.37,-79.77,1762.0,-2400.0,-638.0,413826.84,-755122.08,-341295.24,1.36,17107.04,-276543.79,3906.11,319821.13,128777.34,181849.21,21203.03,-21203.03,7.0,7.0
2025-04-03,BARLEY,Feed Barley,2025-05,238.33,314.13,1.37,-75.8,4912.0,-2400.0,2512.0,1170657.31,-753905.52,416751.79,0.49,7320.13,-269223.66,11079.83,320453.3,128814.9,181902.26,-9131.02,9131.02,8.0,7.0
2025-04-04,BARLEY,Feed Barley,2025-05,240.13,320.48,1.37,-80.35,6470.0,-2400.0,4070.0,1553654.04,-769161.84,784492.2,0.37,-6385.25,-275608.91,14748.17,327615.88,122592.18,173115.02,-23688.07,23688.07,9.0,7.0
2025-04-07,BARLEY,Feed Barley,2025-05,242.13,325.8,1.37,-83.67,6470.0,-2400.0,4070.0,1566594.04,-781919.28,784674.76,0.37,182.56,-275426.35,15727.27,326667.62,122455.66,172922.23,-23567.8,23567.8,9.0,7.0
2025-04-08,BARLEY,Feed Barley,2025-05,246.01,324.69,1.37,-78.68,6470.0,-2400.0,4070.0,1591671.76,-779256.0,812415.76,0.37,27741.0,-247685.35,15580.95,329730.28,120202.06,169739.88,-24704.07,24704.07,9.0,7.0
2025-04-09,BARLEY,Feed Barley,2025-05,239.06,322.69,1.37,-83.63,6470.0,-2400.0,4070.0,1546692.32,-774455.52,772236.8,0.37,-40178.96,-287864.31,16940.1,329457.16,120747.28,170509.8,-23144.92,23144.92,9.0,7.0
2025-04-10,BARLEY,Feed Barley,2025-05,238.97,322.48,1.37,-83.52,6470.0,-2400.0,4070.0,1546110.02,-773962.32,772147.7,0.37,-89.1,-287953.41,18174.18,309568.27,116180.14,164060.44,-23146.28,23146.28,9.0,7.0
2025-04-11,BARLEY,Feed Barley,2025-05,239.52,320.65,1.36,-81.12,6470.0,-3300.0,3170.0,1549720.28,-1058135.76,491584.52,0.51,8019.3,-279934.11,18283.71,345903.04,114622.62,161861.03,-9082.02,9082.02,9.0,8.0
2025-04-14,BARLEY,Feed Barley,2025-05,240.5,322.76,1.36,-82.26,12649.0,-3300.0,9349.0,3042033.9,-1065092.16,1976941.74,0.26,-667.56,-280601.67,34676.01,348251.12,114340.98,161463.32,-68426.75,68426.75,8.0,8.0
2025-04-15,BARLEY,Feed Barley,2025-05,237.39,316.95,1.36,-79.56,12649.0,-3300.0,9349.0,3002771.41,-1045928.4,1956843.01,0.26,-20098.74,-300700.4,32893.38,335202.0,112662.34,159092.88,-67814.44,67814.44,8.0,8.0
2025-04-16,BARLEY,Feed Barley,2025-05,238.58,317.71,1.36,-79.13,12649.0,1200.0,13849.0,3017773.12,381251.52,3399024.64,0.09,12488.43,-288211.97,32022.65,373259.48,105830.3,149445.21,-139773.5,139773.5,8.0,9.0
2025-04-17,BARLEY,Feed Barley,2025-05,234.12,312.29,1.37,-78.17,12649.0,1200.0,13849.0,2961434.48,374749.8,3336184.28,0.09,-62840.37,-351052.33,31254.84,398067.25,97947.21,138313.33,-137194.87,137194.87,8.0,9.0
2025-04-18,BARLEY,Feed Barley,2025-05,235.38,313.94,1.36,-78.57,12649.0,1200.0,13849.0,2977271.02,376730.88,3354001.9,0.09,17817.63,-333234.71,30832.11,400072.91,84029.3,118659.55,-137927.38,137927.38,8.0,9.0
2025-04-21,BARLEY,Feed Barley,2025-05,228.2,311.51,1.36,-83.31,10190.0,-4000.0,6190.0,2325337.62,-1246032.0,1079305.62,0.39,-93715.8,-426950.51,24884.03,449666.18,81205.53,114672.05,-30711.9,30711.9,7.0,10.0
2025-04-22,BARLEY,Feed Barley,2025-05,234.73,315.09,1.37,-80.36,10190.0,-4500.0,5690.0,2391898.7,-1417888.35,974010.35,0.44,52247.88,-374702.63,24883.11,474953.59,78197.68,110424.6,-24781.53,24781.53,7.0,11.0
2025-04-23,BARLEY,Feed Barley,2025-05,231.73,311.85,1.37,-80.13,10190.0,-4500.0,5690.0,2361308.32,-1403338.95,957969.37,0.44,-16040.98,-390743.61,23944.94,454732.25,78279.9,110540.7,-24285.39,24285.39,7.0,11.0
2025-04-24,BARLEY,Feed Barley,2025-05,231.23,310.2,1.37,-78.97,10190.0,-4500.0,5690.0,2356233.7,-1395879.3,960354.4,0.44,2385.03,-388358.58,23860.17,493605.31,78289.11,110553.71,-24455.38,24455.38,7.0,11.0
2025-04-25,BARLEY,Feed Barley,2025-05,229.56,306.84,1.37,-77.28,10190.0,-4500.0,5690.0,2339175.64,-1380775.05,958400.59,0.44,-1953.81,-390312.39,24562.62,485096.38,77977.13,110113.16,-24528.27,24528.27,7.0,11.0
2025-04-28,BARLEY,Feed Barley,2025-05,226.69,307.14,1.36,-80.45,17832.0,-9500.0,8332.0,4042300.42,-2917852.8,1124447.62,0.53,-30590.67,-420903.06,39385.83,513588.77,58574.61,82714.45,-15799.38,15799.38,7.0,12.0
2025-04-29,BARLEY,Feed Barley,2025-05,231.0,307.01,1.36,-76.0,17832.0,-9500.0,8332.0,4119263.33,-2916560.8,1202702.53,0.53,78254.91,-342648.15,42320.91,557508.34,61482.57,86820.84,-18942.49,18942.49,7.0,12.0
2025-04-30,BARLEY,Feed Barley,2025-05,231.21,310.62,1.36,-79.42,14587.0,-9500.0,5087.0,3372601.92,-2950928.0,421673.92,0.65,-30765.14,-373413.28,34669.02,548539.07,61836.61,87320.79,12642.32,-12642.32,7.0,12.0
2025-05-01,BARLEY,Feed Barley,2025-05,235.53,312.13,1.36,-76.61,14587.0,-8200.0,6387.0,3435617.76,-2559495.52,876122.24,0.56,48674.64,-324738.64,33655.52,580084.36,64812.97,91523.77,-9449.93,9449.93,7.0,13.0
2025-05-02,BARLEY,Feed Barley,2025-05,237.34,315.07,1.36,-77.74,14587.0,-8200.0,6387.0,3462020.23,-2583583.84,878436.39,0.56,2314.15,-322424.49,34472.78,559445.36,64823.02,91537.97,-9301.62,9301.62,7.0,13.0
2025-05-05,BARLEY,Feed Barley,2025-05,242.63,322.43,1.36,-79.8,13035.0,-1800.0,11235.0,3162708.12,-580371.84,2582336.28,0.14,16920.43,-305504.06,28589.27,638586.75,65209.39,92083.56,-97489.73,97489.73,8.0,14.0
2025-05-06,BARLEY,Feed Barley,2025-05,239.43,322.06,1.36,-82.63,4598.0,-1800.0,2798.0,1100917.53,-579710.88,521206.65,0.39,-41024.97,-346529.03,10436.19,639391.0,65723.98,92810.22,-15051.16,15051.16,8.0,14.0
2025-05-07,BARLEY,Feed Barley,2025-05,239.61,321.76,1.36,-82.15,4598.0,-1800.0,2798.0,1101735.98,-579172.32,522563.66,0.39,1357.0,-345172.03,9950.84,645535.97,64304.39,90805.59,-15110.82,15110.82,8.0,14.0
2025-05-08,BARLEY,Feed Barley,2025-05,242.85,324.1,1.36,-81.25,4598.0,-1800.0,2798.0,1116624.3,-583382.88,533241.42,0.39,10677.76,-334494.26,9272.82,660232.37,64493.42,91072.52,-15495.83,15495.83,8.0,14.0
2025-05-09,BARLEY,Feed Barley,2025-05,245.39,331.01,1.36,-85.62,4598.0,-1800.0,2798.0,1128312.42,-595818.72,532493.7,0.39,-747.72,-335241.99,11006.3,663637.87,64372.89,90902.32,-15341.56,15341.56,8.0,14.0
2025-05-12,BARLEY,Feed Barley,2025-05,244.32,331.35,1.36,-87.03,6368.0,-1800.0,4568.0,1555842.5,-596430.72,959411.78,0.28,-5531.86,-340773.85,18030.32,654703.16,64375.19,90905.58,-32412.16,32412.16,7.0,14.0
2025-05-13,BARLEY,Feed Barley,2025-05,242.48,324.24,1.36,-81.75,6368.0,5300.0,11668.0,1544138.11,1718459.28,3262597.39,0.83,1098.66,-339675.19,18132.07,748235.63,64043.05,90436.55,-147688.49,147688.49,7.0,15.0
2025-05-14,BARLEY,Feed Barley,2025-05,242.23,322.4,1.36,-80.17,-1127.0,5300.0,4173.0,-272995.46,1708728.48,1435733.02,4.7,-11335.54,-351010.73,3193.97,750424.77,63876.49,90201.34,-74516.61,74516.61,7.0,15.0
2025-05-15,BARLEY,Feed Barley,2025-05,238.6,319.33,1.35,-80.73,-1127.0,5300.0,4173.0,-268904.45,1692443.7,1423539.25,4.7,-12193.77,-363204.5,3140.7,831310.51,59689.78,84289.21,-73866.01,73866.01,7.0,15.0
2025-05-16,BARLEY,Feed Barley,2025-05,239.93,322.08,1.35,-82.15,-1127.0,5300.0,4173.0,-270403.36,1707039.9,1436636.54,4.7,13097.29,-350107.21,3123.24,732235.67,59506.12,84029.85,-74535.86,74535.86,7.0,15.0
2025-05-19,BARLEY,Feed Barley,2025-05,243.51,320.84,1.35,-77.33,-1127.0,5300.0,4173.0,-274433.52,1700457.3,1426023.78,4.7,-10612.75,-360719.96,3149.44,738668.44,47636.84,67268.99,-74045.52,74045.52,7.0,15.0
2025-05-20,BARLEY,Feed Barley,2025-05,245.36,325.73,1.35,-80.37,-1127.0,2100.0,973.0,-276518.47,684028.8,407510.33,1.86,23816.15,-336903.81,3149.43,906406.34,44503.67,62844.57,-23140.7,23140.7,7.0,16.0
2025-05-21,BARLEY,Feed Barley,2025-05,249.2,331.01,1.35,-81.81,-1127.0,-4600.0,-5727.0,-280846.15,-1522629.9,-1803476.05,4.08,6757.17,-330146.64,3168.89,910944.58,43979.28,62104.07,87365.34,-87365.34,7.0,17.0
2025-05-22,BARLEY,Feed Barley,2025-05,250.33,330.74,1.35,-80.41,-1127.0,-8000.0,-9127.0,-282119.66,-2645892.0,-2928011.66,7.1,-31.51,-330178.15,3144.09,891943.16,43993.39,62124.0,143579.39,-143579.39,7.0,18.0
2025-05-23,BARLEY,Feed Barley,2025-05,252.76,334.64,1.35,-81.87,-2685.0,-6300.0,-8985.0,-678671.34,-2108219.4,-2786890.74,2.35,-33957.37,-364135.52,7237.19,1000783.85,46037.39,65010.37,132557.82,-132557.82,6.0,19.0
2025-05-26,BARLEY,Feed Barley,2025-05,254.91,332.4,1.35,-77.49,1899.0,-1800.0,99.0,484077.89,-598314.6,-114236.71,0.95,8350.92,-355784.6,5304.64,994377.38,44383.27,62674.55,10552.61,-10552.61,6.0,20.0
2025-05-27,BARLEY,Feed Barley,2025-05,252.25,333.91,1.35,-81.66,1899.0,4700.0,6599.0,479030.35,1569372.3,2048402.65,2.47,-7769.14,-363553.74,4899.11,1164951.1,33590.05,47433.23,-97629.83,97629.83,6.0,21.0
2025-05-28,BARLEY,Feed Barley,2025-05,252.35,335.46,1.35,-83.12,1899.0,-1700.0,199.0,479205.05,-570284.55,-91079.5,0.9,7471.46,-356082.28,4938.47,1204546.92,31648.81,44691.96,9346.03,-9346.03,6.0,22.0
2025-05-29,BARLEY,Feed Barley,2025-05,247.72,329.18,1.35,-81.47,1899.0,-1700.0,199.0,470412.68,-559612.8,-89200.12,0.9,1879.38,-354202.9,4515.56,1193428.63,25663.22,36239.58,9164.13,-9164.13,6.0,22.0
2025-05-30,BARLEY,Feed Barley,2025-05,244.4,325.82,1.34,-81.42,1899.0,-1700.0,199.0,464111.8,-553895.7,-89783.9,0.9,-583.78,-354786.69,4220.81,1283406.52,25624.19,36184.46,9130.31,-9130.31,6.0,22.0
2025-06-02,BARLEY,Feed Barley,2025-07,250.2,333.3,1.34,-83.09,7860.0,-10100.0,-2240.0,1966603.44,-3366311.82,-1399708.38,1.28,-1685.65,-356472.33,17379.14,1020164.93,24594.18,34729.97,89651.45,-89651.45,5.0,19.0
2025-06-03,BARLEY,Feed Barley,2025-07,248.32,337.58,1.35,-89.26,7860.0,-10100.0,-2240.0,1951826.64,-3409568.1,-1457741.46,1.28,-58033.08,-414505.41,21882.27,1044126.22,28840.82,40726.73,92405.34,-92405.34,5.0,19.0
2025-06-04,BARLEY,Feed Barley,2025-07,256.54,339.02,1.34,-82.48,7860.0,-10100.0,-2240.0,2016388.68,-3424102.0,-1407713.32,1.28,50028.14,-364477.27,21897.08,1014920.6,34936.96,49335.22,90549.55,-90549.55,5.0,19.0
2025-06-05,BARLEY,Feed Barley,2025-07,256.26,340.65,1.34,-84.39,7860.0,-10100.0,-2240.0,2014203.6,-3440613.48,-1426409.88,1.28,-18696.56,-383173.83,22231.04,979825.38,35214.13,49726.62,91462.53,-91462.53,5.0,19.0
2025-06-06,BARLEY,Feed Barley,2025-07,260.67,349.2,1.34,-88.54,6374.0,-10100.0,-3726.0,1661497.83,-3526960.4,-1865462.57,1.58,-51700.04,-434873.87,19626.4,1021960.54,39608.23,55931.62,109888.11,-109888.11,4.0,19.0
2025-06-09,BARLEY,Feed Barley,2025-07,263.46,346.9,1.34,-83.44,252.0,-10100.0,-9848.0,66392.93,-3503681.92,-3437288.99,40.08,41100.18,-393773.69,728.11,1045816.55,43098.36,60860.11,172528.38,-172528.38,3.0,19.0
2025-06-10,BARLEY,Feed Barley,2025-07,260.03,348.57,1.34,-88.54,252.0,-10100.0,-9848.0,65528.06,-3520599.42,-3455071.36,40.08,-17782.36,-411556.05,811.56,1002940.34,43424.79,61321.07,173408.85,-173408.85,3.0,19.0
2025-06-11,BARLEY,Feed Barley,2025-07,256.93,343.03,1.34,-86.09,252.0,-10100.0,-9848.0,64747.37,-3464568.66,-3399821.29,40.08,55250.06,-356305.99,823.58,1069454.04,48389.24,68331.48,170638.54,-170638.54,3.0,19.0
2025-06-12,BARLEY,Feed Barley,2025-07,259.48,346.67,1.34,-87.2,252.0,-10100.0,-9848.0,65387.95,-3501381.14,-3435993.19,40.08,-36171.9,-392477.88,849.85,1031499.14,50017.55,70630.85,172453.54,-172453.54,3.0,19.0
2025-06-13,BARLEY,Feed Barley,2025-07,257.26,345.68,1.34,-88.42,252.0,-10100.0,-9848.0,64829.02,-3491365.98,-3426536.96,40.08,9456.22,-383021.66,898.37,1006018.53,49883.53,70441.59,171975.14,-171975.14,3.0,19.0
2025-06-16,BARLEY,Feed Barley,2025-07,258.81,345.09,1.34,-86.28,252.0,-10100.0,-9848.0,65220.12,-3485411.02,-3420190.9,40.08,6346.06,-376675.6,835.0,1007595.63,49839.1,70378.86,171661.75,-171661.75,3.0,19.0
2025-06-17,BARLEY,Feed Barley,2025-07,259.18,348.0,1.34,-88.82,252.0,-10100.0,-9848.0,65312.86,-3514779.8,-3449466.94,40.08,-29276.04,-405951.64,852.3,1003035.35,49931.35,70509.11,173126.48,-173126.48,3.0,19.0
2025-06-18,BARLEY,Feed Barley,2025-07,266.63,351.2,1.34,-84.57,252.0,-10100.0,-9848.0,67191.77,-3547126.06,-3479934.29,40.08,-30467.35,-436418.99,839.54,947637.35,50723.27,71627.4,174668.63,-174668.63,3.0,19.0
2025-06-19,BARLEY,Feed Barley,2025-07,265.28,355.76,1.34,-90.48,252.0,-10100.0,-9848.0,66849.55,-3593141.66,-3526292.11,40.08,-46357.82,-482776.8,869.69,993971.77,52866.48,74653.88,176983.1,-176983.1,3.0,19.0
2025-06-20,BARLEY,Feed Barley,2025-07,265.06,352.97,1.34,-87.91,252.0,-10100.0,-9848.0,66795.62,-3564990.94,-3498195.32,40.08,28096.79,-454680.01,865.25,1006389.06,53393.37,75397.92,175577.72,-175577.72,3.0,19.0
2025-06-23,BARLEY,Feed Barley,2025-07,264.8,354.97,1.34,-90.17,252.0,-10100.0,-9848.0,66729.1,-3585156.6,-3518427.5,40.08,-20232.19,-474912.2,776.25,980955.95,53446.95,75473.58,176588.67,-176588.67,3.0,19.0
2025-06-24,BARLEY,Feed Barley,2025-07,265.73,355.73,1.34,-90.0,252.0,-10100.0,-9848.0,66964.97,-3592870.98,-3525906.01,40.08,-7478.51,-482390.71,767.22,1011034.85,53445.65,75471.73,176964.95,-176964.95,3.0,19.0
2025-06-25,BARLEY,Feed Barley,2025-07,268.06,356.59,1.34,-88.53,252.0,-10100.0,-9848.0,67551.12,-3601532.74,-3533981.62,40.08,-8075.61,-490466.32,753.0,998408.55,53193.78,75116.06,177374.59,-177374.59,3.0,19.0
2025-06-26,BARLEY,Feed Barley,2025-07,271.99,364.14,1.35,-92.14,4597.0,-10100.0,-5503.0,1250356.42,-3677768.55,-2427412.13,2.2,-75244.44,-565710.76,13722.03,1036114.88,58730.01,82933.9,133874.17,-133874.17,2.0,19.0
2025-06-27,BARLEY,Feed Barley,2025-07,273.21,366.13,1.35,-92.92,4597.0,-10100.0,-5503.0,1255955.56,-3697948.35,-2441992.79,2.2,-14580.65,-580291.41,13531.23,1031664.13,58615.74,82772.52,134659.19,-134659.19,2.0,19.0
2025-06-30,BARLEY,Feed Barley,2025-07,277.55,369.37,1.35,-91.82,4597.0,-10100.0,-5503.0,1275897.35,-3730672.35,-2454775.0,2.2,-12782.21,-593073.63,13224.68,1011726.69,58498.47,82606.93,135497.72,-135497.72,2.0,19.0
2025-01-02,CANOLA,Canola,2025-03,486.59,654.21,1.36,-167.62,0.0,0.0,0.0,0.0,0.0,0.0,0.0,0.0,0.0,0.0,0.0,0.0,0.0,-0.0,0.0,0.0,0.0
2025-01-03,CANOLA,Canola,2025-03,476.81,638.33,1.36,-161.52,0.0,0.0,0.0,0.0,0.0,0.0,0.0,-0.0,0.0,0.0,0.0,0.0,0.0,-0.0,0.0,0.0,0.0
2025-01-06,CANOLA,Canola,2025-03,476.15,635.95,1.36,-159.8,0.0,160.0,160.0,0.0,101751.94,101751.94,0.0,-0.0,0.0,0.0,15130.38,0.0,0.0,-5087.6,5087.6,0.0,1.0
2025-01-07,CANOLA,Canola,2025-03,480.17,643.96,1.36,-163.79,0.0,160.0,160.0,0.0,103033.6,103033.6,0.0,1281.66,1281.66,0.0,15183.37,0.0,0.0,-5151.68,5151.68,0.0,1.0
2025-01-08,CANOLA,Canola,2025-03,482.39,643.36,1.36,-160.97,1893.0,-200.0,1693.0,913160.48,-128672.32,784488.16,0.11,-95.74,1185.92,5850.96,44794.05,965.83,1363.87,-30092.8,30092.8,1.0,2.0
2025-01-09,CANOLA,Canola,2025-03,482.74,640.32,1.35,-157.57,5496.0,-200.0,5296.0,2653161.02,-128063.7,2525097.32,0.04,1282.53,2468.45,19110.05,47951.51,1114.49,1573.8,-99723.26,99723.26,2.0,2.0
2025-01-10,CANOLA,Canola,2025-03,485.44,643.65,1.35,-158.21,5496.0,-720.0,4776.0,2667978.24,-463430.16,2204548.08,0.13,14150.32,16618.76,19034.99,97332.3,8628.34,12184.27,-83547.62,83547.62,2.0,3.0
2025-01-13,CANOLA,Canola,2025-03,484.17,638.2,1.35,-154.03,10399.0,-720.0,9679.0,5034925.43,-459503.28,4575422.15,0.07,-3031.06,13587.71,42874.64,90861.26,8588.09,12127.43,-178421.85,178421.85,3.0,3.0
2025-01-14,CANOLA,Canola,2025-03,488.33,651.7,1.35,-163.37,10399.0,-720.0,9679.0,5078122.87,-469223.28,4608899.59,0.07,33477.45,47065.15,41373.1,94805.1,19236.21,27163.86,-179663.75,179663.75,3.0,3.0
2025-01-15,CANOLA,Canola,2025-03,489.61,651.33,1.35,-161.73,10399.0,-720.0,9679.0,5091412.79,-468960.84,4622451.95,0.07,13552.36,60617.52,39135.41,94329.14,18648.76,26334.3,-180208.47,180208.47,3.0,3.0
2025-01-16,CANOLA,Canola,2025-03,482.59,638.82,1.35,-156.23,7105.0,-720.0,6385.0,3428816.16,-459950.4,2968865.76,0.1,-63928.15,-3310.63,27239.45,101753.5,39056.35,55152.3,-114155.13,114155.13,4.0,3.0
2025-01-17,CANOLA,Canola,2025-03,477.86,634.43,1.36,-156.56,7105.0,-720.0,6385.0,3395223.72,-456787.01,2938436.71,0.1,-30429.05,-33739.68,27162.28,102821.22,39908.15,56355.15,-112969.6,112969.6,4.0,3.0
2025-01-20,CANOLA,Canola,2025-03,483.77,646.03,1.36,-162.26,7105.0,-720.0,6385.0,3437171.64,-465139.58,2972032.06,0.1,33595.34,-144.33,26346.3,89115.69,41683.6,58862.3,-114229.89,114229.89,4.0,3.0
2025-01-21,CANOLA,Canola,2025-03,483.65,646.3,1.36,-162.65,7105.0,-720.0,6385.0,3436347.46,-465335.42,2971012.04,0.1,-1020.02,-1164.35,25708.14,104995.86,40050.78,56556.56,-114187.13,114187.13,4.0,3.0
2025-01-22,CANOLA,Canola,2025-03,477.59,633.75,1.36,-156.16,8697.0,-1320.0,7377.0,4153582.84,-836545.25,3317037.59,0.15,-34046.7,-35211.06,31818.81,145040.68,41217.15,58203.61,-124316.05,124316.05,5.0,4.0
2025-01-23,CANOLA,Canola,2025-03,471.8,631.04,1.36,-159.24,8697.0,-2040.0,6657.0,4103227.21,-1287321.6,2815905.61,0.23,-46783.18,-81994.24,30805.26,225147.02,43835.79,61901.45,-99763.01,99763.01,5.0,5.0
2025-01-24,CANOLA,Canola,2025-03,469.12,623.82,1.36,-154.7,7160.0,-2640.0,4520.0,3358884.88,-1646880.58,1712004.3,0.37,-8575.9,-90570.14,26289.44,282277.08,42466.28,59967.54,-52011.37,52011.37,7.0,6.0
2025-01-27,CANOLA,Canola,2025-03,468.71,623.27,1.36,-154.56,7160.0,-2640.0,4520.0,3355963.6,-1645444.42,1710519.18,0.37,-1485.12,-92055.26,26985.53,260905.17,41225.44,58215.32,-51966.32,51966.32,7.0,6.0
2025-01-28,CANOLA,Canola,2025-03,464.22,617.14,1.36,-152.92,2262.0,-2640.0,-378.0,1050056.59,-1629251.71,-579195.12,1.17,-15984.34,-108039.59,8959.96,277090.1,40274.67,56872.72,39460.32,-39460.32,8.0,6.0
2025-01-29,CANOLA,Canola,2025-03,456.7,619.36,1.36,-162.66,968.0,-4080.0,-3112.0,442085.6,-2526979.01,-2084893.41,4.21,-22853.54,-130893.14,3808.39,402181.65,39708.9,56073.77,108665.53,-108665.53,10.0,7.0
2025-01-30,CANOLA,Canola,2025-03,454.56,609.29,1.36,-154.73,968.0,-4080.0,-3112.0,440016.02,-2485917.89,-2045901.87,4.21,38991.54,-91901.6,3427.06,412875.06,43091.57,60850.52,106695.25,-106695.25,10.0,7.0
2025-01-31,CANOLA,Canola,2025-03,460.32,617.7,1.36,-157.38,968.0,-4080.0,-3112.0,445587.82,-2520209.47,-2074621.65,4.21,-28719.78,-120621.38,3374.92,407648.03,43947.05,62058.56,108186.96,-108186.96,10.0,7.0
2025-02-03,CANOLA,Canola,2025-03,460.78,618.38,1.36,-157.59,968.0,-5260.0,-4292.0,446038.91,-3252670.38,-2806631.47,5.43,-2323.31,-122944.69,3366.12,536755.82,43909.71,62005.83,144791.96,-144791.96,10.0,8.0
2025-02-04,CANOLA,Canola,2025-03,464.02,620.12,1.36,-156.1,7021.0,-5260.0,1761.0,3257856.34,-3261826.99,-3970.66,0.75,-6028.03,-128972.72,22918.82,513788.32,43815.22,61872.41,32777.1,-32777.1,11.0,8.0
2025-02-05,CANOLA,Canola,2025-03,461.78,616.66,1.36,-154.89,7021.0,-5260.0,1761.0,3242143.34,-3243656.85,-1513.51,0.75,2457.15,-126515.57,22849.55,508802.48,43878.87,61962.29,32497.11,-32497.11,11.0,8.0
2025-02-06,CANOLA,Canola,2025-03,461.6,620.72,1.36,-159.12,7021.0,-4660.0,2361.0,3240879.56,-2892544.02,348335.54,0.66,-22581.51,-149097.08,22959.94,691855.92,44163.78,62364.61,14992.02,-14992.02,11.0,11.0
2025-02-07,CANOLA,Canola,2025-03,456.05,611.66,1.36,-155.61,7021.0,-4660.0,2361.0,3201913.01,-2850335.6,351577.41,0.66,3241.87,-145855.22,23187.29,678182.69,43574.2,61532.06,14440.26,-14440.26,11.0,11.0
2025-02-10,CANOLA,Canola,2025-03,452.48,602.02,1.36,-149.54,7021.0,-4660.0,2361.0,3176862.08,-2805402.02,371460.06,0.66,19882.66,-125972.56,25905.66,682198.74,44761.85,63209.16,13195.62,-13195.62,11.0,11.0
2025-02-11,CANOLA,Canola,2025-03,450.23,597.52,1.36,-147.28,10194.0,-4660.0,5534.0,4589685.4,-2784424.56,1805260.84,0.46,5208.29,-120764.27,41339.67,645175.45,42245.28,59655.45,-44366.19,44366.19,13.0,11.0
2025-02-12,CANOLA,Canola,2025-03,446.62,596.82,1.36,-150.2,10194.0,-4660.0,5534.0,4552823.89,-2781192.38,1771631.51,0.46,-33629.33,-154393.6,41857.07,635086.22,42320.02,59761.0,-43053.34,43053.34,13.0,11.0
2025-02-13,CANOLA,Canola,2025-03,442.0,592.59,1.37,-150.59,14076.0,-4660.0,9416.0,6221648.3,-2761485.71,3460162.59,0.33,-27328.44,-181722.04,60257.31,652505.98,37623.99,53129.64,-110791.65,110791.65,14.0,11.0
2025-02-14,CANOLA,Canola,2025-03,443.67,598.85,1.37,-155.18,14076.0,-4660.0,9416.0,6245155.22,-2790661.5,3454493.72,0.33,-5668.87,-187390.91,60217.1,651091.51,36693.32,51815.42,-110273.13,110273.13,14.0,11.0
2025-02-17,CANOLA,Canola,2025-03,448.89,595.57,1.36,-146.69,21597.0,-4660.0,16937.0,9694590.94,-2775361.79,6919229.15,0.22,88663.82,-98727.09,95674.08,683637.25,49098.16,69332.56,-249015.55,249015.55,16.0,11.0
2025-02-18,CANOLA,Canola,2025-03,441.3,596.28,1.36,-154.98,21597.0,-4660.0,16937.0,9530799.29,-2778657.34,6752141.95,0.22,-167087.2,-265814.29,87202.7,688669.59,77321.97,109187.99,-242299.1,242299.1,16.0,11.0
2025-02-19,CANOLA,Canola,2025-03,438.55,583.13,1.36,-144.58,17344.0,-3700.0,13644.0,7606141.82,-2157570.64,5448571.18,0.21,1763.26,-264051.03,79464.59,746262.71,77069.08,108830.89,-196367.14,196367.14,17.0,12.0
2025-02-20,CANOLA,Canola,2025-03,441.24,592.55,1.37,-151.31,17344.0,-3700.0,13644.0,7652935.94,-2192443.88,5460492.06,0.21,11920.87,-252130.16,76982.35,799742.2,76250.88,107675.48,-196495.24,196495.24,17.0,12.0
2025-02-21,CANOLA,Canola,2025-03,443.84,590.05,1.37,-146.21,14590.0,-3220.0,11370.0,6475625.6,-1899945.87,4575679.73,0.22,54301.29,-197828.86,68841.68,1016337.1,79693.96,112537.53,-164027.73,164027.73,18.0,14.0
2025-02-24,CANOLA,Canola,2025-03,441.74,587.72,1.36,-145.99,13022.0,-3220.0,9802.0,5752286.19,-1892471.28,3859814.91,0.25,-23222.77,-221051.64,64619.57,965866.48,79945.56,112892.82,-135467.88,135467.88,18.0,14.0
2025-02-25,CANOLA,Canola,2025-03,429.93,582.12,1.36,-152.19,925.0,-3220.0,-2295.0,397683.4,-1874428.98,-1476745.58,3.48,-135721.47,-356773.11,4590.88,925110.11,93113.28,131487.24,77814.11,-77814.11,20.0,14.0
2025-02-26,CANOLA,Canola,2025-03,430.27,567.58,1.36,-137.31,925.0,-3220.0,-2295.0,397999.75,-1827615.33,-1429615.58,3.48,47130.0,-309643.11,5068.77,1016833.2,95539.85,134913.85,75460.78,-75460.78,20.0,14.0
2025-02-27,CANOLA,Canola,2025-03,432.13,580.24,1.37,-148.11,925.0,-3220.0,-2295.0,399720.25,-1868360.24,-1468639.99,3.48,-39024.41,-348667.53,5056.34,961241.2,94259.23,133105.45,77429.2,-77429.2,20.0,14.0
2025-02-28,CANOLA,Canola,2025-03,433.84,591.06,1.37,-157.22,-3093.0,-3220.0,-6313.0,-1341873.31,-1903210.3,-3245083.61,1.04,-33266.46,-381933.99,16876.82,968450.27,94383.84,133281.42,148835.45,-148835.45,21.0,14.0
2025-03-03,CANOLA,Canola,2025-03,423.29,571.84,1.37,-148.55,5694.0,-3220.0,2474.0,2410190.48,-1841318.36,568872.12,0.57,94541.65,-287392.34,29922.98,950498.96,102390.17,144587.33,-4341.7,4341.7,19.0,14.0
2025-03-04,CANOLA,Canola,2025-03,424.4,575.96,1.37,-151.56,5694.0,-3220.0,2474.0,2416533.6,-1854596.67,561936.93,0.57,-6935.2,-294327.53,29038.7,929292.85,102387.93,144584.17,-3931.51,3931.51,19.0,14.0
2025-03-05,CANOLA,Canola,2025-03,433.49,584.63,1.37,-151.15,5694.0,-3300.0,2394.0,2468269.28,-1929291.54,538977.74,0.58,23811.52,-270516.01,28426.75,913943.78,103009.69,145462.16,-2266.19,2266.19,19.0,15.0
2025-03-06,CANOLA,Canola,2025-03,429.99,579.96,1.37,-149.97,8998.0,-1920.0,7078.0,3869032.02,-1113527.23,2755504.79,0.21,-4501.0,-275017.01,40728.8,1126409.86,102838.69,145220.7,-99084.92,99084.92,20.0,16.0
2025-03-07,CANOLA,Canola,2025-03,433.42,581.5,1.37,-148.08,8998.0,-1920.0,7078.0,3899877.17,-1116473.28,2783403.89,0.21,27899.1,-247117.92,38854.54,1064180.11,103566.18,146248.01,-100171.42,100171.42,20.0,16.0
2025-03-10,CANOLA,Canola,2025-03,429.5,572.3,1.37,-142.81,9548.0,-1920.0,7628.0,4100846.9,-1098823.3,3002023.61,0.2,-17604.18,-264722.1,43512.0,1233047.59,103195.23,145724.17,-109092.71,109092.71,18.0,16.0
2025-03-11,CANOLA,Canola,2025-03,430.34,581.17,1.37,-150.83,5945.0,-1920.0,4025.0,2558371.3,-1115841.98,1442529.32,0.32,-8979.27,-273701.37,27084.83,1050874.8,103088.66,145573.68,-46542.75,46542.75,17.0,16.0
2025-03-12,CANOLA,Canola,2025-03,422.15,570.32,1.37,-148.17,5945.0,-1920.0,4025.0,2509681.75,-1095009.22,1414672.53,0.32,-27856.78,-301558.15,27076.17,1043347.34,102902.02,145310.12,-45636.81,45636.81,17.0,16.0
2025-03-13,CANOLA,Canola,2025-03,415.05,555.48,1.37,-140.43,5945.0,-1920.0,4025.0,2467460.36,-1066521.98,1400938.38,0.32,-13734.16,-315292.31,29293.86,1121022.64,102645.9,144948.46,-45372.32,45372.32,17.0,16.0
2025-03-14,CANOLA,Canola,2025-03,419.0,563.95,1.37,-144.95,5945.0,-1920.0,4025.0,2490943.11,-1082777.86,1408165.25,0.32,7226.88,-308065.43,28130.35,1165804.95,102774.27,145129.72,-45498.83,45498.83,17.0,16.0
2025-03-17,CANOLA,Canola,2025-03,415.53,556.66,1.37,-141.12,-5326.0,-1120.0,-6446.0,-2213134.08,-623457.41,-2836591.49,0.21,-6599.75,-314665.18,26489.39,1175614.34,95982.35,135538.71,119698.23,-119698.23,13.0,17.0
2025-03-18,CANOLA,Canola,2025-03,413.83,554.55,1.37,-140.71,-5664.0,-2300.0,-7964.0,-2343955.78,-1275461.78,-3619417.56,0.41,11417.18,-303248.01,27803.45,1311040.27,74531.53,105247.56,157531.32,-157531.32,14.0,18.0
2025-03-19,CANOLA,Canola,2025-03,407.5,551.36,1.37,-143.86,-5664.0,-2300.0,-7964.0,-2308080.0,-1268119.95,-3576199.95,0.41,43217.61,-260030.4,27927.53,1187189.73,76367.91,107840.75,155729.2,-155729.2,14.0,18.0
2025-03-20,CANOLA,Canola,2025-03,402.26,538.09,1.37,-135.84,31.0,-3000.0,-2969.0,12470.0,-1614284.7,-1601814.7,96.77,60192.37,-199838.03,167.82,1309942.6,79444.17,112184.79,80215.44,-80215.44,15.0,19.0
2025-03-21,CANOLA,Canola,2025-03,404.67,545.01,1.37,-140.35,31.0,-3000.0,-2969.0,12544.71,-1635040.2,-1622495.49,96.77,-20680.79,-220518.82,172.75,1288609.07,77240.24,109072.58,81250.22,-81250.22,15.0,19.0
2025-03-24,CANOLA,Canola,2025-03,402.09,533.52,1.37,-131.43,31.0,-3000.0,-2969.0,12464.73,-1600557.3,-1588092.57,96.77,34402.92,-186115.9,199.95,1244376.15,77803.05,109867.34,79529.28,-79529.28,15.0,19.0
2025-03-25,CANOLA,Canola,2025-03,401.13,537.74,1.37,-136.61,31.0,-3780.0,-3749.0,12435.09,-2032652.29,-2020217.19,121.94,-12688.44,-198804.34,201.69,1425207.49,57156.87,80712.42,101135.21,-101135.21,15.0,20.0
2025-03-26,CANOLA,Canola,2025-03,402.83,548.36,1.37,-145.53,31.0,-3780.0,-3749.0,12487.61,-2072786.44,-2060298.83,121.94,-40081.64,-238885.98,194.91,1291305.32,57634.55,81386.97,103139.82,-103139.82,15.0,20.0
2025-03-27,CANOLA,Canola,2025-03,405.96,547.34,1.37,-141.38,3885.0,-3780.0,105.0,1577170.14,-2068954.27,-491784.13,0.97,3929.44,-234956.53,24415.82,1343540.09,55217.47,77973.76,40360.91,-40360.91,15.0,20.0
2025-03-28,CANOLA,Canola,2025-03,405.45,545.15,1.37,-139.7,1848.0,-3780.0,-1932.0,749264.21,-2060668.51,-1311404.3,2.05,6273.33,-228683.2,10361.64,1388083.08,53107.53,74994.28,73062.86,-73062.86,16.0,20.0
2025-03-31,CANOLA,Canola,2025-03,413.17,549.58,1.37,-136.41,2864.0,-3780.0,-916.0,1183318.88,-2077395.39,-894076.51,1.32,-2452.93,-231136.13,16339.58,1371396.54,41062.43,57985.12,56537.01,-56537.01,14.0,20.0
2025-04-01,CANOLA,Canola,2025-05,407.79,551.66,1.37,-143.87,2864.0,-3360.0,-496.0,1167910.56,-1853570.54,-685659.98,1.17,-23279.79,-254415.92,15319.14,1221240.6,42049.35,59378.78,45962.1,-45962.1,14.0,15.0
2025-04-02,CANOLA,Canola,2025-05,404.96,553.08,1.37,-148.12,2864.0,-4380.0,-1516.0,1159811.17,-2422502.23,-1262691.06,1.53,-12886.72,-267302.64,14705.38,1312345.61,41497.45,58599.44,74732.66,-74732.66,14.0,16.0
2025-04-03,CANOLA,Canola,2025-05,408.81,562.7,1.37,-153.89,-2575.0,-4380.0,-6955.0,-1052690.9,-2464626.44,-3517317.34,1.7,-31097.81,-298400.45,14152.13,1342856.56,43056.52,60801.03,165338.96,-165338.96,13.0,16.0
2025-04-04,CANOLA,Canola,2025-05,414.74,566.99,1.37,-152.24,-6281.0,-4380.0,-10661.0,-2605007.06,-2483408.32,-5088415.38,0.7,-34056.78,-332457.23,36315.44,1335519.33,43130.84,60905.98,228370.7,-228370.7,12.0,16.0
2025-04-07,CANOLA,Canola,2025-05,411.8,553.97,1.37,-142.17,-3522.0,-4380.0,-7902.0,-1450373.69,-2426402.62,-3876776.3,1.24,75471.84,-256985.39,20371.81,1355658.29,51805.29,73155.35,179335.08,-179335.08,13.0,16.0
2025-04-08,CANOLA,Canola,2025-05,409.51,559.08,1.37,-149.57,-7803.0,-4380.0,-12183.0,-3195422.14,-2448784.85,-5644206.99,0.56,-14309.81,-271295.21,44473.21,1296403.46,51980.42,73402.65,250256.13,-250256.13,11.0,16.0
2025-04-09,CANOLA,Canola,2025-05,415.06,560.26,1.37,-145.2,-7803.0,-4740.0,-12543.0,-3238713.18,-2655639.51,-5894352.69,0.61,-48451.56,-319746.77,43622.8,1345935.14,54081.63,76369.81,262330.5,-262330.5,11.0,17.0
2025-04-10,CANOLA,Canola,2025-05,415.65,570.99,1.37,-155.34,-12216.0,-4800.0,-17016.0,-5077555.97,-2740745.28,-7818301.25,0.39,-55434.62,-375181.38,76148.73,1362659.05,57574.26,81301.84,340139.5,-340139.5,12.0,18.0
2025-04-11,CANOLA,Canola,2025-05,414.19,566.55,1.36,-152.36,-12216.0,-4800.0,-17016.0,-5059745.04,-2719434.24,-7779179.28,0.39,39121.97,-336059.42,79918.34,1333103.69,59554.2,84097.75,338361.51,-338361.51,12.0,18.0
2025-04-14,CANOLA,Canola,2025-05,416.36,563.07,1.36,-146.7,-9462.0,-4800.0,-14262.0,-3939636.17,-2702722.56,-6642358.73,0.51,-9845.9,-345905.32,61896.93,1304529.82,59606.84,84172.08,292721.57,-292721.57,11.0,18.0
2025-04-15,CANOLA,Canola,2025-05,414.05,560.71,1.36,-146.67,-8135.0,-4960.0,-13095.0,-3368280.48,-2781143.42,-6149423.9,0.61,33207.43,-312697.89,53012.43,1322459.24,60816.6,85880.42,273788.39,-273788.39,12.0,19.0
2025-04-16,CANOLA,Canola,2025-05,416.19,560.97,1.36,-144.78,-10045.0,-4960.0,-15005.0,-4180608.46,-2782425.09,-6963033.55,0.49,-18690.56,-331388.45,65454.29,1296447.88,58696.2,82886.14,306345.59,-306345.59,14.0,19.0
2025-04-17,CANOLA,Canola,2025-05,416.19,566.71,1.37,-150.53,-8902.0,-4960.0,-13862.0,-3704905.58,-2810902.43,-6515808.01,0.56,-28477.34,-359865.8,56298.23,1372907.28,53807.97,75983.37,288741.34,-288741.34,15.0,19.0
2025-04-18,CANOLA,Canola,2025-05,414.55,558.96,1.36,-144.41,-8902.0,-4960.0,-13862.0,-3690306.3,-2772441.6,-6462747.9,0.56,53060.11,-306805.68,55428.31,1335236.58,58030.67,81946.34,286234.33,-286234.33,15.0,19.0
2025-04-21,CANOLA,Canola,2025-05,412.24,561.33,1.36,-149.08,-2844.0,-4960.0,-7804.0,-1172416.25,-2784178.94,-3956595.19,1.74,8790.67,-298015.02,15181.43,1304727.83,56326.48,79539.82,186105.6,-186105.6,14.0,19.0
2025-04-22,CANOLA,Canola,2025-05,410.2,564.08,1.37,-153.88,1944.0,-4960.0,-3016.0,797436.58,-2797855.65,-2000419.07,2.55,-7880.63,-305895.65,9897.0,1314371.42,56267.63,79456.71,107995.32,-107995.32,15.0,19.0
2025-04-23,CANOLA,Canola,2025-05,414.89,562.11,1.37,-147.22,5901.0,-4960.0,941.0,2448265.89,-2788070.56,-339804.67,0.84,18894.67,-287000.98,29963.93,1284768.46,55250.17,78019.94,41472.89,-41472.89,13.0,19.0
2025-04-24,CANOLA,Canola,2025-05,426.88,576.92,1.37,-150.04,5702.0,-4960.0,742.0,2434046.95,-2861526.67,-427479.72,0.87,-2726.73,-289727.7,28078.98,1403000.29,55195.36,77942.54,45714.46,-45714.46,13.0,19.0
2025-04-25,CANOLA,Canola,2025-05,419.04,565.85,1.37,-146.82,5702.0,-4960.0,742.0,2389343.27,-2806621.46,-417278.18,0.87,10201.54,-279526.17,26043.1,1354385.42,55306.18,78099.03,44757.34,-44757.34,13.0,19.0
2025-04-28,CANOLA,Canola,2025-05,419.02,563.8,1.36,-144.79,2398.0,-4960.0,-2562.0,1004800.37,-2796455.94,-1791655.57,2.07,10051.48,-269474.69,9028.41,1294025.45,55501.15,78374.35,99630.78,-99630.78,12.0,19.0
2025-04-29,CANOLA,Canola,2025-05,416.73,557.46,1.36,-140.73,2398.0,-4960.0,-2562.0,999318.54,-2765021.44,-1765702.9,2.07,25952.67,-243522.02,9638.65,1383625.65,55757.63,78736.54,98278.33,-98278.33,12.0,19.0
2025-04-30,CANOLA,Canola,2025-05,418.63,568.66,1.36,-150.03,2398.0,-6440.0,-4042.0,1003865.15,-3662149.79,-2658284.64,2.69,-50969.68,-294491.7,9686.53,1443056.51,58761.59,82978.49,142952.88,-142952.88,12.0,20.0
2025-05-01,CANOLA,Canola,2025-05,419.06,572.38,1.36,-153.33,2398.0,-6440.0,-4042.0,1004896.29,-3686147.81,-2681251.52,2.69,-22966.88,-317458.57,9593.23,1393097.23,58246.28,82250.81,144111.54,-144111.54,12.0,20.0
2025-05-02,CANOLA,Canola,2025-05,421.63,575.05,1.36,-153.42,2398.0,-6440.0,-4042.0,1011059.15,-3703314.27,-2692255.12,2.69,-11003.6,-328462.18,9759.44,1536447.22,56976.05,80457.09,144723.35,-144723.35,12.0,20.0
2025-05-05,CANOLA,Canola,2025-05,426.81,571.24,1.36,-144.43,2398.0,-6440.0,-4042.0,1023480.79,-3678790.75,-2655309.96,2.69,36945.16,-291517.02,9393.66,1444434.24,51159.04,72242.76,143000.31,-143000.31,12.0,20.0
2025-05-06,CANOLA,Canola,2025-05,426.36,579.85,1.36,-153.49,180.0,-6440.0,-6260.0,76744.44,-3734231.42,-3657486.98,35.78,-56514.98,-348031.99,732.7,1452000.84,54880.95,77498.56,183641.79,-183641.79,13.0,20.0
2025-05-07,CANOLA,Canola,2025-05,434.95,588.01,1.36,-153.06,1204.0,-6440.0,-5236.0,523677.39,-3786781.82,-3263104.43,5.35,-51004.2,-399036.19,4934.06,1478571.44,55185.53,77928.66,168392.0,-168392.0,14.0,20.0
2025-05-08,CANOLA,Canola,2025-05,421.38,569.77,1.36,-148.39,1204.0,-6440.0,-5236.0,507341.52,-3669331.68,-3161990.16,5.35,101114.27,-297921.92,4602.32,1543609.25,63815.34,90114.99,163172.92,-163172.92,14.0,20.0
2025-05-09,CANOLA,Canola,2025-05,423.36,579.8,1.36,-156.43,2055.0,-6440.0,-4385.0,870013.02,-3733881.09,-2863868.07,3.13,-62160.67,-360082.59,8474.36,1477324.92,66673.7,94151.34,151893.53,-151893.53,17.0,20.0
2025-05-12,CANOLA,Canola,2025-05,431.58,574.95,1.36,-143.38,-1322.0,-6440.0,-7762.0,-570543.47,-3702701.18,-4273244.66,4.87,48055.56,-312027.03,5660.24,1405343.76,68980.48,97408.8,207956.8,-207956.8,18.0,20.0
2025-05-13,CANOLA,Canola,2025-05,432.62,587.96,1.36,-155.34,-1322.0,-7040.0,-8362.0,-571918.35,-4139204.61,-4711122.96,5.33,-85105.18,-397132.21,5940.78,1564536.63,74801.56,105628.87,229836.96,-229836.96,18.0,21.0
2025-05-14,CANOLA,Canola,2025-05,429.27,577.27,1.36,-148.0,-984.0,-7040.0,-8024.0,-422397.74,-4063949.82,-4486347.57,7.15,79683.48,-317448.73,4314.32,1501518.25,80651.79,113890.11,220093.4,-220093.4,17.0,21.0
2025-05-15,CANOLA,Canola,2025-05,425.65,572.76,1.35,-147.11,-984.0,-7040.0,-8024.0,-418843.54,-4032262.08,-4451105.62,7.15,35241.95,-282206.78,4331.9,1634750.5,80775.36,114064.6,218366.85,-218366.85,17.0,21.0
2025-05-16,CANOLA,Canola,2025-05,428.06,567.86,1.35,-139.81,4278.0,-7420.0,-3142.0,1831232.12,-4213550.88,-2382318.76,1.73,32133.98,-250072.79,20403.92,1554523.41,79305.44,111988.9,137428.26,-137428.26,17.0,22.0
2025-05-19,CANOLA,Canola,2025-05,426.85,574.53,1.35,-147.68,4278.0,-7420.0,-3142.0,1826072.86,-4263034.86,-2436962.0,1.73,-54643.25,-304716.04,20438.46,1415611.93,82029.65,115835.81,140108.83,-140108.83,17.0,22.0
2025-05-20,CANOLA,Canola,2025-05,428.64,577.54,1.35,-148.91,5037.0,-7420.0,-2383.0,2159049.61,-4285372.77,-2126323.16,1.47,-14697.4,-319413.44,23322.37,1576817.42,82157.96,116017.0,127906.65,-127906.65,17.0,22.0
2025-05-21,CANOLA,Canola,2025-05,429.39,577.37,1.35,-147.98,531.0,-7420.0,-6889.0,228005.03,-4284070.56,-4056065.53,13.97,5079.96,-314333.48,2453.88,1675516.77,81843.93,115573.55,205083.33,-205083.33,18.0,22.0
2025-05-22,CANOLA,Canola,2025-05,422.17,567.09,1.35,-144.92,-5164.0,-7420.0,-12584.0,-2180106.54,-4207841.19,-6387947.73,1.44,72398.74,-241934.75,24177.79,1652589.4,86240.44,121781.96,297596.32,-297596.32,17.0,22.0
2025-05-23,CANOLA,Canola,2025-05,428.03,568.86,1.35,-140.84,-5164.0,-7420.0,-12584.0,-2210326.26,-4220963.46,-6431289.72,1.44,-43342.0,-285276.75,25668.09,1668446.25,87794.1,123975.9,299461.22,-299461.22,17.0,22.0
2025-05-26,CANOLA,Canola,2025-05,429.23,574.95,1.35,-145.72,-10861.0,-7420.0,-18281.0,-4661867.03,-4266140.13,-8928007.16,0.68,-51394.13,-336670.87,53675.36,1491176.64,89664.33,126616.9,399781.69,-399781.69,17.0,22.0
2025-05-27,CANOLA,Canola,2025-05,425.63,572.9,1.35,-147.27,-10861.0,-7420.0,-18281.0,-4622810.87,-4250914.29,-8873725.16,0.68,54282.0,-282388.88,50310.96,1611317.85,91580.1,129322.2,397458.15,-397458.15,17.0,22.0
2025-05-28,CANOLA,Canola,2025-05,419.79,562.22,1.35,-142.43,-10861.0,-7420.0,-18281.0,-4559360.91,-4171679.82,-8731040.73,0.68,142684.43,-139704.44,52204.8,1509693.57,103783.62,146555.05,390958.43,-390958.43,17.0,22.0
2025-05-29,CANOLA,Canola,2025-05,422.22,571.23,1.35,-149.01,-10861.0,-7420.0,-18281.0,-4585687.98,-4238493.21,-8824181.19,0.68,-93140.45,-232844.9,50545.77,1568537.77,109812.91,155069.13,395352.18,-395352.18,17.0,22.0
2025-05-30,CANOLA,Canola,2025-05,416.5,551.96,1.34,-135.46,-8824.0,-8320.0,-17144.0,-3675160.7,-4592302.21,-8267462.91,0.94,205079.38,-27765.52,46112.2,1541765.78,132179.51,186653.49,376621.54,-376621.54,16.0,23.0
2025-06-02,CANOLA,Canola,2025-07,419.98,554.95,1.34,-134.97,-63.0,-9440.0,-9503.0,-26458.61,-5238705.34,-5265163.96,149.84,-55586.99,-83352.51,369.11,1223083.39,134372.39,189750.1,262993.61,-262993.61,14.0,18.0
2025-06-03,CANOLA,Canola,2025-07,412.02,560.53,1.35,-148.51,-63.0,-9440.0,-9503.0,-25957.26,-5291436.24,-5317393.5,149.84,-52229.54,-135582.05,355.87,1230599.41,134075.54,189330.91,265610.1,-265610.1,14.0,18.0
2025-06-04,CANOLA,Canola,2025-07,411.12,554.47,1.34,-143.34,-63.0,-9440.0,-9503.0,-25900.69,-5234151.49,-5260052.17,149.84,57341.33,-78240.72,343.18,1300567.66,132893.59,187661.86,262743.6,-262743.6,14.0,18.0
2025-06-05,CANOLA,Canola,2025-07,414.16,559.56,1.34,-145.4,-63.0,-9440.0,-9503.0,-26092.08,-5282219.97,-5308312.05,149.84,-48259.87,-126500.6,340.99,1295657.47,130599.34,184422.1,265154.68,-265154.68,14.0,18.0
2025-06-06,CANOLA,Canola,2025-07,420.41,559.69,1.34,-139.28,-63.0,-9440.0,-9503.0,-26485.96,-5283484.93,-5309970.88,149.84,-1658.84,-128159.43,311.8,1269348.9,127781.39,180442.82,265233.68,-265233.68,14.0,18.0
2025-06-09,CANOLA,Canola,2025-07,415.14,562.46,1.34,-147.32,-63.0,-9440.0,-9503.0,-26154.07,-5309669.6,-5335823.67,149.84,-25852.79,-154012.22,313.08,1187633.32,127669.21,180284.41,266529.64,-266529.64,14.0,18.0
2025-06-10,CANOLA,Canola,2025-07,412.04,555.62,1.34,-143.57,-4412.0,-9440.0,-13852.0,-1817938.13,-5245030.14,-7062968.27,2.14,64834.76,-89177.47,19113.88,1239794.77,123949.02,175031.03,334969.03,-334969.03,13.0,18.0
2025-06-11,CANOLA,Canola,2025-07,412.3,554.71,1.34,-142.41,-2194.0,-9440.0,-11634.0,-904581.81,-5236428.42,-6141010.23,4.3,7481.08,-81696.39,9359.66,1217977.91,121420.03,171459.8,298004.69,-298004.69,12.0,18.0
2025-06-12,CANOLA,Canola,2025-07,416.02,563.08,1.34,-147.06,-2194.0,-9440.0,-11634.0,-912756.66,-5315488.42,-6228245.07,4.3,-87234.84,-168931.23,9355.37,1299116.92,126339.01,178405.99,302284.69,-302284.69,12.0,18.0
2025-06-13,CANOLA,Canola,2025-07,416.48,561.98,1.34,-145.5,-1682.0,-9440.0,-11122.0,-700526.09,-5305115.74,-6005641.83,5.61,9363.43,-159567.8,6982.44,1314610.06,125934.08,177834.19,293276.83,-293276.83,10.0,18.0
2025-06-16,CANOLA,Canola,2025-07,416.73,564.66,1.34,-147.94,-4441.0,-9440.0,-13881.0,-1850680.17,-5330414.94,-7181095.11,2.13,-25706.24,-185274.04,18485.0,1308490.92,124429.53,175709.58,340547.95,-340547.95,9.0,18.0
2025-06-17,CANOLA,Canola,2025-07,416.32,557.13,1.34,-140.81,-4441.0,-9440.0,-13881.0,-1848877.12,-5259324.19,-7108201.31,2.13,72893.8,-112380.24,18178.17,1217522.23,126523.7,178666.8,336921.29,-336921.29,9.0,18.0
2025-06-18,CANOLA,Canola,2025-07,408.95,553.38,1.34,-144.43,-5768.0,-9440.0,-15208.0,-2358823.6,-5223905.31,-7582728.91,1.64,68149.05,-44231.19,22994.51,1117877.02,128274.83,181139.6,355548.21,-355548.21,8.0,18.0
2025-06-19,CANOLA,Canola,2025-07,414.22,557.32,1.34,-143.1,-11580.0,-9440.0,-21020.0,-4796667.6,-5261095.14,-10057762.74,0.82,-67587.18,-111818.38,46095.85,1166709.22,129457.74,182810.03,454921.46,-454921.46,6.0,18.0
2025-06-20,CANOLA,Canola,2025-07,402.24,547.78,1.34,-145.54,-8203.0,-9440.0,-17643.0,-3299591.13,-5171029.98,-8470621.11,1.15,228770.39,116952.01,32320.74,1326839.03,151497.48,213932.81,390535.14,-390535.14,5.0,18.0
2025-06-23,CANOLA,Canola,2025-07,409.46,555.48,1.34,-146.02,-3697.0,-9440.0,-13137.0,-1513773.62,-5243765.18,-6757538.8,2.55,-131944.45,-14992.44,14595.09,1235293.77,159641.32,225432.9,322739.2,-322739.2,4.0,18.0
2025-06-24,CANOLA,Canola,2025-07,406.19,547.59,1.34,-141.41,-3697.0,-9440.0,-13137.0,-1501669.64,-5169259.04,-6670928.68,2.55,86610.12,71617.68,14446.03,1217745.42,161187.79,227616.7,318529.74,-318529.74,4.0,18.0
2025-06-25,CANOLA,Canola,2025-07,413.13,557.56,1.34,-144.43,-3697.0,-9440.0,-13137.0,-1527341.61,-5263372.06,-6790713.67,2.55,-119784.99,-48167.31,14416.54,1337933.45,161115.18,227514.17,324262.27,-324262.27,4.0,18.0
2025-06-26,CANOLA,Canola,2025-07,413.81,557.39,1.35,-143.58,-3697.0,-9440.0,-13137.0,-1529862.96,-5261742.72,-6791605.68,2.55,-892.01,-49059.32,13678.3,1328824.01,156630.76,221181.62,324281.65,-324281.65,4.0,18.0
2025-06-27,CANOLA,Canola,2025-07,408.65,562.17,1.35,-153.52,-3697.0,-9440.0,-13137.0,-1510779.05,-5306856.48,-6817635.53,2.55,-26029.85,-75089.17,14177.29,1266051.71,137221.82,193773.84,325773.99,-325773.99,4.0,18.0
2025-06-30,CANOLA,Canola,2025-07,419.99,570.78,1.35,-150.79,-2700.0,-9440.0,-12140.0,-1133962.2,-5388163.2,-6522125.4,3.5,-123215.91,-198305.08,9159.01,1249974.5,143121.95,202105.54,314766.65,-314766.65,3.0,18.0
2025-01-02,CORN,Corn,2025-03,257.47,249.33,1.36,8.14,5150.0,4699.37,9849.37,1325970.5,1171688.28,2497658.78,0.91,0.0,0.0,0.0,88078.62,0.0,0.0,-111623.23,111623.23,1.0,1.0
2025-01-03,CORN,Corn,2025-03,260.47,252.78,1.36,7.68,7051.0,4699.37,11750.37,1836545.77,1187921.79,3024467.55,0.67,31662.9,31662.9,0.0,92093.15,0.0,0.0,-132857.92,132857.92,2.0,1.0
2025-01-06,CORN,Corn,2025-03,260.56,257.05,1.36,3.5,1551.0,4699.37,6250.37,404122.36,1207989.98,1612112.33,3.03,20702.78,52365.68,0.0,92015.15,0.0,0.0,-76564.39,76564.39,3.0,1.0
2025-01-07,CORN,Corn,2025-03,264.59,255.37,1.36,9.23,1551.0,4699.37,6250.37,410385.29,1200064.96,1610450.25,3.03,-1662.08,50703.6,0.0,97641.43,0.0,0.0,-76418.66,76418.66,3.0,1.0
2025-01-08,CORN,Corn,2025-03,266.01,258.11,1.36,7.9,11207.0,-3302.26,7904.74,2981196.48,-852360.86,2128835.63,0.29,15109.43,65813.03,24645.92,238255.68,23275.1,32867.27,-76629.82,76629.82,5.0,2.0
2025-01-09,CORN,Corn,2025-03,265.68,256.77,1.35,8.91,11207.0,-3302.26,7904.74,2977430.93,-847921.3,2129509.63,0.29,674.01,66487.04,23250.62,251795.25,22453.36,31706.87,-76701.17,76701.17,5.0,2.0
2025-01-10,CORN,Corn,2025-03,262.52,254.66,1.35,7.86,11207.0,-3302.26,7904.74,2942084.05,-840966.74,2101117.31,0.29,-28392.32,38094.72,21262.45,254299.5,32033.41,45235.06,-75635.03,75635.03,5.0,2.0
2025-01-13,CORN,Corn,2025-03,270.38,259.28,1.35,11.1,7224.0,-3302.26,3921.74,1953239.57,-856213.28,1097026.29,0.46,72840.49,110935.2,15520.01,249848.55,49248.68,69545.1,-35318.92,35318.92,6.0,2.0
2025-01-14,CORN,Corn,2025-03,266.62,256.7,1.35,9.92,7224.0,-12192.96,-4968.96,1926091.78,-3129963.31,-1203871.54,1.69,-18632.91,92302.29,15208.55,397220.9,49414.22,69778.87,79454.49,-79454.49,6.0,3.0
2025-01-15,CORN,Corn,2025-03,259.42,250.14,1.35,9.28,7224.0,-12192.96,-4968.96,1874035.63,-3049965.3,-1175929.67,1.69,27941.87,120244.16,14529.76,436362.12,47493.33,67066.34,77536.84,-77536.84,6.0,3.0
2025-01-16,CORN,Corn,2025-03,253.53,247.04,1.35,6.5,2666.0,-12192.96,-9526.96,675921.64,-3012106.16,-2336184.52,4.57,-4646.88,115597.28,5300.79,433413.05,45813.13,64693.7,123568.44,-123568.44,7.0,3.0
2025-01-17,CORN,Corn,2025-03,257.28,245.66,1.36,11.62,-3352.0,-5207.41,-8559.41,-862402.56,-1279235.68,-2141638.24,1.55,26809.46,142406.74,7173.79,564010.02,44365.78,62649.86,98457.89,-98457.89,8.0,4.0
2025-01-20,CORN,Corn,2025-03,254.62,246.89,1.36,7.73,-3352.0,-1016.08,-4368.08,-853499.65,-250864.46,-1104364.11,0.3,2458.22,144864.97,6902.74,824313.87,42694.68,60290.06,46683.21,-46683.21,8.0,6.0
2025-01-21,CORN,Corn,2025-03,255.15,248.68,1.36,6.47,-3352.0,-1016.08,-4368.08,-855249.39,-252674.71,-1107924.1,0.3,-3559.99,141304.97,6856.48,825027.03,41529.01,58644.0,46843.71,-46843.71,8.0,6.0
2025-01-22,CORN,Corn,2025-03,254.36,246.7,1.36,7.65,-3352.0,-1016.08,-4368.08,-852601.31,-250671.0,-1103272.31,0.3,4651.79,145956.76,6628.96,815056.46,40085.45,56605.51,46637.6,-46637.6,8.0,6.0
2025-01-23,CORN,Corn,2025-03,259.23,251.41,1.36,7.82,-3352.0,-1016.08,-4368.08,-868938.96,-255452.27,-1124391.23,0.3,-21118.91,124837.85,6413.48,838590.63,40763.4,57562.87,47530.17,-47530.17,8.0,6.0
2025-01-24,CORN,Corn,2025-03,255.81,249.87,1.36,5.93,-3352.0,2032.16,-1319.84,-857461.71,507781.51,-349680.2,0.61,13038.76,137876.61,6479.05,877474.61,39524.58,55813.5,8909.39,-8909.39,8.0,7.0
2025-01-27,CORN,Corn,2025-03,258.91,250.85,1.36,8.06,-3352.0,2032.16,-1319.84,-867866.32,509771.4,-358094.92,0.61,-8414.72,129461.89,6285.61,846640.5,38879.33,54902.33,9226.08,-9226.08,8.0,7.0
2025-01-28,CORN,Corn,2025-03,253.93,251.87,1.36,2.06,-3352.0,2032.16,-1319.84,-851186.77,511844.2,-339342.56,0.61,18752.36,148214.25,7659.94,839624.56,38036.47,53712.1,8455.26,-8455.26,8.0,7.0
2025-01-29,CORN,Corn,2025-03,257.77,247.82,1.36,9.95,-3352.0,-1016.08,-4368.08,-864051.74,-251804.13,-1115855.88,0.3,-21100.91,127113.33,7635.33,907003.99,38527.04,54404.85,47152.28,-47152.28,8.0,8.0
2025-01-30,CORN,Corn,2025-03,259.14,249.9,1.36,9.24,-3352.0,-1016.08,-4368.08,-868623.87,-253918.39,-1122542.26,0.3,-6686.39,120426.95,7702.5,943443.12,38763.35,54738.55,47440.87,-47440.87,8.0,8.0
2025-01-31,CORN,Corn,2025-03,253.34,244.17,1.36,9.16,-3352.0,-1016.08,-4368.08,-849182.27,-248100.72,-1097283.0,0.3,25259.27,145686.21,7755.1,934128.13,38224.64,53977.83,46372.33,-46372.33,8.0,8.0
2025-02-03,CORN,Corn,2025-03,252.95,250.59,1.36,2.35,-4783.0,-10160.8,-14943.8,-1209850.28,-2546231.45,-3756081.73,2.12,-5221.84,140464.37,11678.09,1120962.32,37962.58,53607.76,175705.58,-175705.58,9.0,9.0
2025-02-04,CORN,Corn,2025-03,254.69,245.34,1.36,9.35,-4783.0,-10160.8,-14943.8,-1218182.27,-2492891.32,-3711073.59,2.12,45008.15,185472.52,11694.63,1133656.89,40700.22,57473.65,173371.86,-173371.86,9.0,9.0
2025-02-05,CORN,Corn,2025-03,256.63,253.0,1.36,3.63,-4783.0,-10922.86,-15705.86,-1227480.42,-2763492.32,-3990972.74,2.28,-87097.37,98375.15,12571.01,1097821.65,53228.87,75165.61,187273.83,-187273.83,9.0,10.0
2025-02-06,CORN,Corn,2025-03,258.82,250.43,1.36,8.39,-7482.0,-10922.86,-18404.86,-1936521.17,-2735416.2,-4671937.37,1.46,17601.35,115976.5,19592.96,1192099.57,53550.8,75620.22,214231.66,-214231.66,10.0,10.0
2025-02-07,CORN,Corn,2025-03,260.79,256.13,1.36,4.67,-7482.0,-4953.39,-12435.39,-1951260.71,-1268705.84,-3219966.54,0.66,-76982.37,38994.14,20236.6,1339243.9,60157.25,84949.33,141485.72,-141485.72,10.0,13.0
2025-02-10,CORN,Corn,2025-03,260.76,254.22,1.36,6.53,-7482.0,-4953.39,-12435.39,-1950976.39,-1259274.58,-3210250.97,0.66,9715.57,48709.71,19292.45,1330271.58,53333.19,75312.93,141002.78,-141002.78,10.0,13.0
2025-02-11,CORN,Corn,2025-03,260.52,252.12,1.36,8.41,-7482.0,-4953.39,-12435.39,-1949225.6,-1248832.84,-3198058.44,0.66,12192.53,60902.24,18850.8,1379863.74,53260.3,75210.0,140410.67,-140410.67,10.0,13.0
2025-02-12,CORN,Corn,2025-03,258.48,251.42,1.36,7.06,-7482.0,-4953.39,-12435.39,-1933962.32,-1245397.16,-3179359.49,0.66,18698.95,79601.19,18506.93,1254296.46,52631.9,74322.62,139628.35,-139628.35,10.0,13.0
2025-02-13,CORN,Corn,2025-03,258.86,255.19,1.37,3.67,-7482.0,-4953.39,-12435.39,-1936760.59,-1264055.1,-3200815.69,0.66,-21456.2,58144.99,19377.44,1320574.84,53114.74,75004.44,140673.18,-140673.18,10.0,13.0
2025-02-14,CORN,Corn,2025-03,261.26,256.26,1.37,5.0,-7482.0,-4953.39,-12435.39,-1954732.36,-1269348.29,-3224080.65,0.66,-23264.96,34880.03,17814.47,1417215.57,52312.1,73871.02,141656.71,-141656.71,10.0,13.0
2025-02-17,CORN,Corn,2025-03,261.32,251.19,1.36,10.13,-3942.0,-4953.39,-8895.39,-1030123.44,-1244251.94,-2274375.38,1.26,24632.47,59512.5,9837.33,1259666.31,53416.04,75429.93,103417.53,-103417.53,11.0,13.0
2025-02-18,CORN,Corn,2025-03,256.31,251.06,1.36,5.25,2266.0,-7112.56,-4846.56,580798.46,-1785650.86,-1204852.4,3.14,20423.08,79935.58,5705.98,1457740.34,54188.88,76521.27,66050.6,-66050.6,13.0,14.0
2025-02-19,CORN,Corn,2025-03,255.78,250.58,1.36,5.2,2266.0,-7112.56,-4846.56,579602.01,-1782265.28,-1202663.27,3.14,2189.13,82124.71,5732.3,1479701.76,54146.21,76461.01,65929.18,-65929.18,13.0,14.0
2025-02-20,CORN,Corn,2025-03,265.93,256.89,1.37,9.04,7766.0,-7112.56,653.44,2065212.38,-1827136.29,238076.09,0.92,-21875.64,60249.07,19998.97,1384848.06,54182.82,76512.7,8748.32,-8748.32,12.0,14.0
2025-02-21,CORN,Corn,2025-03,263.93,254.87,1.37,9.05,7766.0,-7112.56,653.44,2049649.32,-1812812.31,236837.01,0.92,-1239.08,59009.99,20371.69,1422026.71,53823.44,76005.22,8654.64,-8654.64,12.0,14.0
2025-02-24,CORN,Corn,2025-03,265.9,257.19,1.36,8.71,7766.0,-7112.56,653.44,2064979.4,-1829276.46,235702.94,0.92,-1134.07,57875.92,20529.44,1457817.86,53803.8,75977.48,8864.65,-8864.65,12.0,14.0
2025-02-25,CORN,Corn,2025-03,261.89,258.06,1.36,3.83,7766.0,-7112.56,653.44,2033837.74,-1835467.23,198370.51,0.92,-37332.43,20543.49,19422.3,1369305.53,54443.55,76880.89,10419.85,-10419.85,12.0,14.0
2025-02-26,CORN,Corn,2025-03,266.02,259.88,1.36,6.14,10330.0,-7112.56,3217.44,2747986.6,-1848429.16,899557.44,0.69,19111.65,39655.14,24811.23,1443794.5,54905.53,77533.26,-17498.01,17498.01,11.0,14.0
2025-02-27,CORN,Corn,2025-03,264.23,259.22,1.37,5.01,10330.0,-7112.56,3217.44,2729454.58,-1843701.44,885753.14,0.69,-13804.3,25850.84,24340.16,1367886.91,55011.2,77682.49,-16993.11,16993.11,11.0,14.0
2025-02-28,CORN,Corn,2025-03,267.79,257.14,1.37,10.66,10330.0,-7112.56,3217.44,2766312.02,-1828890.25,937421.77,0.69,51668.63,77519.48,25469.08,1378764.85,57863.07,81709.66,-19207.97,19207.97,11.0,14.0
2025-03-03,CORN,Corn,2025-03,263.42,257.0,1.37,6.42,14888.0,-7112.56,7775.44,3921826.74,-1827915.83,2093910.91,0.48,-44188.34,33331.14,33577.91,1360679.2,59791.94,84433.47,-65477.28,65477.28,10.0,14.0
2025-03-04,CORN,Corn,2025-03,267.83,261.27,1.37,6.55,14888.0,-14352.13,535.87,3987393.49,-3749819.76,237573.73,0.96,35164.83,68495.96,32380.33,1567373.28,58704.28,82897.55,27995.25,-27995.25,10.0,15.0
2025-03-05,CORN,Corn,2025-03,268.7,260.0,1.37,8.7,9738.0,-14352.13,-4614.13,2616600.6,-3731533.71,-1114933.11,1.47,31298.16,99794.12,20416.91,1617796.0,50966.54,71970.94,81912.66,-81912.66,9.0,15.0
2025-03-06,CORN,Corn,2025-03,274.98,263.92,1.37,11.06,9738.0,-14352.13,-4614.13,2677755.24,-3787768.22,-1110012.98,1.47,4920.12,104714.25,22133.32,1534791.79,50554.63,71389.27,82278.2,-82278.2,9.0,15.0
2025-03-07,CORN,Corn,2025-03,273.32,264.6,1.37,8.72,10648.0,-14733.16,-4085.16,2910332.66,-3898420.66,-988088.0,1.38,-25976.81,78737.43,23734.07,1474580.46,42342.41,59792.62,78507.73,-78507.73,10.0,16.0
2025-03-10,CORN,Corn,2025-03,275.56,267.97,1.37,7.59,10648.0,-14733.16,-4085.16,2934141.58,-3948074.35,-1013932.77,1.38,-25844.77,52892.67,23674.33,1486301.36,43431.05,61329.91,80038.05,-80038.05,10.0,16.0
2025-03-11,CORN,Corn,2025-03,277.87,269.84,1.37,8.03,10648.0,-14733.16,-4085.16,2958717.17,-3975525.18,-1016808.01,1.38,-2875.24,50017.43,23587.59,1578100.67,43190.46,60990.17,80427.57,-80427.57,10.0,16.0
2025-03-12,CORN,Corn,2025-03,281.7,275.51,1.37,6.19,10648.0,-14733.16,-4085.16,2999541.6,-4059088.71,-1059547.11,1.38,-42739.1,7278.32,23728.16,1668182.42,45171.08,63787.04,82972.77,-82972.77,10.0,16.0
2025-03-13,CORN,Corn,2025-03,280.22,274.95,1.37,5.27,10648.0,-14733.16,-4085.16,2983782.56,-4050813.1,-1067030.54,1.38,-7483.42,-205.1,22559.48,1578048.88,44671.76,63081.94,83189.35,-83189.35,10.0,16.0
2025-03-14,CORN,Corn,2025-03,279.3,272.89,1.37,6.41,16666.0,-14733.16,1932.84,4654813.8,-4020536.45,634277.35,0.88,20480.48,20275.38,34327.29,1529534.03,44732.28,63167.41,14834.27,-14834.27,9.0,16.0
2025-03-17,CORN,Corn,2025-03,274.38,269.55,1.37,4.83,12402.0,-14733.16,-2331.16,3402811.15,-3971286.45,-568475.29,1.19,-32813.38,-12538.0,25186.32,1601197.23,45084.95,63665.42,62451.88,-62451.88,8.0,16.0
2025-03-18,CORN,Corn,2025-03,282.21,275.64,1.37,6.56,12402.0,-14733.16,-2331.16,3499918.81,-4061107.16,-561188.34,1.19,7286.95,-5251.05,24651.52,1538700.16,44336.18,62608.06,63058.61,-63058.61,8.0,16.0
2025-03-19,CORN,Corn,2025-03,284.22,276.93,1.37,7.29,12402.0,-14733.16,-2331.16,3524871.64,-4080080.52,-555208.88,1.19,5979.46,728.42,23952.17,1530069.16,44437.11,62750.59,63009.16,-63009.16,8.0,16.0
2025-03-20,CORN,Corn,2025-03,281.28,276.67,1.37,4.61,12402.0,-14733.16,-2331.16,3488484.17,-4076245.48,-587761.31,1.19,-32552.43,-31824.01,24493.72,1494017.47,45217.87,63853.11,64272.91,-64272.91,8.0,16.0
2025-03-21,CORN,Corn,2025-03,284.47,278.36,1.37,6.11,7010.0,-23877.88,-16867.88,1994106.66,-6646565.49,-4652458.83,3.41,14636.32,-17187.7,13526.75,1828662.05,45763.2,64623.18,252564.01,-252564.01,7.0,17.0
2025-03-24,CORN,Corn,2025-03,290.14,281.48,1.37,8.66,4623.0,-23877.88,-19254.88,1341307.97,-6721150.44,-5379842.46,5.17,-34824.23,-52011.92,8909.09,1555306.69,47148.08,66578.8,282405.2,-282405.2,7.0,17.0
2025-03-25,CORN,Corn,2025-03,291.23,286.88,1.37,4.35,4623.0,-23877.88,-19254.88,1346365.54,-6850038.46,-5503672.92,5.17,-123830.46,-175842.38,8718.26,1786383.96,63487.27,89651.72,288647.3,-288647.3,7.0,17.0
2025-03-26,CORN,Corn,2025-03,287.99,281.22,1.37,6.77,4623.0,-31879.51,-27256.51,1331387.02,-8965152.61,-7633765.6,6.9,120124.91,-55717.47,8675.63,1851495.61,79101.9,111701.47,395002.15,-395002.15,7.0,18.0
2025-03-27,CORN,Corn,2025-03,289.38,281.47,1.37,7.92,4623.0,-31879.51,-27256.51,1337812.99,-8973014.1,-7635201.12,6.9,-1435.52,-57152.98,8446.03,1855530.6,79031.05,111601.43,395138.19,-395138.19,7.0,18.0
2025-03-28,CORN,Corn,2025-03,288.45,279.44,1.37,9.01,-3151.0,-31879.51,-35030.51,-908893.35,-8908375.21,-9817268.55,10.12,60311.77,3158.78,5330.38,2014194.89,79964.6,112919.7,481774.49,-481774.49,9.0,18.0
2025-03-31,CORN,Corn,2025-03,283.15,274.63,1.37,8.52,-3151.0,-31879.51,-35030.51,-892218.25,-8755076.21,-9647294.46,10.12,169974.09,173132.87,5405.66,1832599.27,100766.77,142294.89,473442.54,-473442.54,9.0,18.0
2025-04-01,CORN,Corn,2025-05,283.88,283.32,1.37,0.57,-3633.0,-27053.13,-30686.13,-1031343.31,-7664584.58,-8695927.89,7.45,-279192.98,-106060.1,8217.81,1403371.01,145147.21,204965.45,424482.96,-424482.96,8.0,16.0
2025-04-02,CORN,Corn,2025-05,282.94,279.96,1.37,2.98,-3633.0,-24131.9,-27764.9,-1027913.75,-6755954.66,-7783868.41,6.64,94233.38,-11826.72,8631.04,1491506.51,149428.2,211010.73,378914.28,-378914.28,8.0,17.0
2025-04-03,CORN,Corn,2025-05,288.09,282.96,1.37,5.13,-3633.0,-24131.9,-27764.9,-1046638.24,-6828357.6,-7874995.83,6.64,-91127.42,-102954.14,7791.38,1524150.21,152628.67,215530.18,383283.41,-383283.41,8.0,17.0
2025-04-04,CORN,Corn,2025-05,291.96,285.03,1.37,6.93,-3633.0,-24131.9,-27764.9,-1060676.15,-6878279.26,-7938955.41,6.64,-63959.57,-166913.71,7532.52,1472831.54,153823.38,217217.25,386341.01,-386341.01,8.0,17.0
2025-04-07,CORN,Corn,2025-05,288.3,287.55,1.37,0.75,-934.0,-24131.9,-25065.9,-269275.94,-6939110.95,-7208386.89,25.84,-47563.98,-214477.69,2215.31,1404936.97,154305.73,217898.4,357726.59,-357726.59,7.0,17.0
2025-04-08,CORN,Corn,2025-05,292.05,286.12,1.37,5.93,-1844.0,-30482.4,-32326.4,-538543.89,-8721761.46,-9260305.35,16.53,30882.5,-183595.19,4270.33,1566440.0,155135.1,219069.57,457629.83,-457629.83,6.0,18.0
2025-04-09,CORN,Corn,2025-05,288.75,285.8,1.37,2.96,-1844.0,-30482.4,-32326.4,-532458.69,-8711738.85,-9244197.53,16.53,16107.81,-167487.38,4414.93,1705796.7,154966.18,218831.03,456885.29,-456885.29,6.0,18.0
2025-04-10,CORN,Corn,2025-05,292.52,290.77,1.37,1.75,-1844.0,-38103.0,-39947.0,-539406.88,-11079163.59,-11618570.47,20.66,-158540.22,-326027.59,4688.78,1775880.09,164518.43,232319.97,575534.45,-575534.45,6.0,19.0
2025-04-11,CORN,Corn,2025-05,291.96,285.4,1.36,6.56,-1844.0,-38103.0,-39947.0,-538366.86,-10874443.79,-11412810.65,20.66,205759.81,-120267.78,4694.97,1789380.07,183553.1,259199.23,565256.86,-565256.86,6.0,19.0
2025-04-14,CORN,Corn,2025-05,288.92,283.97,1.36,4.95,-2942.0,-38103.0,-41045.0,-849996.76,-10820032.7,-11670029.46,12.95,60013.16,-60254.62,7486.69,1739286.65,184874.9,261065.77,575001.51,-575001.51,4.0,19.0
2025-04-15,CORN,Corn,2025-05,290.49,286.43,1.36,4.06,-2942.0,-38103.0,-41045.0,-854621.58,-10913827.05,-11768448.63,12.95,-98419.17,-158673.79,7493.0,1711300.73,188166.79,265714.32,579876.22,-579876.22,4.0,19.0
2025-04-16,CORN,Corn,2025-05,289.72,285.48,1.36,4.24,-2942.0,-38103.0,-41045.0,-852344.47,-10877552.99,-11729897.46,12.95,38551.16,-120122.63,7390.7,1875613.02,188887.74,266732.39,577971.43,-577971.43,4.0,19.0
2025-04-17,CORN,Corn,2025-05,287.72,283.29,1.37,4.43,-4282.0,-38103.0,-42385.0,-1231999.91,-10794145.53,-12026145.44,8.9,89291.47,-30831.16,10767.14,1757259.41,191764.99,270795.41,588987.27,-588987.27,7.0,19.0
2025-04-18,CORN,Corn,2025-05,283.9,280.76,1.36,3.14,-10483.0,-38103.0,-48586.0,-2976123.7,-10697737.32,-13673861.02,3.63,112748.32,81917.16,26637.38,1726494.76,196199.59,277057.6,653931.81,-653931.81,8.0,19.0
2025-04-21,CORN,Corn,2025-05,285.87,280.69,1.36,5.18,-10483.0,-38103.0,-48586.0,-2996817.14,-10695146.31,-13691963.45,3.63,-18102.44,63814.72,25061.32,1834727.8,195810.4,276508.02,654630.0,-654630.0,8.0,19.0
2025-04-22,CORN,Corn,2025-05,288.73,285.49,1.37,3.24,-11775.0,-38103.0,-49878.0,-3399819.3,-10878189.31,-14278008.61,3.24,-213003.42,-149188.69,28432.99,1719427.84,206728.45,291925.63,679902.24,-679902.24,7.0,19.0
2025-04-23,CORN,Corn,2025-05,289.27,283.99,1.37,5.28,-12159.0,-40897.22,-53056.22,-3517209.61,-11614291.09,-15131500.7,3.36,51109.82,-98078.87,28836.55,1781429.08,202572.26,286056.59,721402.94,-721402.94,8.0,20.0
2025-04-24,CORN,Corn,2025-05,287.91,286.28,1.37,1.63,-12159.0,-40897.22,-53056.22,-3500673.37,-11707859.83,-15208533.21,3.36,-77032.51,-175111.38,28400.59,1825590.21,204447.24,288704.29,725419.93,-725419.93,8.0,20.0
2025-04-25,CORN,Corn,2025-05,287.3,285.07,1.37,2.23,-12159.0,-40897.22,-53056.22,-3493329.34,-11658554.15,-15151883.48,3.36,56649.72,-118461.66,25613.75,1824860.28,204281.71,288470.53,722660.88,-722660.88,8.0,20.0
2025-04-28,CORN,Corn,2025-05,284.7,283.19,1.36,1.51,-15699.0,-40897.22,-56596.22,-4469568.1,-11581798.24,-16051366.34,2.61,108369.3,-10092.36,29680.15,1830329.62,197836.91,279369.69,757872.64,-757872.64,7.0,20.0
2025-04-29,CORN,Corn,2025-05,283.13,282.09,1.36,1.04,-15699.0,-40897.22,-56596.22,-4444889.27,-11536745.87,-15981635.13,2.61,69731.21,59638.85,29076.16,1963083.84,169442.5,239273.35,754632.86,-754632.86,7.0,20.0
2025-04-30,CORN,Corn,2025-05,280.81,277.4,1.36,3.41,-16386.0,-40897.22,-57283.22,-4601352.66,-11344856.11,-15946208.77,2.5,228342.83,287981.68,30245.21,1835884.94,185640.16,262146.4,751296.91,-751296.91,8.0,20.0
2025-05-01,CORN,Corn,2025-05,282.52,280.3,1.36,2.22,-11749.0,-40897.22,-52646.22,-3319327.48,-11463327.18,-14782654.66,3.48,-146491.13,141490.56,21654.23,1639204.19,191215.02,270018.78,705939.46,-705939.46,9.0,20.0
2025-05-02,CORN,Corn,2025-05,283.69,277.06,1.36,6.63,-11749.0,-40897.22,-52646.22,-3333026.81,-11330951.06,-14663977.87,3.48,118676.79,260167.35,21327.7,1835160.34,192656.27,272054.01,699868.63,-699868.63,9.0,20.0
2025-05-05,CORN,Corn,2025-05,285.51,281.56,1.36,3.95,-11603.0,-40897.22,-52500.22,-3312818.94,-11515053.98,-14827872.92,3.52,-205580.1,54587.25,19633.06,1814267.47,208892.91,294982.11,708265.46,-708265.46,9.0,20.0
2025-05-06,CORN,Corn,2025-05,280.76,276.61,1.36,4.15,-11603.0,-40897.22,-52500.22,-3257611.87,-11312596.38,-14570208.25,3.52,257664.67,312251.92,18735.57,1814670.03,227530.04,321300.0,695934.29,-695934.29,9.0,20.0
2025-05-07,CORN,Corn,2025-05,280.05,276.72,1.36,3.33,-11603.0,-40897.22,-52500.22,-3249420.15,-11317046.0,-14566466.15,3.52,3742.1,315994.02,18665.45,1829343.34,227643.39,321460.06,695829.11,-695829.11,9.0,20.0
2025-05-08,CORN,Corn,2025-05,283.3,280.49,1.36,2.82,-9719.0,-40897.22,-50616.22,-2753431.58,-11471114.01,-14224545.58,4.21,-191824.17,124169.85,15156.27,1809446.82,231765.25,327280.62,683692.96,-683692.96,11.0,20.0
2025-05-09,CORN,Corn,2025-05,287.9,282.35,1.36,5.55,-9719.0,-40897.22,-50616.22,-2798100.1,-11547313.71,-14345413.81,4.21,-120868.22,3301.63,14346.44,1807705.74,226019.22,319166.53,689289.69,-689289.69,11.0,20.0
2025-05-12,CORN,Corn,2025-05,286.05,281.72,1.36,4.32,-7189.0,-36959.91,-44148.91,-2056399.07,-10412493.68,-12468892.76,5.14,43584.89,46886.52,10449.71,1933691.44,225539.29,318488.82,602880.65,-602880.65,12.0,21.0
2025-05-13,CORN,Corn,2025-05,287.78,282.8,1.36,4.98,-7189.0,-36959.91,-44148.91,-2068821.66,-10452203.41,-12521025.08,5.14,-52132.32,-5245.8,10657.15,1846482.7,223121.13,315074.09,605363.04,-605363.04,12.0,21.0
2025-05-14,CORN,Corn,2025-05,283.26,279.26,1.36,4.0,-7189.0,-36959.91,-44148.91,-2036356.14,-10321513.17,-12357869.31,5.14,163155.77,157909.96,10628.86,1815864.75,230215.65,325092.41,597529.9,-597529.9,12.0,21.0
2025-05-15,CORN,Corn,2025-05,282.17,278.52,1.35,3.65,-7189.0,-36959.91,-44148.91,-2028491.37,-10294018.69,-12322510.07,5.14,35359.24,193269.21,10547.82,2100133.45,228538.79,322724.47,595840.59,-595840.59,12.0,21.0
2025-05-16,CORN,Corn,2025-05,285.77,281.48,1.35,4.29,-6598.0,-36959.91,-43557.91,-1885484.07,-10403290.67,-12288774.74,5.6,-135152.37,58116.83,9700.84,1819884.59,231044.48,326262.82,595583.9,-595583.9,13.0,21.0
2025-05-19,CORN,Corn,2025-05,285.17,280.54,1.35,4.62,-6598.0,-36959.91,-43557.91,-1881538.46,-10368862.51,-12250400.98,5.6,38373.76,96490.59,9534.73,1881034.53,231391.46,326752.79,593704.66,-593704.66,13.0,21.0
2025-05-20,CORN,Corn,2025-05,283.02,277.83,1.35,5.19,-6598.0,-36959.91,-43557.91,-1867352.76,-10268571.8,-12135924.56,5.6,114476.42,210967.01,9775.92,1761440.86,219082.21,309370.64,588122.7,-588122.7,13.0,21.0
2025-05-21,CORN,Corn,2025-05,280.91,277.33,1.35,3.58,-6598.0,-36959.91,-43557.91,-1853430.98,-10250110.32,-12103541.3,5.6,32383.26,243350.26,9479.53,1882262.73,218785.52,308951.68,586642.76,-586642.76,13.0,21.0
2025-05-22,CORN,Corn,2025-05,280.54,278.34,1.35,2.2,-12633.0,-36959.91,-49592.91,-3544061.82,-10287532.23,-13831594.05,2.93,-34993.84,208356.42,17686.15,1803595.29,216734.78,306055.78,656139.08,-656139.08,13.0,21.0
2025-05-23,CORN,Corn,2025-05,277.33,279.3,1.35,-1.97,-12633.0,-36959.91,-49592.91,-3503535.16,-10322958.3,-13826493.46,2.93,5100.59,213457.01,23583.09,1840368.52,216291.6,305429.96,656289.32,-656289.32,13.0,21.0
2025-05-26,CORN,Corn,2025-05,279.3,279.1,1.35,0.2,-7896.0,-37340.94,-45236.94,-2205368.59,-10421819.01,-12627187.61,4.73,-17402.63,196054.38,15474.24,1959438.28,213605.99,301637.55,609305.69,-609305.69,16.0,22.0
2025-05-27,CORN,Corn,2025-05,283.58,280.46,1.35,3.11,-7896.0,-38230.01,-46126.01,-2239116.1,-10722084.18,-12961200.28,4.84,-84661.88,111392.5,14854.13,1933656.81,215042.1,303665.51,625668.85,-625668.85,16.0,23.0
2025-05-28,CORN,Corn,2025-05,287.62,285.35,1.35,2.27,-7896.0,-38230.01,-46126.01,-2271031.73,-10908914.24,-13179945.97,4.84,-218745.69,-107353.19,15015.6,1940984.55,211015.97,297980.12,636286.98,-636286.98,16.0,23.0
2025-05-29,CORN,Corn,2025-05,289.66,285.75,1.35,3.9,-13586.0,-47374.73,-60960.73,-3935293.59,-13537542.28,-17472835.87,3.49,-31590.99,-138944.18,25561.42,1925932.83,205309.74,289922.25,834288.86,-834288.86,16.0,24.0
2025-05-30,CORN,Corn,2025-05,291.7,286.16,1.34,5.54,-13586.0,-47374.73,-60960.73,-3962981.86,-13556610.61,-17519592.47,3.49,-46756.6,-185700.78,24475.14,2208611.83,198963.28,280960.27,836349.8,-836349.8,16.0,24.0
2025-06-02,CORN,Corn,2025-07,286.16,287.18,1.34,-1.02,-9964.0,-15876.25,-25840.25,-2851278.31,-4559268.44,-7410546.76,1.59,26992.84,-158707.94,20505.63,1012977.53,186368.62,263175.08,342014.55,-342014.55,15.0,13.0
2025-06-03,CORN,Corn,2025-07,285.01,285.51,1.35,-0.51,-3763.0,-15876.25,-19639.25,-1072477.58,-4532851.95,-5605329.53,4.22,37895.02,-120812.91,8305.33,1137154.22,156231.14,220617.31,269541.7,-269541.7,14.0,13.0
2025-06-04,CORN,Corn,2025-07,283.86,284.13,1.34,-0.28,-457.0,-15876.25,-16333.25,-129722.19,-4510976.07,-4640698.26,34.74,26203.33,-94609.58,1061.76,1107155.64,156972.34,221663.96,230737.69,-230737.69,13.0,13.0
2025-06-05,CORN,Corn,2025-07,283.51,282.5,1.34,1.01,-457.0,-15876.25,-16333.25,-129564.98,-4485021.57,-4614586.56,34.74,26111.7,-68497.88,1077.74,1088257.38,142854.49,201727.85,229433.68,-229433.68,13.0,13.0
2025-06-06,CORN,Corn,2025-07,282.02,282.36,1.34,-0.34,-457.0,-15876.25,-16333.25,-128883.14,-4482894.16,-4611777.3,34.74,2809.26,-65688.62,1076.66,1027313.73,136187.56,192313.34,229300.03,-229300.03,13.0,13.0
2025-06-09,CORN,Corn,2025-07,280.44,281.32,1.34,-0.88,-73.0,-15876.25,-15949.25,-20471.83,-4466300.3,-4486772.13,217.48,17317.74,-48370.87,176.9,1070139.16,135229.13,190959.92,224133.89,-224133.89,12.0,13.0
2025-06-10,CORN,Corn,2025-07,278.11,277.73,1.34,0.38,-73.0,-15876.25,-15949.25,-20302.18,-4409285.51,-4429587.69,217.48,57184.44,8813.57,172.34,1043653.22,135755.83,191703.69,221276.36,-221276.36,12.0,13.0
2025-06-11,CORN,Corn,2025-07,276.67,276.08,1.34,0.59,-73.0,-15876.25,-15949.25,-20196.91,-4383118.28,-4403315.19,217.48,26272.5,35086.07,169.93,1064927.06,120861.69,170671.36,219963.79,-219963.79,12.0,13.0
2025-06-12,CORN,Corn,2025-07,273.51,274.75,1.34,-1.24,-73.0,-15876.25,-15949.25,-19966.23,-4362056.84,-4382023.07,217.48,21292.11,56378.18,173.54,1053060.99,120279.6,169849.38,218901.49,-218901.49,12.0,13.0
2025-06-13,CORN,Corn,2025-07,279.64,279.52,1.34,0.11,-73.0,-15876.25,-15949.25,-20413.43,-4437792.91,-4458206.33,217.48,-76183.26,-19805.08,168.24,976953.83,113014.27,159589.85,222706.18,-222706.18,12.0,13.0
2025-06-16,CORN,Corn,2025-07,278.36,278.24,1.34,0.13,-6812.0,-15876.25,-22688.25,-1896215.57,-4417369.7,-6313585.26,2.33,20516.06,710.99,14862.19,1111422.22,112246.66,158505.89,296717.11,-296717.11,9.0,13.0
2025-06-17,CORN,Corn,2025-07,282.82,284.39,1.34,-1.57,-6309.0,-15876.25,-22185.25,-1784286.14,-4515018.16,-6299304.3,2.52,-127975.49,-127264.5,12829.37,1060240.91,110970.21,156703.38,297122.35,-297122.35,8.0,13.0
2025-06-18,CORN,Corn,2025-07,286.02,286.57,1.34,-0.55,-6309.0,-15876.25,-22185.25,-1804525.42,-4549695.07,-6354220.48,2.52,-54916.18,-182180.68,12238.34,1043062.28,110084.31,155452.39,299665.77,-299665.77,8.0,13.0
2025-06-19,CORN,Corn,2025-07,287.08,283.95,1.34,3.13,-6309.0,-15876.25,-22185.25,-1811187.72,-4507997.68,-6319185.4,2.52,35035.08,-147145.6,12568.74,1039853.48,111851.82,157948.32,297847.39,-297847.39,8.0,13.0
2025-06-20,CORN,Corn,2025-07,286.39,284.56,1.34,1.83,-6309.0,-15876.25,-22185.25,-1806847.13,-4517783.8,-6324630.93,2.52,-5445.53,-152591.13,12073.87,1078944.16,111610.18,157607.1,298163.08,-298163.08,8.0,13.0
2025-06-23,CORN,Corn,2025-07,290.4,283.32,1.34,7.08,-6309.0,-15876.25,-22185.25,-1832108.36,-4497998.82,-6330107.18,2.52,-5476.25,-158067.38,14931.45,1025665.01,111710.65,157748.98,298184.28,-298184.28,8.0,13.0
2025-06-24,CORN,Corn,2025-07,286.96,287.27,1.34,-0.31,-2984.0,-15876.25,-18860.25,-856294.61,-4560757.64,-5417052.24,5.32,-41093.71,-199161.09,6981.46,967741.07,109094.77,154055.03,262289.67,-262289.67,7.0,13.0
2025-06-25,CORN,Corn,2025-07,293.01,294.21,1.34,-1.2,-2984.0,-15876.25,-18860.25,-874341.84,-4670957.86,-5545299.7,5.32,-128247.46,-327408.55,7060.92,1081012.45,88011.85,124283.4,268521.57,-268521.57,7.0,13.0
2025-06-26,CORN,Corn,2025-07,290.63,292.65,1.35,-2.03,-2984.0,-15876.25,-18860.25,-867233.95,-4646232.19,-5513466.14,5.32,31833.56,-295574.99,6943.09,1093884.18,88991.34,125666.55,267000.97,-267000.97,7.0,13.0
2025-06-27,CORN,Corn,2025-07,296.7,295.84,1.35,0.86,-2984.0,-15876.25,-18860.25,-885358.77,-4696813.92,-5582172.69,5.32,-68706.55,-364281.54,5985.85,1063074.82,90718.78,128105.91,270255.05,-270255.05,7.0,13.0
2025-06-30,CORN,Corn,2025-07,292.06,293.5,1.35,-1.45,747.0,-15876.25,-15129.25,218165.83,-4659734.94,-4441569.11,21.25,50942.65,-313338.89,1510.91,1022424.32,92490.69,130608.06,224260.11,-224260.11,5.0,13.0
2025-01-02,SOY,Soybeans,2025-03,538.02,531.39,1.36,6.63,0.0,0.0,0.0,0.0,0.0,0.0,0.0,0.0,0.0,0.0,0.0,0.0,0.0,-0.0,0.0,0.0,0.0
2025-01-03,SOY,Soybeans,2025-03,527.68,523.76,1.36,3.92,-2498.0,0.0,-2498.0,-1318149.64,0.0,-1318149.64,0.0,-0.0,0.0,0.0,0.0,0.0,0.0,52725.99,-52725.99,1.0,0.0
2025-01-06,SOY,Soybeans,2025-03,525.65,520.2,1.36,5.45,-2498.0,0.0,-2498.0,-1313068.7,0.0,-1313068.7,0.0,5080.93,5080.93,0.0,0.0,0.0,0.0,52522.75,-52522.75,1.0,0.0
2025-01-07,SOY,Soybeans,2025-03,524.51,516.17,1.36,8.34,-2911.0,0.0,-2911.0,-1526854.43,0.0,-1526854.43,0.0,2837.73,7918.66,0.0,0.0,0.0,0.0,61074.18,-61074.18,2.0,0.0
2025-01-08,SOY,Soybeans,2025-03,528.49,519.66,1.36,8.84,-2911.0,6259.68,3348.68,-1538446.03,3252880.27,1714434.24,2.15,-11591.6,-3672.94,5919.23,149639.77,10614.51,14988.97,-101106.17,101106.17,2.0,1.0
2025-01-09,SOY,Soybeans,2025-03,523.99,512.3,1.35,11.69,1349.0,6259.68,7608.68,706857.11,3206821.54,3913678.66,4.64,-32935.94,-36608.88,3710.54,152652.98,23677.83,33435.97,-188615.36,188615.36,3.0,1.0
2025-01-10,SOY,Soybeans,2025-03,519.96,516.38,1.35,3.59,1349.0,6259.68,7608.68,701426.04,3232342.26,3933768.3,4.64,20089.64,-16519.24,3925.46,148059.44,27092.34,38257.67,-189674.15,189674.15,3.0,1.0
2025-01-13,SOY,Soybeans,2025-03,527.9,518.24,1.35,9.66,1349.0,6259.68,7608.68,712131.7,3244004.04,3956135.75,4.64,22367.45,5848.21,3861.75,149348.64,28934.75,40859.37,-190685.47,190685.47,3.0,1.0
2025-01-14,SOY,Soybeans,2025-03,530.25,523.79,1.35,6.46,1349.0,6259.68,7608.68,715304.55,3278735.88,3994040.43,4.64,37904.68,43752.89,3630.24,143531.73,33920.29,47899.56,-192548.98,192548.98,3.0,1.0
2025-01-15,SOY,Soybeans,2025-03,530.71,523.42,1.35,7.29,1349.0,6259.68,7608.68,715927.79,3276454.22,3992382.01,4.64,-1658.42,42094.48,3422.97,135069.36,32160.79,45414.93,-192459.82,192459.82,3.0,1.0
2025-01-16,SOY,Soybeans,2025-03,525.89,527.15,1.35,-1.25,1349.0,6259.68,7608.68,709431.01,3299777.79,4009208.8,4.64,16826.78,58921.26,4725.08,149973.98,31149.41,43986.74,-193366.13,193366.13,3.0,1.0
2025-01-17,SOY,Soybeans,2025-03,530.78,521.18,1.36,9.6,1349.0,6259.68,7608.68,716027.62,3262415.01,3978442.63,4.64,-30766.17,28155.09,4673.03,157305.87,34323.68,48469.19,-191761.86,191761.86,3.0,1.0
2025-01-20,SOY,Soybeans,2025-03,520.51,511.43,1.36,9.08,7190.0,6259.68,13449.68,3742438.14,3201375.62,6943813.76,0.87,-74904.41,-46749.32,24319.76,153658.62,48267.02,68158.89,-309766.31,309766.31,4.0,1.0
2025-01-21,SOY,Soybeans,2025-03,524.34,515.29,1.36,9.05,4622.0,6259.68,10881.68,2423508.72,3225553.01,5649061.74,1.35,51758.23,5008.91,15260.72,135326.04,52405.69,74003.18,-258218.0,258218.0,5.0,1.0
2025-01-22,SOY,Soybeans,2025-03,527.73,520.81,1.36,6.92,4934.0,6259.68,11193.68,2603829.69,3260116.46,5863946.15,1.27,50232.03,55240.94,15698.83,138107.46,54787.39,77366.44,-267159.01,267159.01,6.0,1.0
2025-01-23,SOY,Soybeans,2025-03,524.9,515.48,1.36,9.42,4934.0,6259.68,11193.68,2589876.34,3226744.85,5816621.19,1.27,-47324.96,7915.98,15454.3,142041.23,56958.38,80432.14,-264932.3,264932.3,6.0,1.0
2025-01-24,SOY,Soybeans,2025-03,523.81,517.21,1.36,6.6,3526.0,6259.68,9785.68,1846961.11,3237556.57,5084517.69,1.78,5423.79,13339.77,10704.29,137648.27,55184.98,77927.88,-235756.27,235756.27,8.0,1.0
2025-01-27,SOY,Soybeans,2025-03,529.5,516.22,1.36,13.29,3526.0,6259.68,9785.68,1867031.1,3231341.96,5098373.07,1.78,13855.38,27195.15,11576.18,147275.62,53778.08,75941.17,-236248.34,236248.34,8.0,1.0
2025-01-28,SOY,Soybeans,2025-03,520.42,515.32,1.36,5.1,3526.0,6259.68,9785.68,1834986.82,3225723.27,5060710.09,1.78,-37662.98,-10467.83,11413.21,149329.47,54325.88,76714.73,-234685.64,234685.64,8.0,1.0
2025-01-29,SOY,Soybeans,2025-03,518.08,510.61,1.36,7.46,3526.0,6259.68,9785.68,1826735.98,3196267.72,5023003.7,1.78,-37706.39,-48174.22,11109.16,138605.43,54625.03,77137.16,-232882.83,232882.83,8.0,1.0
2025-01-30,SOY,Soybeans,2025-03,513.48,502.79,1.36,10.68,3526.0,6259.68,9785.68,1810516.38,3147317.03,4957833.4,1.78,-65170.3,-113344.51,11391.69,151586.01,59304.75,83745.5,-229786.51,229786.51,8.0,1.0
2025-01-31,SOY,Soybeans,2025-03,520.34,517.77,1.36,2.57,3526.0,6259.68,9785.68,1834704.74,3241046.97,5075751.71,1.78,117918.3,4573.79,11718.58,150550.64,74842.14,105686.18,-235440.54,235440.54,8.0,1.0
2025-02-03,SOY,Soybeans,2025-03,525.71,515.49,1.36,10.21,3526.0,6259.68,9785.68,1853639.36,3226829.99,5080469.34,1.78,4717.63,9291.43,11776.64,143792.28,74838.89,105681.58,-235487.07,235487.07,8.0,1.0
2025-02-04,SOY,Soybeans,2025-03,518.51,510.88,1.36,7.63,3526.0,6259.68,9785.68,1828280.36,3197970.36,5026250.72,1.78,-54218.62,-44927.19,11765.97,146001.28,77466.42,109391.98,-233029.73,233029.73,8.0,1.0
2025-02-05,SOY,Soybeans,2025-03,506.06,500.02,1.36,6.04,3526.0,6259.68,9785.68,1784367.56,3129950.17,4914317.73,1.78,-111932.99,-156860.19,11794.63,135550.0,87343.86,123340.12,-227872.21,227872.21,8.0,1.0
2025-02-06,SOY,Soybeans,2025-03,509.19,505.53,1.36,3.66,3526.0,6259.68,9785.68,1795403.94,3164428.49,4959832.43,1.78,45514.7,-111345.49,11650.45,145062.25,88873.26,125499.82,-230037.58,230037.58,8.0,1.0
2025-02-07,SOY,Soybeans,2025-03,504.51,501.15,1.36,3.37,3526.0,6259.68,9785.68,1778916.36,3137016.1,4915932.46,1.78,-43899.97,-155245.45,11695.2,147059.17,89548.38,126453.16,-228007.46,228007.46,8.0,1.0
2025-02-10,SOY,Soybeans,2025-03,499.56,490.57,1.36,8.99,6024.0,6259.68,12283.68,3009337.39,3070783.68,6080121.07,1.04,-83707.28,-238952.73,19840.29,148008.2,93057.89,131409.02,-273912.68,273912.68,7.0,1.0
2025-02-11,SOY,Soybeans,2025-03,508.8,499.53,1.36,9.27,12596.0,8436.96,21032.96,6408819.61,4214497.75,10623317.36,0.67,111763.52,-127189.22,41871.43,201154.64,102292.39,144449.25,-467077.67,467077.67,9.0,2.0
2025-02-12,SOY,Soybeans,2025-03,511.09,504.98,1.36,6.11,12596.0,8981.28,21577.28,6437664.45,4535381.14,10973045.59,0.71,74856.65,-52332.57,41994.55,212996.89,106825.73,150850.88,-484275.64,484275.64,9.0,3.0
2025-02-13,SOY,Soybeans,2025-03,516.09,508.54,1.37,7.54,18150.0,8981.28,27131.28,9366997.2,4567376.06,13934373.26,0.49,94974.91,42642.34,48581.89,210240.06,112808.04,159298.62,-603048.69,603048.69,10.0,3.0
2025-02-14,SOY,Soybeans,2025-03,513.06,505.63,1.37,7.43,14439.0,8981.28,23420.28,7408015.58,4541167.78,11949183.37,0.62,-81239.07,-38596.73,38063.25,214919.3,116213.93,164108.15,-523379.01,523379.01,11.0,3.0
2025-02-17,SOY,Soybeans,2025-03,509.75,509.03,1.36,0.72,13090.0,8981.28,22071.28,6672679.86,4571780.48,11244460.34,0.69,-17064.89,-55661.62,39429.87,219390.49,113025.7,159605.99,-495496.22,495496.22,12.0,3.0
2025-02-18,SOY,Soybeans,2025-03,509.06,501.95,1.36,7.11,11924.0,8981.28,20905.28,6070055.29,4508142.72,10578198.01,0.75,-72696.04,-128357.66,35500.56,210129.96,114111.04,161138.62,-468209.35,468209.35,13.0,3.0
2025-02-19,SOY,Soybeans,2025-03,510.56,502.9,1.36,7.66,11924.0,8981.28,20905.28,6087965.14,4516692.9,10604658.03,0.75,26460.03,-101897.63,35542.18,213615.34,112741.38,159204.49,-469353.25,469353.25,13.0,3.0
2025-02-20,SOY,Soybeans,2025-03,516.3,511.7,1.37,4.6,11924.0,8981.28,20905.28,6156337.35,4595676.07,10752013.42,0.75,147355.39,45457.76,35451.51,210904.65,125171.25,176756.98,-476037.3,476037.3,13.0,3.0
2025-02-21,SOY,Soybeans,2025-03,508.99,503.9,1.37,5.09,11924.0,6259.68,18183.68,6069244.46,3154250.87,9223495.33,0.52,-157104.67,-111646.91,35742.38,269713.54,138197.17,195151.15,-400482.32,400482.32,13.0,4.0
2025-02-24,SOY,Soybeans,2025-03,512.71,504.86,1.36,7.85,12337.0,10069.92,22406.92,6325303.27,5083891.76,11409195.03,0.82,50315.75,-61331.16,31952.81,371964.22,139604.75,197138.82,-507206.72,507206.72,12.0,5.0
2025-02-25,SOY,Soybeans,2025-03,514.55,505.35,1.36,9.21,7968.0,10069.92,18037.92,4099966.27,5088821.99,9188788.26,1.26,27679.66,-33651.5,21027.82,356252.46,139457.19,196930.46,-418439.75,418439.75,13.0,5.0
2025-02-26,SOY,Soybeans,2025-03,515.24,507.36,1.36,7.88,7968.0,10069.92,18037.92,4105464.19,5109090.72,9214554.92,1.26,25766.65,-7884.85,21094.3,369971.95,139039.34,196340.4,-419673.1,419673.1,13.0,5.0
2025-02-27,SOY,Soybeans,2025-03,520.12,507.95,1.37,12.16,7968.0,10069.92,18037.92,4144300.22,5115065.21,9259365.43,1.26,44810.52,36925.67,22169.15,367438.44,137335.12,193933.83,-421525.27,421525.27,13.0,5.0
2025-02-28,SOY,Soybeans,2025-03,516.04,507.39,1.37,8.64,7968.0,10069.92,18037.92,4111774.85,5109408.93,9221183.78,1.26,-38181.65,-1255.98,20944.14,362560.94,131297.24,185407.61,-419941.44,419941.44,13.0,5.0
2025-03-03,SOY,Soybeans,2025-03,512.14,500.91,1.37,11.22,7968.0,10069.92,18037.92,4080699.65,5044154.84,9124854.49,1.26,-96329.29,-97585.27,21522.2,362204.85,135955.18,191985.2,-415435.73,415435.73,13.0,5.0
2025-03-04,SOY,Soybeans,2025-03,507.67,502.61,1.37,5.06,14318.0,10069.92,24387.92,7268876.33,5061261.62,12330137.96,0.7,-18446.44,-116031.71,39172.44,359563.84,134747.77,190280.19,-543818.13,543818.13,14.0,5.0
2025-03-05,SOY,Soybeans,2025-03,511.05,505.49,1.37,5.56,13135.0,10069.92,23204.92,6712641.75,5090232.78,11802874.53,0.77,77308.73,-38722.98,36077.68,342860.39,130974.47,184951.82,-523017.31,523017.31,16.0,5.0
2025-03-06,SOY,Soybeans,2025-03,506.81,497.43,1.37,9.38,13135.0,10069.92,23204.92,6657001.89,5009113.54,11666115.43,0.77,-136759.11,-175482.08,35235.86,372643.92,140028.37,197737.03,-516735.75,516735.75,16.0,5.0
2025-03-07,SOY,Soybeans,2025-03,500.95,495.43,1.37,5.51,15703.0,10069.92,25772.92,7866355.04,4988971.68,12855326.72,0.64,-97218.03,-272700.12,40192.02,370423.04,143585.19,202759.69,-564102.79,564102.79,15.0,5.0
2025-03-10,SOY,Soybeans,2025-03,496.88,490.95,1.37,5.92,15703.0,10069.92,25772.92,7802475.23,4943859.45,12746334.68,0.64,-108992.04,-381692.16,40009.07,379497.1,145834.6,205936.13,-559291.98,559291.98,15.0,5.0
2025-03-11,SOY,Soybeans,2025-03,498.67,488.35,1.37,10.32,11443.0,10069.92,21512.92,5706326.58,4917647.45,10623974.03,0.88,1990.59,-379701.57,29789.2,359220.25,138447.12,195504.11,-474135.44,474135.44,14.0,5.0
2025-03-12,SOY,Soybeans,2025-03,495.46,491.99,1.37,3.46,11443.0,10069.92,21512.92,5669503.01,4954344.25,10623847.26,0.88,-126.77,-379828.34,31223.29,394849.59,134361.79,189735.14,-474497.33,474497.33,14.0,5.0
2025-03-13,SOY,Soybeans,2025-03,493.06,487.6,1.37,5.47,11443.0,10069.92,21512.92,5642131.35,4910059.76,10552191.11,0.88,-71656.14,-451484.49,31479.17,361447.37,128512.45,181475.15,-471188.24,471188.24,14.0,5.0
2025-03-14,SOY,Soybeans,2025-03,498.19,492.76,1.37,5.43,11443.0,9797.76,21240.76,5700788.17,4827959.89,10528748.06,0.86,110666.95,-340817.54,31712.73,360389.24,135718.69,191651.24,-469429.52,469429.52,14.0,6.0
2025-03-17,SOY,Soybeans,2025-03,497.15,496.41,1.37,0.75,5602.0,9797.76,15399.76,2785056.71,4863664.89,7648721.6,1.75,23850.05,-316967.49,15506.37,358617.28,136471.72,192714.61,-354585.51,354585.51,13.0,6.0
2025-03-18,SOY,Soybeans,2025-03,506.38,493.27,1.37,13.11,5602.0,13063.68,18665.68,2836729.56,6443901.84,9280631.39,2.33,20934.34,-296033.15,17343.02,419468.52,134973.51,190598.96,-435664.27,435664.27,13.0,7.0
2025-03-19,SOY,Soybeans,2025-03,503.58,494.86,1.37,8.72,5602.0,13063.68,18665.68,2821043.96,6464662.64,9285706.59,2.33,5075.2,-290957.95,17438.4,478362.63,134411.91,189805.91,-436074.89,436074.89,13.0,7.0
2025-03-20,SOY,Soybeans,2025-03,502.31,496.94,1.37,5.37,5602.0,13063.68,18665.68,2813918.21,6491866.45,9305784.66,2.33,20078.06,-270879.89,17271.19,475449.18,120632.23,170347.33,-437150.05,437150.05,13.0,7.0
2025-03-21,SOY,Soybeans,2025-03,506.25,493.28,1.37,12.97,5602.0,10206.0,15808.0,2836012.5,5034438.13,7870450.63,1.82,-25691.35,-296571.24,18385.63,675857.1,107619.71,151972.07,-365162.41,365162.41,13.0,9.0
2025-03-24,SOY,Soybeans,2025-03,501.59,489.02,1.37,12.57,4400.0,10206.0,14606.0,2207013.6,4990953.43,7197967.03,2.32,-69567.62,-366138.85,15217.26,636341.5,107201.11,151380.97,-337828.22,337828.22,13.0,9.0
2025-03-25,SOY,Soybeans,2025-03,500.39,491.57,1.37,8.82,12553.0,10206.0,22759.0,6281370.56,5016960.36,11298330.92,0.81,20700.53,-345438.32,43333.86,707815.02,106831.02,150858.34,-502102.84,502102.84,12.0,9.0
2025-03-26,SOY,Soybeans,2025-03,498.86,495.78,1.37,3.09,21135.0,10206.0,31341.0,10543490.64,5059885.77,15603376.41,0.48,23794.64,-321643.68,76447.06,650712.6,106724.05,150707.3,-674733.91,674733.91,14.0,9.0
2025-03-27,SOY,Soybeans,2025-03,504.79,500.08,1.37,4.71,21135.0,20275.92,41410.92,10668694.38,10139529.36,20808223.74,0.96,169107.91,-152535.77,74247.19,888573.9,125092.57,176645.87,-933724.24,933724.24,14.0,10.0
2025-03-28,SOY,Soybeans,2025-03,501.37,494.62,1.37,6.74,24850.0,20275.92,45125.92,12458994.8,10028972.87,22487967.67,0.82,-182838.18,-335373.95,86989.08,949879.77,140309.53,198134.06,-999808.44,999808.44,15.0,10.0
2025-03-31,SOY,Soybeans,2025-03,500.9,488.23,1.37,12.67,29219.0,20275.92,49494.92,14635680.22,9899249.57,24534929.79,0.69,-141452.51,-476826.46,105226.96,921915.83,144891.57,204604.46,-1080389.69,1080389.69,14.0,10.0
2025-04-01,SOY,Soybeans,2025-05,497.51,494.02,1.37,3.49,29219.0,8164.8,37383.8,14536744.69,4033590.83,18570335.52,0.28,18565.45,-458261.01,107203.04,812685.1,145552.44,205537.68,-783149.33,783149.33,14.0,9.0
2025-04-02,SOY,Soybeans,2025-05,501.21,502.23,1.37,-1.02,35514.0,8164.8,43678.8,17800042.97,4100593.62,21900636.59,0.23,175171.54,-283089.47,145395.74,754355.1,158547.32,223888.03,-917031.4,917031.4,16.0,9.0
2025-04-03,SOY,Soybeans,2025-05,502.22,502.56,1.37,-0.34,29679.0,8164.8,37843.8,14905446.74,4103278.21,19008724.95,0.28,38553.73,-244535.75,129086.99,735062.21,151868.2,214456.3,-801381.78,801381.78,17.0,9.0
2025-04-04,SOY,Soybeans,2025-05,506.85,504.56,1.37,2.29,23683.0,8164.8,31847.8,12003728.55,4119609.44,16123337.99,0.34,153685.64,-90850.1,105203.95,728645.02,157769.78,222790.05,-686129.61,686129.61,16.0,9.0
2025-04-07,SOY,Soybeans,2025-05,511.74,513.54,1.37,-1.81,23683.0,-408.24,23274.76,12119443.69,-209649.41,11909794.28,0.02,189093.83,98243.73,113504.23,879583.98,164010.14,231602.2,-474295.28,474295.28,16.0,10.0
2025-04-08,SOY,Soybeans,2025-05,515.97,516.37,1.37,-0.4,23683.0,-408.24,23274.76,12219622.78,-210801.54,12008821.24,0.02,99026.96,197270.68,115196.18,939167.81,166039.53,234467.95,-478244.83,478244.83,16.0,10.0
2025-04-09,SOY,Soybeans,2025-05,520.75,521.04,1.37,-0.29,25032.0,-408.24,24623.76,13035414.0,-212708.72,12822705.28,0.02,111392.3,308662.98,125384.97,993235.0,168333.07,237706.69,-510781.12,510781.12,15.0,10.0
2025-04-10,SOY,Soybeans,2025-05,510.8,509.79,1.37,1.01,25032.0,-408.24,24623.76,12786445.73,-208116.96,12578328.77,0.02,-244376.51,64286.47,127436.37,972502.1,194030.23,273994.21,-501051.98,501051.98,15.0,10.0
2025-04-11,SOY,Soybeans,2025-05,506.95,502.49,1.36,4.46,15419.0,-408.24,15010.76,7816662.05,-205137.66,7611524.39,0.03,-93494.03,-29207.57,78485.92,943586.29,195845.78,276557.97,-302409.6,302409.6,17.0,10.0
2025-04-14,SOY,Soybeans,2025-05,504.06,505.13,1.36,-1.07,15419.0,8300.88,23719.88,7772131.98,4193033.48,11965165.45,0.54,-45607.17,-74814.74,79910.38,1101703.8,197098.13,278326.44,-520536.95,520536.95,17.0,11.0
2025-04-15,SOY,Soybeans,2025-05,504.64,504.41,1.36,0.23,9865.0,8300.88,18165.88,4978253.87,4187050.2,9165304.07,0.84,2898.07,-71916.67,48154.66,1157778.16,197094.72,278321.64,-408482.66,408482.66,16.0,11.0
2025-04-16,SOY,Soybeans,2025-05,504.2,503.27,1.36,0.94,13576.0,8300.88,21876.88,6845073.5,4177567.28,11022640.78,0.61,-13764.34,-85681.0,65222.03,1193844.45,197301.15,278613.14,-482681.3,482681.3,15.0,11.0
2025-04-17,SOY,Soybeans,2025-05,504.47,500.65,1.37,3.81,13576.0,10478.16,24054.16,6848630.42,5245920.14,12094550.56,0.77,-18151.55,-103832.55,65012.3,1228114.24,197532.7,278940.12,-536241.22,536241.22,15.0,12.0
2025-04-18,SOY,Soybeans,2025-05,500.33,496.06,1.36,4.27,13576.0,10478.16,24054.16,6792534.38,5197796.05,11990330.43,0.77,-104220.13,-208052.68,57883.5,1206491.7,201555.86,284621.3,-531591.18,531591.18,15.0,12.0
2025-04-21,SOY,Soybeans,2025-05,493.43,489.26,1.36,4.17,19138.0,10478.16,29616.16,9443225.06,5126544.56,14569769.63,0.55,-165007.34,-373060.02,70127.47,1160295.9,209495.8,295833.46,-634056.23,634056.23,14.0,12.0
2025-04-22,SOY,Soybeans,2025-05,497.23,491.09,1.37,6.14,19138.0,16873.92,36011.92,9515949.46,8286616.75,17802566.21,0.88,91901.53,-281158.49,66530.88,1405758.97,212150.97,299582.89,-794968.82,794968.82,14.0,13.0
2025-04-23,SOY,Soybeans,2025-05,487.38,483.2,1.37,4.18,19138.0,19595.52,38733.52,9327401.89,9468535.67,18795937.56,1.02,-321703.05,-602861.55,66829.99,1244748.02,243350.27,343640.08,-846522.86,846522.86,14.0,14.0
2025-04-24,SOY,Soybeans,2025-05,491.15,489.01,1.37,2.14,24330.0,10750.32,35080.32,11949630.84,5256990.33,17206621.17,0.44,186014.99,-416846.56,84221.89,1657284.79,245246.32,346317.53,-740834.75,740834.75,15.0,15.0
2025-04-25,SOY,Soybeans,2025-05,493.55,489.61,1.37,3.94,24330.0,10750.32,35080.32,12008120.16,5263470.63,17271590.79,0.44,64969.61,-351876.94,81234.35,1800106.39,237611.05,335535.61,-743498.34,743498.34,15.0,15.0
2025-04-28,SOY,Soybeans,2025-05,497.97,498.98,1.36,-1.01,30726.0,10750.32,41476.32,15300687.67,5364237.67,20664925.35,0.35,208305.65,-143571.29,73849.46,1522604.96,242931.56,343048.8,-880239.39,880239.39,14.0,15.0
2025-04-29,SOY,Soybeans,2025-05,501.87,500.63,1.36,1.24,25262.0,10750.32,36012.32,12678239.94,5381928.4,18060168.34,0.43,137460.67,-6110.62,59886.08,1604726.79,246991.59,348782.06,-776226.02,776226.02,14.0,15.0
2025-04-30,SOY,Soybeans,2025-05,498.8,498.66,1.36,0.14,25262.0,10750.32,36012.32,12600635.08,5360728.77,17961363.85,0.43,-98804.5,-104915.11,58500.34,1619861.76,243401.1,343711.86,-772061.84,772061.84,14.0,15.0
2025-05-01,SOY,Soybeans,2025-05,503.19,499.66,1.36,3.52,25262.0,10750.32,36012.32,12711484.73,5371547.89,18083032.62,0.43,121668.78,16753.66,58044.04,1590391.67,246760.16,348455.26,-777036.78,777036.78,14.0,15.0
2025-05-02,SOY,Soybeans,2025-05,496.28,495.04,1.36,1.24,22485.0,10750.32,33235.32,11158765.86,5321838.41,16480604.27,0.48,-224269.9,-207516.23,51720.14,1687545.04,255156.49,360311.89,-712442.56,712442.56,15.0,15.0
2025-05-05,SOY,Soybeans,2025-05,490.3,492.06,1.36,-1.76,14219.0,10750.32,24969.32,6971575.7,5289819.66,12261395.36,0.76,-166389.11,-373905.35,32651.22,1650993.58,249897.38,352885.39,-543354.01,543354.01,14.0,15.0
2025-05-06,SOY,Soybeans,2025-05,493.43,494.47,1.36,-1.04,14219.0,10750.32,24969.32,7016081.17,5315697.83,12331779.0,0.76,70383.64,-303521.71,33176.95,1630245.93,248100.24,350347.61,-546428.14,546428.14,14.0,15.0
2025-05-07,SOY,Soybeans,2025-05,484.4,482.84,1.36,1.56,7869.0,10750.32,18619.32,3811727.86,5190693.11,9002420.97,1.37,-253430.73,-556952.44,17955.0,1672044.63,255748.63,361148.06,-412003.77,412003.77,13.0,15.0
2025-05-08,SOY,Soybeans,2025-05,486.05,485.78,1.36,0.27,14362.0,10750.32,25112.32,6980621.38,5222273.25,12202894.63,0.75,44563.99,-512388.45,33075.63,1621454.55,245194.6,346244.5,-540338.52,540338.52,15.0,15.0
2025-05-09,SOY,Soybeans,2025-05,482.8,478.54,1.36,4.26,17625.0,10750.32,28375.32,8509420.5,5144492.53,13653913.03,0.61,-124371.04,-636759.49,40392.36,1826476.42,246621.84,348259.93,-597601.45,597601.45,16.0,15.0
2025-05-12,SOY,Soybeans,2025-05,480.89,481.05,1.36,-0.15,17625.0,10750.32,28375.32,8475721.5,5171394.13,13647115.63,0.61,-6797.4,-643556.89,39457.89,1630183.87,246694.1,348361.97,-597598.57,597598.57,16.0,15.0
2025-05-13,SOY,Soybeans,2025-05,476.93,473.04,1.36,3.9,17625.0,10750.32,28375.32,8405926.5,5085279.77,13491206.27,0.61,-155909.36,-799466.25,39559.16,1633031.59,250728.8,354059.46,-590501.05,590501.05,16.0,15.0
2025-05-14,SOY,Soybeans,2025-05,477.43,471.34,1.36,6.1,17625.0,10750.32,28375.32,8414739.0,5067004.23,13481743.23,0.61,-9463.04,-808929.3,42241.32,1509510.97,250789.4,354145.04,-589939.77,589939.77,16.0,15.0
2025-05-15,SOY,Soybeans,2025-05,470.89,473.43,1.35,-2.54,17625.0,10750.32,28375.32,8299471.5,5089540.12,13389011.62,0.61,-92731.6,-901660.9,45893.64,1573495.79,251530.38,355191.38,-586455.87,586455.87,16.0,15.0
2025-05-16,SOY,Soybeans,2025-05,480.13,480.63,1.35,-0.5,18025.0,10750.32,28775.32,8654379.3,5166894.05,13821273.35,0.6,240208.93,-661451.97,46968.06,1682275.43,270308.32,381708.12,-604519.87,604519.87,17.0,15.0
2025-05-19,SOY,Soybeans,2025-05,483.08,480.26,1.35,2.82,18025.0,10750.32,28775.32,8707480.95,5162975.56,13870456.51,0.6,49183.16,-612268.81,46105.11,1522538.49,265658.9,375142.57,-606448.02,606448.02,17.0,15.0
2025-05-20,SOY,Soybeans,2025-05,477.74,476.56,1.35,1.17,13646.0,10750.32,24396.32,6519185.46,5123210.13,11642395.58,0.79,-136054.98,-748323.8,31906.75,1469644.2,266201.48,375908.75,-516927.92,516927.92,16.0,15.0
2025-05-21,SOY,Soybeans,2025-05,477.44,473.49,1.35,3.95,9850.0,14016.24,23866.24,4702784.0,6636486.4,11339270.4,1.42,-37128.7,-785452.5,22902.51,1686776.72,239908.44,338779.8,-519935.68,519935.68,15.0,16.0
2025-05-22,SOY,Soybeans,2025-05,469.63,466.56,1.35,3.07,9850.0,14016.24,23866.24,4625816.1,6539416.93,11165233.03,1.42,-174037.37,-959489.87,23132.09,1776963.62,234664.25,331374.37,-512003.49,512003.49,15.0,16.0
2025-05-23,SOY,Soybeans,2025-05,469.92,471.87,1.35,-1.94,6135.0,14016.24,20151.24,2882983.74,6613780.1,9496763.84,2.28,77298.46,-882191.41,14697.11,1687450.56,235400.54,332414.1,-446008.35,446008.35,14.0,16.0
2025-05-26,SOY,Soybeans,2025-05,476.08,474.04,1.35,2.04,11970.0,14016.24,25986.24,5698653.66,6644244.39,12342898.05,1.17,68219.09,-813972.32,28045.09,1661945.04,220584.81,311492.49,-560158.37,560158.37,13.0,16.0
2025-05-27,SOY,Soybeans,2025-05,484.64,482.06,1.35,2.59,11590.0,14016.24,25606.24,5617023.96,6756640.62,12373664.58,1.21,214931.25,-599041.07,27333.79,1559363.81,230804.37,325923.74,-562512.99,562512.99,14.0,16.0
2025-05-28,SOY,Soybeans,2025-05,485.52,483.76,1.35,1.76,11590.0,14016.24,25606.24,5627130.44,6780482.25,12407612.69,1.21,33948.1,-565092.97,27113.01,1715070.79,230301.04,325212.98,-564109.33,564109.33,14.0,16.0
2025-05-29,SOY,Soybeans,2025-05,482.65,477.36,1.35,5.29,972.0,14016.24,14988.24,469133.86,6690792.33,7159926.18,14.42,-122930.04,-688023.01,2381.22,1729156.9,225923.18,319030.91,-353304.97,353304.97,14.0,16.0
2025-05-30,SOY,Soybeans,2025-05,475.27,472.14,1.34,3.14,972.0,14016.24,14988.24,461966.33,6617565.88,7079532.21,14.42,-80393.97,-768416.98,2402.43,1552950.28,214627.62,303080.21,-349356.95,349356.95,14.0,16.0
2025-06-02,SOY,Soybeans,2025-07,476.38,477.23,1.34,-0.84,972.0,11022.48,11994.48,463045.25,5260231.68,5723276.92,11.34,72449.61,-695967.37,2344.27,1530738.62,210620.52,297421.7,-281533.39,281533.39,14.0,12.0
2025-06-03,SOY,Soybeans,2025-07,479.41,485.33,1.35,-5.92,972.0,11022.48,11994.48,465982.63,5349485.11,5815467.74,11.34,92190.81,-603776.55,2823.37,1520397.94,212052.43,299443.73,-286113.56,286113.56,14.0,12.0
2025-06-04,SOY,Soybeans,2025-07,480.31,483.89,1.34,-3.57,972.0,11022.48,11994.48,466865.21,5333639.19,5800504.4,11.34,-14963.34,-618739.89,3030.82,1530607.76,190823.98,269466.59,-285356.57,285356.57,14.0,12.0
2025-06-05,SOY,Soybeans,2025-07,485.48,488.71,1.34,-3.24,972.0,11022.48,11994.48,471882.67,5386811.63,5858694.3,11.34,58189.91,-560549.99,3178.96,1498462.04,191376.97,270247.48,-288215.89,288215.89,14.0,12.0
2025-06-06,SOY,Soybeans,2025-07,477.16,485.31,1.34,-8.14,972.0,11022.48,11994.48,463803.41,5349295.52,5813098.93,11.34,-45595.38,-606145.36,3665.58,1502574.5,186323.68,263111.63,-286016.91,286016.91,14.0,12.0
2025-06-09,SOY,Soybeans,2025-07,482.05,486.04,1.34,-3.99,12115.0,11022.48,23137.48,5840035.75,5357419.09,11197454.84,0.91,12872.76,-593272.6,47237.41,1494785.74,186339.04,263133.31,-501472.38,501472.38,12.0,12.0
2025-06-10,SOY,Soybeans,2025-07,486.48,490.4,1.34,-3.92,9616.0,11022.48,20638.48,4678010.91,5405421.99,10083432.9,1.15,101696.58,-491576.02,37565.91,1515154.88,179053.27,252844.92,-457391.54,457391.54,11.0,12.0
2025-06-11,SOY,Soybeans,2025-07,487.57,489.45,1.34,-1.88,9616.0,11022.48,20638.48,4688453.89,5394935.2,10083389.09,1.15,-43.81,-491619.83,34951.07,1357759.82,178899.56,252627.86,-457284.92,457284.92,11.0,12.0
2025-06-12,SOY,Soybeans,2025-07,482.38,488.38,1.34,-5.99,6353.0,11022.48,17375.48,3064572.85,5383119.1,8447691.95,1.74,-61684.67,-553304.51,24222.58,1376365.59,176550.37,249310.52,-391738.87,391738.87,10.0,12.0
2025-06-13,SOY,Soybeans,2025-07,496.37,505.02,1.34,-8.65,9711.0,11022.48,20733.48,4820249.07,5566564.03,10386813.1,1.14,272310.69,-280993.81,40833.14,1421178.94,182646.99,257919.68,-471138.16,471138.16,9.0,12.0
2025-06-16,SOY,Soybeans,2025-07,493.68,491.43,1.34,2.25,9711.0,11022.48,20733.48,4794107.06,5416794.98,10210902.04,1.14,-175911.06,-456904.88,40579.24,1456683.18,195733.15,276398.94,-462604.03,462604.03,9.0,12.0
2025-06-17,SOY,Soybeans,2025-07,492.89,496.75,1.34,-3.87,9711.0,11022.48,20733.48,4786415.95,5475432.37,10261848.32,1.14,50946.28,-405958.6,40627.41,1487015.69,188053.48,265554.31,-465228.26,465228.26,9.0,12.0
2025-06-18,SOY,Soybeans,2025-07,489.69,497.18,1.34,-7.49,4519.0,11022.48,15541.48,2212900.07,5480158.81,7693058.88,2.44,-26329.34,-432287.94,18963.42,1483302.01,187648.88,264982.96,-362523.94,362523.94,8.0,12.0
2025-06-19,SOY,Soybeans,2025-07,497.27,498.19,1.34,-0.91,4519.0,11022.48,15541.48,2247181.21,5491236.4,7738417.61,2.44,45358.73,-386929.21,18241.09,1529716.73,172370.83,243408.5,-364449.07,364449.07,8.0,12.0
2025-06-20,SOY,Soybeans,2025-07,504.34,504.36,1.34,-0.03,4519.0,11022.48,15541.48,2279094.38,5559326.67,7838421.06,2.44,100003.45,-286925.76,18368.54,1531554.88,173489.38,244988.03,-369130.11,369130.11,8.0,12.0
2025-06-23,SOY,Soybeans,2025-07,501.83,501.59,1.34,0.24,4519.0,11022.48,15541.48,2267751.69,5528752.52,7796504.21,2.44,-41916.85,-328842.61,18022.34,1413190.8,174745.48,246761.8,-367147.69,367147.69,8.0,12.0
2025-06-24,SOY,Soybeans,2025-07,497.9,504.71,1.34,-6.81,4519.0,11022.48,15541.48,2250010.1,5563166.9,7813177.0,2.44,16672.79,-312169.82,17863.52,1478261.13,158281.58,223512.78,-368158.75,368158.75,8.0,12.0
2025-06-25,SOY,Soybeans,2025-07,503.37,502.3,1.34,1.07,4519.0,11022.48,15541.48,2274738.07,5536580.68,7811318.75,2.44,-1858.25,-314028.07,17695.58,1414623.93,158197.39,223393.89,-367818.56,367818.56,8.0,12.0
2025-06-26,SOY,Soybeans,2025-07,502.39,509.45,1.35,-7.06,4519.0,11022.48,15541.48,2270282.33,5615396.92,7885679.26,2.44,74360.51,-239667.56,16055.53,1464101.33,150548.17,212592.27,-371581.14,371581.14,8.0,12.0
2025-06-27,SOY,Soybeans,2025-07,506.18,513.11,1.35,-6.93,4800.0,11022.48,15822.48,2429673.6,5655722.67,8085396.27,2.3,57479.87,-182187.69,15837.48,1494201.94,145568.23,205559.98,-379973.08,379973.08,7.0,12.0
2025-06-30,SOY,Soybeans,2025-07,511.03,514.48,1.35,-3.46,4800.0,11022.48,15822.48,2452934.4,5670900.62,8123835.02,2.3,38438.75,-143748.94,15493.65,1274068.84,144662.06,204280.36,-381662.41,381662.41,7.0,12.0
2025-01-02,WHEAT,Spring Wheat,2025-03,302.61,298.14,1.36,4.47,0.0,0.0,0.0,0.0,0.0,0.0,0.0,0.0,0.0,0.0,0.0,0.0,0.0,-0.0,0.0,0.0,0.0
2025-01-03,WHEAT,Spring Wheat,2025-03,300.39,294.45,1.36,5.94,0.0,-2313.36,-2313.36,0.0,-681177.18,-681177.18,0.0,-0.0,0.0,0.0,49548.7,0.0,0.0,34058.86,-34058.86,0.0,1.0
2025-01-06,WHEAT,Spring Wheat,2025-03,300.15,293.77,1.36,6.37,0.0,4898.88,4898.88,0.0,1439161.61,1439161.61,0.0,1573.08,1573.08,0.0,196570.86,0.0,0.0,-71958.08,71958.08,0.0,2.0
2025-01-07,WHEAT,Spring Wheat,2025-03,298.17,288.31,1.36,9.87,0.0,4898.88,4898.88,0.0,1412378.46,1412378.46,0.0,-26783.16,-25210.07,0.0,217750.96,0.0,0.0,-70618.92,70618.92,0.0,2.0
2025-01-08,WHEAT,Spring Wheat,2025-03,299.78,291.67,1.36,8.11,0.0,4898.88,4898.88,0.0,1428834.77,1428834.77,0.0,16456.32,-8753.75,0.0,187381.21,25764.54,36382.65,-71441.74,71441.74,0.0,2.0
2025-01-09,WHEAT,Spring Wheat,2025-03,299.87,288.9,1.35,10.97,0.0,4898.88,4898.88,0.0,1415286.43,1415286.43,0.0,-13548.34,-22302.1,0.0,208459.44,24376.29,34422.28,-70764.32,70764.32,0.0,2.0
2025-01-10,WHEAT,Spring Wheat,2025-03,290.52,285.85,1.35,4.67,0.0,4898.88,4898.88,0.0,1400339.95,1400339.95,0.0,-14946.48,-37248.58,0.0,209308.05,23328.39,32942.52,-70017.0,70017.0,0.0,2.0
2025-01-13,WHEAT,Spring Wheat,2025-03,290.53,282.07,1.35,8.46,0.0,4898.88,4898.88,0.0,1381822.18,1381822.18,0.0,-18517.77,-55766.35,0.0,191685.69,22928.89,32378.37,-69091.11,69091.11,0.0,2.0
2025-01-14,WHEAT,Spring Wheat,2025-03,289.77,284.39,1.35,5.38,-1250.0,4898.88,3648.88,-362212.5,1393197.38,1030984.88,3.92,11375.2,-44391.15,2903.13,216146.07,23702.98,33471.48,-55171.37,55171.37,2.0,2.0
2025-01-15,WHEAT,Spring Wheat,2025-03,295.77,287.35,1.35,8.43,-1250.0,4898.88,3648.88,-369717.5,1407680.92,1037963.42,3.92,6978.54,-37412.61,2784.13,206352.09,23195.46,32754.81,-55595.35,55595.35,2.0,2.0
2025-01-16,WHEAT,Spring Wheat,2025-03,297.6,291.25,1.35,6.35,717.0,4898.88,5615.88,213377.77,1426793.9,1640171.67,6.83,16832.98,-20579.63,1527.95,206159.31,24269.18,34271.03,-79874.81,79874.81,4.0,2.0
2025-01-17,WHEAT,Spring Wheat,2025-03,304.55,301.5,1.36,3.05,717.0,4898.88,5615.88,218359.48,1477004.48,1695363.96,6.83,55192.3,34612.67,1689.67,200143.72,35695.94,50406.99,-82584.6,82584.6,4.0,2.0
2025-01-20,WHEAT,Spring Wheat,2025-03,309.0,302.18,1.36,6.82,717.0,4898.88,5615.88,221551.57,1480335.72,1701887.29,6.83,6523.32,41135.99,1617.74,198182.6,34216.81,48318.28,-82878.85,82878.85,4.0,2.0
2025-01-21,WHEAT,Spring Wheat,2025-03,302.85,299.42,1.36,3.44,2920.0,4898.88,7818.88,884333.68,1466810.89,2351144.57,1.68,-17930.08,23205.92,6863.61,198245.43,34165.19,48245.39,-108713.89,108713.89,5.0,2.0
2025-01-22,WHEAT,Spring Wheat,2025-03,304.59,292.66,1.36,11.93,2920.0,4898.88,7818.88,889391.12,1433698.38,2323089.5,1.68,-28055.07,-4849.15,7740.45,203042.56,35272.09,49808.46,-107260.56,107260.56,5.0,2.0
2025-01-23,WHEAT,Spring Wheat,2025-03,305.33,294.92,1.36,10.42,3244.0,4898.88,8142.88,990503.5,1444758.09,2435261.59,1.51,13243.87,8394.72,8771.03,211125.04,34532.58,48764.19,-111858.04,111858.04,6.0,2.0
2025-01-24,WHEAT,Spring Wheat,2025-03,297.59,292.14,1.36,5.45,3244.0,4898.88,8142.88,965381.96,1431166.64,2396548.6,1.51,-38712.99,-30318.27,8599.4,201369.9,36939.54,52163.1,-110173.61,110173.61,6.0,2.0
2025-01-27,WHEAT,Spring Wheat,2025-03,298.06,294.33,1.36,3.73,3244.0,4898.88,8142.88,966919.62,1441893.23,2408812.85,1.51,12264.24,-18054.03,8723.09,192631.49,36250.66,51190.32,-110771.45,110771.45,6.0,2.0
2025-01-28,WHEAT,Spring Wheat,2025-03,296.34,291.95,1.36,4.39,3244.0,2993.76,6237.76,961320.47,874031.82,1835352.3,0.92,-17258.48,-35312.51,8678.03,247815.12,35762.65,50501.19,-82154.41,82154.41,6.0,3.0
2025-01-29,WHEAT,Spring Wheat,2025-03,294.98,289.8,1.36,5.18,3244.0,2993.76,6237.76,956908.63,867598.83,1824507.47,0.92,-10844.83,-46157.34,8523.33,248743.89,34966.35,49376.72,-81656.29,81656.29,6.0,3.0
2025-01-30,WHEAT,Spring Wheat,2025-03,298.84,290.88,1.36,7.96,3244.0,2993.76,6237.76,969436.96,870815.33,1840252.29,0.92,15744.82,-30412.51,8399.44,246186.06,35592.19,50260.49,-82318.24,82318.24,6.0,3.0
2025-01-31,WHEAT,Spring Wheat,2025-03,296.78,290.77,1.36,6.01,3244.0,2993.76,6237.76,962741.34,870489.61,1833230.95,0.92,-7021.34,-37433.85,8395.31,247057.71,35643.45,50332.87,-82034.13,82034.13,6.0,3.0
2025-02-03,WHEAT,Spring Wheat,2025-03,299.71,293.8,1.36,5.91,8429.0,2449.44,10878.44,2526221.87,719647.43,3245869.31,0.29,18584.4,-18849.46,21869.67,248604.08,36423.09,51433.81,-137031.25,137031.25,7.0,4.0
2025-02-04,WHEAT,Spring Wheat,2025-03,293.76,289.71,1.36,4.06,8429.0,2449.44,10878.44,2476136.76,709620.4,3185757.16,0.29,-60112.15,-78961.6,21588.54,241988.17,41520.05,58631.35,-134526.49,134526.49,7.0,4.0
2025-02-05,WHEAT,Spring Wheat,2025-03,290.75,285.7,1.36,5.06,8429.0,2449.44,10878.44,2450765.47,699793.25,3150558.72,0.29,-35198.44,-114160.04,21520.56,242599.74,42470.41,59973.36,-133020.28,133020.28,7.0,4.0
2025-02-06,WHEAT,Spring Wheat,2025-03,289.04,281.13,1.36,7.91,4814.0,2449.44,7263.44,1391438.56,688600.29,2080038.85,0.51,-25640.27,-139800.31,11301.87,234886.36,43038.64,60775.78,-90087.56,90087.56,8.0,4.0
2025-02-07,WHEAT,Spring Wheat,2025-03,287.97,284.99,1.36,2.98,4814.0,2449.44,7263.44,1386287.58,698061.01,2084348.59,0.51,4309.74,-135490.57,11723.97,253709.63,43043.46,60782.58,-90354.55,90354.55,8.0,4.0
2025-02-10,WHEAT,Spring Wheat,2025-03,295.94,288.82,1.36,7.12,4814.0,-2585.52,2228.48,1424674.42,-746758.16,677916.26,0.54,47780.93,-87709.65,11486.41,481052.82,46824.93,66122.47,-19649.07,19649.07,8.0,6.0
2025-02-11,WHEAT,Spring Wheat,2025-03,293.16,286.82,1.36,6.33,9161.0,-2585.52,6575.48,2685602.12,-741589.19,1944012.93,0.28,-8252.46,-95962.11,21811.09,474169.11,46605.23,65812.23,-70344.63,70344.63,9.0,6.0
2025-02-12,WHEAT,Spring Wheat,2025-03,302.97,290.35,1.36,12.62,9161.0,-2585.52,6575.48,2775471.53,-750696.42,2024775.1,0.28,80762.17,-15199.93,25193.98,425601.62,55813.96,78816.08,-73484.04,73484.04,9.0,6.0
2025-02-13,WHEAT,Spring Wheat,2025-03,297.08,292.28,1.37,4.8,9161.0,-8981.28,179.72,2721531.56,-2625010.8,96520.76,0.98,-58928.47,-74128.4,25388.72,590428.46,59625.25,84198.08,22389.28,-22389.28,9.0,7.0
2025-02-14,WHEAT,Spring Wheat,2025-03,298.67,288.86,1.37,9.81,9161.0,-8981.28,179.72,2736134.19,-2594372.96,141761.24,0.98,45240.47,-28887.93,25389.61,649292.87,58340.45,82383.79,20273.28,-20273.28,9.0,7.0
2025-02-17,WHEAT,Spring Wheat,2025-03,290.1,283.75,1.36,6.35,5872.0,-8981.28,-3109.28,1703443.71,-2548441.79,-844998.08,1.53,-32633.57,-61521.5,16274.26,600495.38,59190.32,83583.9,59284.34,-59284.34,10.0,7.0
2025-02-18,WHEAT,Spring Wheat,2025-03,288.28,282.19,1.36,6.09,5872.0,-8981.28,-3109.28,1692780.16,-2534395.07,-841614.91,1.53,3383.17,-58138.33,15709.32,625793.99,59052.22,83388.89,59008.55,-59008.55,10.0,7.0
2025-02-19,WHEAT,Spring Wheat,2025-03,295.58,287.42,1.36,8.16,5872.0,-7756.56,-1884.56,1735645.76,-2229409.09,-493763.33,1.32,-4160.38,-62298.71,14135.87,606853.08,58314.87,82347.66,42044.62,-42044.62,10.0,8.0
2025-02-20,WHEAT,Spring Wheat,2025-03,297.76,288.02,1.37,9.75,5872.0,-7756.56,-1884.56,1748458.46,-2234006.4,-485547.94,1.32,8215.39,-54083.32,13823.75,684577.01,58145.0,82107.79,41761.98,-41761.98,10.0,8.0
2025-02-21,WHEAT,Spring Wheat,2025-03,299.33,292.18,1.37,7.15,5872.0,-7756.56,-1884.56,1757654.02,-2266310.93,-508656.91,1.32,-23108.97,-77192.29,13772.98,643595.18,57051.2,80563.21,43009.39,-43009.39,10.0,8.0
2025-02-24,WHEAT,Spring Wheat,2025-03,296.27,281.68,1.36,14.58,5872.0,-7756.56,-1884.56,1739673.95,-2184892.64,-445218.69,1.32,63438.22,-13754.07,16763.2,650054.16,61851.04,87341.16,39657.67,-39657.67,10.0,8.0
2025-02-25,WHEAT,Spring Wheat,2025-03,294.94,287.57,1.36,7.37,11837.0,-6395.76,5441.24,3491204.78,-1839241.49,1651963.29,0.54,-53463.1,-67217.17,32930.25,733600.25,64693.71,91355.36,-47686.12,47686.12,8.0,9.0
2025-02-26,WHEAT,Spring Wheat,2025-03,298.26,289.18,1.36,9.08,10431.0,-6395.76,4035.24,3111150.06,-1849505.41,1261644.65,0.61,29034.92,-38182.25,28842.65,711870.65,65544.32,92556.52,-31970.73,31970.73,7.0,9.0
2025-02-27,WHEAT,Spring Wheat,2025-03,295.33,291.08,1.37,4.24,10431.0,-6395.76,4035.24,3080566.37,-1861702.76,1218863.6,0.61,-42781.05,-80963.3,29757.22,667804.79,67118.81,94779.9,-30137.52,30137.52,7.0,9.0
2025-02-28,WHEAT,Spring Wheat,2025-03,297.93,289.96,1.37,7.97,10431.0,-6395.76,4035.24,3107686.97,-1854517.77,1253169.2,0.61,34305.6,-46657.7,29632.48,660052.23,68441.24,96647.32,-31581.59,31581.59,7.0,9.0
2025-03-03,WHEAT,Spring Wheat,2025-03,297.29,286.18,1.37,11.11,10431.0,-6395.76,4035.24,3100990.27,-1830334.12,1270656.15,0.61,17486.95,-29170.75,30630.03,667289.67,68398.66,96587.2,-32522.9,32522.9,7.0,9.0
2025-03-04,WHEAT,Spring Wheat,2025-03,298.1,290.48,1.37,7.62,18354.0,1088.64,19442.64,5471364.11,316229.34,5787593.45,0.06,-19001.58,-48172.34,51647.65,851346.36,64856.09,91584.66,-234666.03,234666.03,9.0,10.0
2025-03-05,WHEAT,Spring Wheat,2025-03,296.72,291.4,1.37,5.32,16151.0,1088.64,17239.64,4792389.32,317228.61,5109617.93,0.07,-24292.55,-72464.89,45237.3,830817.87,64091.2,90504.55,-207557.0,207557.0,8.0,10.0
2025-03-06,WHEAT,Spring Wheat,2025-03,293.11,283.32,1.37,9.79,16151.0,1088.64,17239.64,4734019.61,308429.13,5042448.74,0.07,-67169.19,-139634.08,45797.88,821139.64,68355.06,96525.63,-204782.24,204782.24,8.0,10.0
2025-03-07,WHEAT,Spring Wheat,2025-03,290.71,283.66,1.37,7.05,16151.0,1088.64,17239.64,4695289.51,308801.99,5004091.5,0.07,-38357.24,-177991.32,41981.58,883293.25,69768.41,98521.45,-203251.68,203251.68,8.0,10.0
2025-03-10,WHEAT,Spring Wheat,2025-03,288.2,282.3,1.37,5.89,10452.0,1088.64,11540.64,3012224.59,307325.47,3319550.06,0.1,-42112.44,-220103.75,27574.79,830519.89,68424.97,96624.36,-135855.26,135855.26,9.0,10.0
2025-03-11,WHEAT,Spring Wheat,2025-03,292.62,286.75,1.37,5.87,16098.0,1088.64,17186.64,4710596.76,312172.64,5022769.4,0.07,51086.82,-169016.94,42760.66,911076.44,71648.64,101176.57,-204032.5,204032.5,10.0,10.0
2025-03-12,WHEAT,Spring Wheat,2025-03,293.3,285.67,1.37,7.63,12519.0,1088.64,13607.64,3671872.78,310994.4,3982867.18,0.09,9832.8,-159184.14,30384.53,837357.43,64050.6,90447.21,-162424.63,162424.63,11.0,10.0
2025-03-13,WHEAT,Spring Wheat,2025-03,292.75,286.45,1.37,6.3,12519.0,1088.64,13607.64,3664937.25,311844.52,3976781.77,0.09,-6085.41,-165269.55,29449.23,893913.08,60821.21,85886.93,-162189.72,162189.72,11.0,10.0
2025-03-14,WHEAT,Spring Wheat,2025-03,290.88,289.66,1.37,1.22,7334.0,1088.64,8422.64,2133343.26,315334.48,2448677.74,0.15,-19870.49,-185140.04,20023.53,846252.97,57854.3,81697.28,-101100.45,101100.45,10.0,10.0
2025-03-17,WHEAT,Spring Wheat,2025-03,299.45,291.97,1.37,7.48,-3910.0,-7076.16,-10986.16,-1170865.14,-2066057.57,-3236922.71,1.81,65372.91,-119767.13,10628.68,1045736.76,62908.67,88834.67,150137.48,-150137.48,10.0,11.0
2025-03-18,WHEAT,Spring Wheat,2025-03,299.03,294.29,1.37,4.74,-4234.0,-7076.16,-11310.16,-1266084.55,-2082441.0,-3348525.56,1.67,-14717.77,-134484.9,11733.27,977762.84,63003.53,88968.62,154765.43,-154765.43,9.0,11.0
2025-03-19,WHEAT,Spring Wheat,2025-03,294.77,292.37,1.37,2.4,-619.0,-7076.16,-7695.16,-182463.87,-2068868.93,-2251332.8,11.43,31591.98,-102892.93,1845.38,972560.26,64342.28,90859.1,110742.0,-110742.0,8.0,11.0
2025-03-20,WHEAT,Spring Wheat,2025-03,301.31,294.17,1.37,7.14,-619.0,-7076.16,-7695.16,-186510.89,-2081568.51,-2268079.4,11.43,-16746.61,-119639.53,1805.64,1025468.29,64431.82,90985.54,111538.86,-111538.86,8.0,11.0
2025-03-21,WHEAT,Spring Wheat,2025-03,303.12,297.26,1.37,5.86,-619.0,-7756.56,-8375.56,-187631.28,-2305735.19,-2493366.47,12.53,-23029.6,-142669.13,1812.31,1061721.5,64428.33,90980.61,122792.01,-122792.01,8.0,12.0
2025-03-24,WHEAT,Spring Wheat,2025-03,305.68,299.4,1.37,6.28,-256.0,-7756.56,-8012.56,-78253.57,-2322312.51,-2400566.08,30.3,-18160.72,-160829.85,591.24,1022978.86,59138.41,83510.6,119245.77,-119245.77,9.0,12.0
2025-03-25,WHEAT,Spring Wheat,2025-03,309.12,300.48,1.37,8.63,-256.0,-7756.56,-8012.56,-79133.7,-2330707.44,-2409841.13,30.3,-9275.05,-170104.9,601.85,968780.02,56384.82,79622.2,119700.72,-119700.72,9.0,12.0
2025-03-26,WHEAT,Spring Wheat,2025-03,303.64,295.5,1.37,8.14,-256.0,-7756.56,-8012.56,-77731.33,-2292027.02,-2369758.35,30.3,40082.78,-130022.12,590.68,965764.65,57481.1,81170.29,117710.6,-117710.6,9.0,12.0
2025-03-27,WHEAT,Spring Wheat,2025-03,299.42,292.43,1.37,6.99,-256.0,-7756.56,-8012.56,-76650.5,-2268223.69,-2344874.19,30.3,24884.16,-105137.96,574.64,963031.36,56451.72,79716.67,116477.2,-116477.2,9.0,12.0
2025-03-28,WHEAT,Spring Wheat,2025-03,303.0,295.65,1.37,7.36,-1835.0,-7756.56,-9591.56,-556008.67,-2293195.94,-2849204.61,4.23,-25890.26,-131028.22,4092.48,949121.75,55384.1,78209.06,136900.14,-136900.14,10.0,12.0
2025-03-31,WHEAT,Spring Wheat,2025-03,305.97,302.84,1.37,3.13,2214.0,-7756.56,-5542.56,677422.01,-2348985.0,-1671562.99,3.5,-61239.01,-192267.23,4646.79,1025809.42,58492.47,82598.45,90352.37,-90352.37,12.0,12.0
2025-04-01,WHEAT,Spring Wheat,2025-05,306.87,303.96,1.37,2.91,2214.0,-7484.4,-5270.4,679410.18,-2274972.44,-1595562.26,3.38,-6725.55,-198992.77,4866.76,484040.87,58341.44,82385.18,86572.22,-86572.22,12.0,4.0
2025-04-02,WHEAT,Spring Wheat,2025-05,305.66,305.1,1.37,0.56,2214.0,-7484.4,-5270.4,676735.67,-2283482.96,-1606747.29,3.38,-11185.02,-210177.8,5560.54,462947.76,58001.61,81905.3,87104.72,-87104.72,12.0,4.0
2025-04-03,WHEAT,Spring Wheat,2025-05,310.63,308.02,1.37,2.61,2605.0,-7484.4,-4879.4,809180.73,-2305323.18,-1496142.45,2.87,-10849.93,-221027.73,6297.98,421317.37,53131.76,75028.49,82898.93,-82898.93,10.0,4.0
2025-04-04,WHEAT,Spring Wheat,2025-05,305.41,304.19,1.37,1.21,2339.0,-7484.4,-5145.4,714344.63,-2276715.56,-1562370.93,3.2,15009.52,-206018.21,5982.04,459663.47,51829.37,73189.35,85261.99,-85261.99,11.0,4.0
2025-04-07,WHEAT,Spring Wheat,2025-05,305.25,302.48,1.37,2.77,2339.0,-7484.4,-5145.4,713975.07,-2263898.53,-1549923.45,3.2,12447.47,-193570.73,6087.99,460179.6,49547.46,69967.02,84635.92,-84635.92,11.0,4.0
2025-04-08,WHEAT,Spring Wheat,2025-05,308.34,306.63,1.37,1.71,5302.0,-7484.4,-2182.4,1634829.28,-2294967.02,-660137.73,1.41,-23831.63,-217402.36,14269.24,502030.55,46374.95,65487.05,49355.18,-49355.18,12.0,4.0
2025-04-09,WHEAT,Spring Wheat,2025-05,307.37,305.74,1.37,1.63,5302.0,-7484.4,-2182.4,1629665.14,-2288302.16,-658637.02,1.41,1500.71,-215901.65,14253.71,436199.23,46160.92,65184.82,49228.5,-49228.5,12.0,4.0
2025-04-10,WHEAT,Spring Wheat,2025-05,307.08,302.72,1.37,4.37,5302.0,-7484.4,-2182.4,1628148.76,-2265641.64,-637492.88,1.41,21144.15,-194757.51,14066.84,455957.89,46972.37,66330.67,48156.13,-48156.13,12.0,4.0
2025-04-11,WHEAT,Spring Wheat,2025-05,304.79,300.19,1.36,4.6,11001.0,-7484.4,3516.6,3353016.79,-2246762.99,1106253.8,0.68,6737.07,-188020.43,28038.38,491190.78,46502.7,65667.45,-21782.52,21782.52,11.0,4.0
2025-04-14,WHEAT,Spring Wheat,2025-05,306.28,302.49,1.36,3.79,11001.0,-7484.4,3516.6,3369430.28,-2263965.14,1105465.15,0.68,-788.65,-188809.09,27012.12,468092.69,38937.56,54984.56,-21578.95,21578.95,11.0,4.0
2025-04-15,WHEAT,Spring Wheat,2025-05,309.44,303.44,1.36,6.0,11001.0,-7484.4,3516.6,3404193.44,-2271090.29,1133103.16,0.68,27638.01,-161171.08,27307.28,470177.19,40293.9,56899.86,-22613.22,22613.22,11.0,4.0
2025-04-16,WHEAT,Spring Wheat,2025-05,312.6,305.46,1.36,7.15,16404.0,-10206.0,6198.0,5127956.02,-3117483.94,2010472.08,0.62,19698.56,-141472.52,41131.6,674237.75,39123.23,55246.75,-49244.04,49244.04,13.0,6.0
2025-04-17,WHEAT,Spring Wheat,2025-05,313.26,308.95,1.37,4.32,9054.0,-10206.0,-1152.0,2836292.26,-3153130.43,-316838.18,1.13,-24819.86,-166292.37,22070.62,685019.45,39670.92,56020.15,44204.83,-44204.83,13.0,6.0
2025-04-18,WHEAT,Spring Wheat,2025-05,306.09,301.59,1.36,4.49,15022.0,-10206.0,4816.0,4598053.94,-3078064.28,1519989.65,0.68,10094.65,-156197.73,36303.5,692036.27,39072.63,55175.29,-30018.94,30018.94,12.0,6.0
2025-04-21,WHEAT,Spring Wheat,2025-05,305.94,299.74,1.36,6.2,15022.0,-11702.88,3319.12,4595860.72,-3507868.06,1087992.66,0.78,16683.81,-139513.92,36256.03,679825.92,38953.2,55006.65,-8441.03,8441.03,12.0,7.0
2025-04-22,WHEAT,Spring Wheat,2025-05,306.0,298.52,1.37,7.48,9997.0,-20003.76,-10006.76,3059082.0,-5971582.45,-2912500.45,2.0,15160.49,-124353.43,23187.57,914261.72,39066.84,55167.11,176215.84,-176215.84,11.0,8.0
2025-04-23,WHEAT,Spring Wheat,2025-05,300.46,294.51,1.37,5.95,13933.0,-20003.76,-6070.76,4186309.18,-5891285.35,-1704976.17,1.44,24913.71,-99439.72,30365.4,834732.36,37326.12,52709.01,127111.9,-127111.9,12.0,8.0
2025-04-24,WHEAT,Spring Wheat,2025-05,297.17,293.6,1.37,3.57,13933.0,-20003.76,-6070.76,4140497.48,-5873197.95,-1732700.48,1.44,-27724.3,-127164.02,29067.2,894838.87,37654.67,53172.96,128040.0,-128040.0,12.0,8.0
2025-04-25,WHEAT,Spring Wheat,2025-05,299.91,293.7,1.37,6.21,8287.0,-20003.76,-11716.76,2485387.32,-5875116.31,-3389729.0,2.41,36285.93,-90878.09,16625.07,889552.06,38761.03,54735.27,194340.32,-194340.32,11.0,8.0
2025-04-28,WHEAT,Spring Wheat,2025-05,294.74,294.24,1.36,0.51,8287.0,-20003.76,-11716.76,2442526.95,-5885826.33,-3443299.37,2.41,-53570.38,-144448.47,17809.33,855176.99,37032.79,52294.79,196590.24,-196590.24,11.0,8.0
2025-04-29,WHEAT,Spring Wheat,2025-05,294.3,294.07,1.36,0.23,8287.0,-20003.76,-11716.76,2438897.25,-5882561.71,-3443664.47,2.41,-365.09,-144813.56,18999.79,875994.54,36882.48,52082.54,196572.2,-196572.2,11.0,8.0
2025-04-30,WHEAT,Spring Wheat,2025-05,296.86,292.92,1.36,3.95,8287.0,-20003.76,-11716.76,2460095.39,-5859437.37,-3399341.97,2.41,44322.49,-100491.07,17942.42,854959.88,39480.56,55751.34,194568.05,-194568.05,11.0,8.0
2025-05-01,WHEAT,Spring Wheat,2025-05,293.98,288.55,1.36,5.43,3335.0,-20003.76,-16668.76,980429.97,-5772108.95,-4791678.98,6.0,63461.85,-37029.22,7223.68,839206.85,44300.93,62558.28,249388.25,-249388.25,12.0,8.0
2025-05-02,WHEAT,Spring Wheat,2025-05,294.1,289.65,1.36,4.45,3335.0,-14152.32,-10817.32,980816.83,-4099259.11,-3118442.28,4.24,-21649.28,-58678.5,6866.27,985462.8,45656.02,64471.84,165730.28,-165730.28,12.0,9.0
2025-05-05,WHEAT,Spring Wheat,2025-05,298.18,291.15,1.36,7.03,3335.0,-14152.32,-10817.32,994436.97,-4120430.99,-3125994.02,4.24,-7551.73,-66230.23,7064.83,955455.76,45932.56,64862.34,166244.07,-166244.07,12.0,9.0
2025-05-06,WHEAT,Spring Wheat,2025-05,298.56,292.74,1.36,5.82,3335.0,-14152.32,-10817.32,995690.93,-4142950.16,-3147259.23,4.24,-21265.21,-87495.44,6789.84,1012504.36,45699.96,64533.88,167319.87,-167319.87,12.0,9.0
2025-05-07,WHEAT,Spring Wheat,2025-05,301.02,297.0,1.36,4.03,3335.0,-14152.32,-10817.32,1003908.37,-4203193.75,-3199285.38,4.24,-52026.16,-139521.6,6386.18,953613.64,50548.17,71380.14,170003.35,-170003.35,12.0,9.0
2025-05-08,WHEAT,Spring Wheat,2025-05,297.54,297.23,1.36,0.31,7779.0,-14152.32,-6373.32,2314563.66,-4206465.77,-1891902.11,1.82,-14884.49,-154406.08,16800.45,1028069.56,50526.56,71349.63,117740.74,-117740.74,13.0,9.0
2025-05-09,WHEAT,Spring Wheat,2025-05,299.27,293.95,1.36,5.32,7779.0,-25446.96,-17667.96,2328052.45,-7480144.07,-5152091.62,3.27,59874.43,-94531.65,16850.92,1178207.55,54855.83,77463.08,280885.11,-280885.11,13.0,11.0
2025-05-12,WHEAT,Spring Wheat,2025-05,298.61,295.45,1.36,3.17,8577.0,-25446.96,-16869.96,2561195.12,-7518212.72,-4957017.6,2.97,-43218.35,-137750.0,18724.92,1208634.98,57625.11,81373.64,273462.83,-273462.83,13.0,11.0
2025-05-13,WHEAT,Spring Wheat,2025-05,295.15,292.79,1.36,2.36,8577.0,-25446.96,-16869.96,2531518.7,-7450727.39,-4919208.68,2.97,37808.92,-99941.08,18956.85,1205749.47,58376.81,82435.13,271275.62,-271275.62,13.0,11.0
2025-05-14,WHEAT,Spring Wheat,2025-05,299.26,294.98,1.36,4.27,8577.0,-25446.96,-16869.96,2566735.87,-7506446.05,-4939710.18,2.97,-20501.5,-120442.59,18125.67,1302196.23,58618.84,82776.91,272652.87,-272652.87,13.0,11.0
2025-05-15,WHEAT,Spring Wheat,2025-05,293.03,293.81,1.35,-0.79,8577.0,-33203.52,-24626.52,2513301.16,-9755659.03,-7242357.87,3.87,-23661.77,-144104.35,20538.9,1407500.01,58547.12,82675.63,387250.91,-387250.91,13.0,12.0
2025-05-16,WHEAT,Spring Wheat,2025-05,295.5,290.52,1.35,4.98,8577.0,-33203.52,-24626.52,2534520.65,-9646286.63,-7111765.98,3.87,130591.89,-13512.46,20605.6,1377381.92,75594.46,106748.54,380933.51,-380933.51,13.0,12.0
2025-05-19,WHEAT,Spring Wheat,2025-05,295.16,292.92,1.35,2.24,17974.0,-33203.52,-15229.52,5305241.79,-9726074.69,-4420832.9,1.85,-82704.24,-96216.7,42720.49,1416860.24,82384.27,116336.57,274094.06,-274094.06,13.0,12.0
2025-05-20,WHEAT,Spring Wheat,2025-05,300.38,297.59,1.35,2.79,20541.0,-33203.52,-12662.52,6170146.66,-9881168.33,-3711021.67,1.62,-61269.36,-157486.06,45683.36,1272064.5,85426.57,120632.67,247252.55,-247252.55,13.0,12.0
2025-05-21,WHEAT,Spring Wheat,2025-05,308.3,303.4,1.35,4.9,18916.0,-33203.52,-14287.52,5831878.46,-10073914.76,-4242036.3,1.76,-30020.63,-187506.69,41187.65,1386755.37,85382.65,120570.65,270420.6,-270420.6,12.0,12.0
2025-05-22,WHEAT,Spring Wheat,2025-05,304.19,300.12,1.35,4.07,16559.0,-33203.52,-16644.52,5037082.21,-9964990.62,-4927908.41,2.01,31103.72,-156402.97,36109.56,1500143.09,85837.78,121213.35,296766.24,-296766.24,10.0,12.0
2025-05-23,WHEAT,Spring Wheat,2025-05,300.87,299.17,1.35,1.7,19094.0,-33203.52,-14109.52,5744811.78,-9933613.29,-4188801.51,1.74,-23598.55,-180001.52,40575.18,1396505.88,84902.74,119892.95,266888.19,-266888.19,12.0,12.0
2025-05-26,WHEAT,Spring Wheat,2025-05,300.13,294.37,1.35,5.76,19094.0,-33203.52,-14109.52,5730644.03,-9774037.17,-4043393.14,1.74,145408.37,-34593.15,39730.74,1392920.55,98981.63,139774.07,259476.1,-259476.1,12.0,12.0
2025-05-27,WHEAT,Spring Wheat,2025-05,296.8,294.6,1.35,2.21,19094.0,-33203.52,-14109.52,5667175.58,-9781657.38,-4114481.81,1.74,-71088.66,-105681.82,37338.79,1419605.46,102941.55,145365.95,262395.85,-262395.85,12.0,12.0
2025-05-28,WHEAT,Spring Wheat,2025-05,298.04,293.52,1.35,4.53,18731.0,-33203.52,-14472.52,5582662.16,-9745797.58,-4163135.42,1.77,59536.36,-46145.46,36781.68,1438914.64,103986.47,146841.5,263983.39,-263983.39,11.0,12.0
2025-05-29,WHEAT,Spring Wheat,2025-05,299.51,299.0,1.35,0.51,18731.0,-23541.84,-4810.84,5610121.81,-7038963.08,-1428841.27,1.26,-154528.85,-200674.3,38316.31,1463359.24,116133.68,163994.83,127543.28,-127543.28,11.0,13.0
2025-05-30,WHEAT,Spring Wheat,2025-05,297.41,295.46,1.34,1.95,15038.0,-23541.84,-8503.84,4472421.5,-6955592.0,-2483170.5,1.57,43998.51,-156675.79,30975.53,1472418.1,117559.86,166008.77,168882.74,-168882.74,12.0,13.0
2025-06-02,WHEAT,Spring Wheat,2025-07,293.35,297.75,1.34,-4.4,15078.0,-21364.56,-6286.56,4423131.3,-6361255.01,-1938123.71,1.42,-114967.98,-271643.77,38008.34,848461.66,124388.9,175652.2,141137.5,-141137.5,10.0,6.0
2025-06-03,WHEAT,Spring Wheat,2025-07,292.97,291.45,1.35,1.52,15078.0,-21364.56,-6286.56,4417371.5,-6226733.06,-1809361.55,1.42,128762.16,-142881.61,36645.73,823425.82,134401.72,189791.52,134641.79,-134641.79,10.0,6.0
2025-06-04,WHEAT,Spring Wheat,2025-07,290.49,289.57,1.34,0.91,15078.0,-21364.56,-6286.56,4379978.06,-6186621.1,-1806643.03,1.42,2718.52,-140163.09,36670.25,885542.74,133037.63,187865.26,134131.93,-134131.93,10.0,6.0
2025-06-05,WHEAT,Spring Wheat,2025-07,287.67,287.16,1.34,0.51,15078.0,-21364.56,-6286.56,4337458.1,-6135089.78,-1797631.67,1.42,9011.36,-131151.73,36542.67,830780.53,132947.47,187737.94,133256.16,-133256.16,10.0,6.0
2025-06-06,WHEAT,Spring Wheat,2025-07,287.44,284.48,1.34,2.96,15078.0,-21364.56,-6286.56,4334020.32,-6077832.76,-1743812.44,1.42,53819.24,-77332.5,35141.46,776278.75,132582.57,187222.67,130530.83,-130530.83,10.0,6.0
2025-06-09,WHEAT,Spring Wheat,2025-07,284.08,283.85,1.34,0.23,15078.0,-21364.56,-6286.56,4283388.4,-6064377.36,-1780988.96,1.42,-37176.52,-114509.02,35673.52,798711.7,132313.22,186842.3,131883.33,-131883.33,10.0,6.0
2025-06-10,WHEAT,Spring Wheat,2025-07,284.85,282.12,1.34,2.73,15078.0,-21364.56,-6286.56,4294968.3,-6027446.58,-1732478.28,1.42,48510.68,-65998.34,35719.53,748845.56,132795.97,187524.01,129573.6,-129573.6,10.0,6.0
2025-06-11,WHEAT,Spring Wheat,2025-07,275.04,277.88,1.34,-2.84,15078.0,-21364.56,-6286.56,4147053.12,-5936694.2,-1789641.08,1.42,-57162.8,-123161.14,38652.86,833505.02,134353.85,189723.92,130952.59,-130952.59,10.0,6.0
2025-06-12,WHEAT,Spring Wheat,2025-07,277.83,276.84,1.34,0.98,12562.0,-21364.56,-8802.56,3490075.34,-5914650.25,-2424574.91,1.7,64081.42,-59079.72,31385.19,835047.56,136041.9,192107.66,156129.5,-156129.5,9.0,6.0
2025-06-13,WHEAT,Spring Wheat,2025-07,281.88,278.61,1.34,3.27,12562.0,-21364.56,-8802.56,3540951.44,-5952439.88,-2411488.45,1.7,13086.47,-45993.26,30343.65,827102.47,127013.7,179358.74,155983.94,-155983.94,9.0,6.0
2025-06-16,WHEAT,Spring Wheat,2025-07,275.01,273.36,1.34,1.65,9675.0,-21364.56,-11689.56,2660702.4,-5840216.12,-3179513.72,2.21,25922.82,-20070.44,23353.61,877697.82,123347.83,174182.09,185582.71,-185582.71,8.0,6.0
2025-06-17,WHEAT,Spring Wheat,2025-07,275.22,276.58,1.34,-1.36,9675.0,-21364.56,-11689.56,2662753.5,-5908924.55,-3246171.05,2.21,-66657.32,-86727.76,24192.68,881724.45,123770.44,174778.87,188936.09,-188936.09,8.0,6.0
2025-06-18,WHEAT,Spring Wheat,2025-07,277.87,282.53,1.34,-4.66,5231.0,-21364.56,-16133.56,1453537.97,-6036035.13,-4582497.16,4.08,-101471.84,-188199.6,14312.53,835652.56,129233.26,182493.03,243660.24,-243660.24,7.0,6.0
2025-06-19,WHEAT,Spring Wheat,2025-07,285.34,285.55,1.34,-0.21,5231.0,-21364.56,-16133.56,1492613.54,-6100735.57,-4608122.03,4.08,-25624.86,-213824.46,13908.17,769543.66,128969.31,182120.29,245332.24,-245332.24,7.0,6.0
2025-06-20,WHEAT,Spring Wheat,2025-07,282.72,280.29,1.34,2.43,10183.0,-21364.56,-11181.56,2878897.03,-5988225.52,-3109328.49,2.1,98783.9,-115040.56,27243.16,862160.22,133958.69,189165.91,184255.39,-184255.39,6.0,6.0
2025-06-23,WHEAT,Spring Wheat,2025-07,281.58,281.75,1.34,-0.17,10183.0,-21364.56,-11181.56,2867308.77,-6019430.6,-3152121.82,2.1,-42793.33,-157833.89,24740.58,860076.79,122878.37,173519.16,186279.18,-186279.18,6.0,6.0
2025-06-24,WHEAT,Spring Wheat,2025-07,283.01,282.66,1.34,0.35,9560.0,-21364.56,-11804.56,2705594.72,-6038897.98,-3333303.26,2.23,-4864.97,-162698.85,22960.83,851799.15,120265.89,169830.01,193721.11,-193721.11,5.0,6.0
2025-06-25,WHEAT,Spring Wheat,2025-07,287.8,287.24,1.34,0.56,9560.0,-21364.56,-11804.56,2751348.88,-6136807.49,-3385458.61,2.23,-52155.35,-214854.2,21145.08,874416.41,119017.34,168066.91,196786.42,-196786.42,5.0,6.0
2025-06-26,WHEAT,Spring Wheat,2025-07,290.53,285.44,1.35,5.08,9560.0,-21364.56,-11804.56,2777447.68,-6098385.46,-3320937.78,2.23,64520.82,-150333.37,23450.83,808167.85,107358.11,151602.66,193821.37,-193821.37,5.0,6.0
2025-06-27,WHEAT,Spring Wheat,2025-07,287.68,287.33,1.35,0.35,9560.0,-21364.56,-11804.56,2750239.92,-6138764.48,-3388524.56,2.23,-67586.78,-217920.15,23247.59,915776.9,109060.53,154006.69,196928.63,-196928.63,5.0,6.0
2025-06-30,WHEAT,Spring Wheat,2025-07,291.37,289.26,1.35,2.1,9560.0,-21364.56,-11804.56,2785478.08,-6180008.77,-3394530.69,2.23,-6006.12,-223926.28,20678.72,815134.85,100079.87,141324.9,197581.32,-197581.32,5.0,6.0
