date,commodity_id,region,cash_price_cad_mt
2025-01-02,WHEAT,Manitoba,298.37
2025-01-03,WHEAT,Manitoba,307.74
2025-01-06,WHEAT,Manitoba,306.89
2025-01-07,WHEAT,Manitoba,301.8
2025-01-08,WHEAT,Manitoba,299.04
2025-01-09,WHEAT,Manitoba,300.69
2025-01-10,WHEAT,Manitoba,291.55
2025-01-13,WHEAT,Manitoba,289.7
2025-01-14,WHEAT,Manitoba,285.32
2025-01-15,WHEAT,Manitoba,293.44
2025-01-16,WHEAT,Manitoba,297.26
2025-01-17,WHEAT,Manitoba,301.76
2025-01-20,WHEAT,Manitoba,307.89
2025-01-21,WHEAT,Manitoba,305.1
2025-01-22,WHEAT,Manitoba,306.92
2025-01-23,WHEAT,Manitoba,304.02
2025-01-24,WHEAT,Manitoba,298.34
2025-01-27,WHEAT,Manitoba,298.2
2025-01-28,WHEAT,Manitoba,295.78
2025-01-29,WHEAT,Manitoba,294.42
2025-01-30,WHEAT,Manitoba,293.69
2025-01-31,WHEAT,Manitoba,297.82
2025-02-03,WHEAT,Manitoba,295.03
2025-02-04,WHEAT,Manitoba,290.31
2025-02-05,WHEAT,Manitoba,293.02
2025-02-06,WHEAT,Manitoba,291.3
2025-02-07,WHEAT,Manitoba,282.45
2025-02-10,WHEAT,Manitoba,293.65
2025-02-11,WHEAT,Manitoba,298.47
2025-02-12,WHEAT,Manitoba,301.29
2025-02-13,WHEAT,Manitoba,301.98
2025-02-14,WHEAT,Manitoba,294.94
2025-02-17,WHEAT,Manitoba,286.81
2025-02-18,WHEAT,Manitoba,284.0
2025-02-19,WHEAT,Manitoba,295.18
2025-02-20,WHEAT,Manitoba,295.3
2025-02-21,WHEAT,Manitoba,301.11
2025-02-24,WHEAT,Manitoba,295.92
2025-02-25,WHEAT,Manitoba,293.4
2025-02-26,WHEAT,Manitoba,289.94
2025-02-27,WHEAT,Manitoba,295.36
2025-02-28,WHEAT,Manitoba,297.39
2025-03-03,WHEAT,Manitoba,294.02
2025-03-04,WHEAT,Manitoba,293.68
2025-03-05,WHEAT,Manitoba,295.81
2025-03-06,WHEAT,Manitoba,289.62
2025-03-07,WHEAT,Manitoba,285.84
2025-03-10,WHEAT,Manitoba,290.04
2025-03-11,WHEAT,Manitoba,291.24
2025-03-12,WHEAT,Manitoba,294.24
2025-03-13,WHEAT,Manitoba,294.05
2025-03-14,WHEAT,Manitoba,289.14
2025-03-17,WHEAT,Manitoba,295.17
2025-03-18,WHEAT,Manitoba,303.42
2025-03-19,WHEAT,Manitoba,291.94
2025-03-20,WHEAT,Manitoba,291.04
2025-03-21,WHEAT,Manitoba,293.18
2025-03-24,WHEAT,Manitoba,304.86
2025-03-25,WHEAT,Manitoba,305.36
2025-03-26,WHEAT,Manitoba,301.48
2025-03-27,WHEAT,Manitoba,303.19
2025-03-28,WHEAT,Manitoba,292.01
2025-03-31,WHEAT,Manitoba,308.93
2025-04-01,WHEAT,Manitoba,313.1
2025-04-02,WHEAT,Manitoba,301.31
2025-04-03,WHEAT,Manitoba,308.28
2025-04-04,WHEAT,Manitoba,303.77
2025-04-07,WHEAT,Manitoba,300.79
2025-04-08,WHEAT,Manitoba,304.79
2025-04-09,WHEAT,Manitoba,310.74
2025-04-10,WHEAT,Manitoba,312.37
2025-04-11,WHEAT,Manitoba,301.05
2025-04-14,WHEAT,Manitoba,310.93
2025-04-15,WHEAT,Manitoba,307.23
2025-04-16,WHEAT,Manitoba,314.35
2025-04-17,WHEAT,Manitoba,310.95
2025-04-18,WHEAT,Manitoba,304.08
2025-04-21,WHEAT,Manitoba,304.88
2025-04-22,WHEAT,Manitoba,316.06
2025-04-23,WHEAT,Manitoba,303.5
2025-04-24,WHEAT,Manitoba,294.95
2025-04-25,WHEAT,Manitoba,300.78
2025-04-28,WHEAT,Manitoba,295.73
2025-04-29,WHEAT,Manitoba,291.76
2025-04-30,WHEAT,Manitoba,297.44
2025-05-01,WHEAT,Manitoba,292.68
2025-05-02,WHEAT,Manitoba,292.82
2025-05-05,WHEAT,Manitoba,294.35
2025-05-06,WHEAT,Manitoba,297.04
2025-05-07,WHEAT,Manitoba,300.9
2025-05-08,WHEAT,Manitoba,291.05
2025-05-09,WHEAT,Manitoba,299.64
2025-05-12,WHEAT,Manitoba,292.45
2025-05-13,WHEAT,Manitoba,291.24
2025-05-14,WHEAT,Manitoba,297.24
2025-05-15,WHEAT,Manitoba,292.86
2025-05-16,WHEAT,Manitoba,289.98
2025-05-19,WHEAT,Manitoba,296.67
2025-05-20,WHEAT,Manitoba,294.57
2025-05-21,WHEAT,Manitoba,303.32
2025-05-22,WHEAT,Manitoba,300.31
2025-05-23,WHEAT,Manitoba,301.69
2025-05-26,WHEAT,Manitoba,299.13
2025-05-27,WHEAT,Manitoba,292.43
2025-05-28,WHEAT,Manitoba,300.19
2025-05-29,WHEAT,Manitoba,300.73
2025-05-30,WHEAT,Manitoba,288.81
2025-06-02,WHEAT,Manitoba,286.84
2025-06-03,WHEAT,Manitoba,291.21
2025-06-04,WHEAT,Manitoba,287.86
2025-06-05,WHEAT,Manitoba,285.63
2025-06-06,WHEAT,Manitoba,284.59
2025-06-09,WHEAT,Manitoba,283.42
2025-06-10,WHEAT,Manitoba,286.07
2025-06-11,WHEAT,Manitoba,273.51
2025-06-12,WHEAT,Manitoba,269.7
2025-06-13,WHEAT,Manitoba,275.2
2025-06-16,WHEAT,Manitoba,277.58
2025-06-17,WHEAT,Manitoba,278.75
2025-06-18,WHEAT,Manitoba,276.51
2025-06-19,WHEAT,Manitoba,275.44
2025-06-20,WHEAT,Manitoba,275.69
2025-06-23,WHEAT,Manitoba,278.27
2025-06-24,WHEAT,Manitoba,280.21
2025-06-25,WHEAT,Manitoba,285.15
2025-06-26,WHEAT,Manitoba,286.52
2025-06-27,WHEAT,Manitoba,284.51
2025-06-30,WHEAT,Manitoba,291.92
2025-01-02,WHEAT,Saskatchewan,297.28
2025-01-03,WHEAT,Saskatchewan,294.06
2025-01-06,WHEAT,Saskatchewan,298.39
2025-01-07,WHEAT,Saskatchewan,286.72
2025-01-08,WHEAT,Saskatchewan,296.08
2025-01-09,WHEAT,Saskatchewan,292.2
2025-01-10,WHEAT,Saskatchewan,287.41
2025-01-13,WHEAT,Saskatchewan,291.75
2025-01-14,WHEAT,Saskatchewan,283.7
2025-01-15,WHEAT,Saskatchewan,296.59
2025-01-16,WHEAT,Saskatchewan,292.62
2025-01-17,WHEAT,Saskatchewan,298.36
2025-01-20,WHEAT,Saskatchewan,304.88
2025-01-21,WHEAT,Saskatchewan,297.61
2025-01-22,WHEAT,Saskatchewan,293.23
2025-01-23,WHEAT,Saskatchewan,298.53
2025-01-24,WHEAT,Saskatchewan,297.01
2025-01-27,WHEAT,Saskatchewan,291.21
2025-01-28,WHEAT,Saskatchewan,296.05
2025-01-29,WHEAT,Saskatchewan,296.36
2025-01-30,WHEAT,Saskatchewan,300.26
2025-01-31,WHEAT,Saskatchewan,297.04
2025-02-03,WHEAT,Saskatchewan,299.97
2025-02-04,WHEAT,Saskatchewan,284.29
2025-02-05,WHEAT,Saskatchewan,286.2
2025-02-06,WHEAT,Saskatchewan,282.77
2025-02-07,WHEAT,Saskatchewan,286.58
2025-02-10,WHEAT,Saskatchewan,288.36
2025-02-11,WHEAT,Saskatchewan,290.32
2025-02-12,WHEAT,Saskatchewan,301.08
2025-02-13,WHEAT,Saskatchewan,293.7
2025-02-14,WHEAT,Saskatchewan,292.94
2025-02-17,WHEAT,Saskatchewan,285.76
2025-02-18,WHEAT,Saskatchewan,285.14
2025-02-19,WHEAT,Saskatchewan,290.33
2025-02-20,WHEAT,Saskatchewan,292.08
2025-02-21,WHEAT,Saskatchewan,297.12
2025-02-24,WHEAT,Saskatchewan,294.61
2025-02-25,WHEAT,Saskatchewan,291.66
2025-02-26,WHEAT,Saskatchewan,293.78
2025-02-27,WHEAT,Saskatchewan,288.53
2025-02-28,WHEAT,Saskatchewan,292.67
2025-03-03,WHEAT,Saskatchewan,295.08
2025-03-04,WHEAT,Saskatchewan,295.95
2025-03-05,WHEAT,Saskatchewan,292.14
2025-03-06,WHEAT,Saskatchewan,291.68
2025-03-07,WHEAT,Saskatchewan,286.82
2025-03-10,WHEAT,Saskatchewan,290.1
2025-03-11,WHEAT,Saskatchewan,290.51
2025-03-12,WHEAT,Saskatchewan,288.34
2025-03-13,WHEAT,Saskatchewan,290.8
2025-03-14,WHEAT,Saskatchewan,278.48
2025-03-17,WHEAT,Saskatchewan,295.13
2025-03-18,WHEAT,Saskatchewan,279.58
2025-03-19,WHEAT,Saskatchewan,286.2
2025-03-20,WHEAT,Saskatchewan,297.82
2025-03-21,WHEAT,Saskatchewan,299.04
2025-03-24,WHEAT,Saskatchewan,296.59
2025-03-25,WHEAT,Saskatchewan,298.89
2025-03-26,WHEAT,Saskatchewan,303.93
2025-03-27,WHEAT,Saskatchewan,292.89
2025-03-28,WHEAT,Saskatchewan,308.17
2025-03-31,WHEAT,Saskatchewan,303.84
2025-04-01,WHEAT,Saskatchewan,304.98
2025-04-02,WHEAT,Saskatchewan,308.79
2025-04-03,WHEAT,Saskatchewan,306.82
2025-04-04,WHEAT,Saskatchewan,299.27
2025-04-07,WHEAT,Saskatchewan,300.43
2025-04-08,WHEAT,Saskatchewan,302.46
2025-04-09,WHEAT,Saskatchewan,296.07
2025-04-10,WHEAT,Saskatchewan,300.49
2025-04-11,WHEAT,Saskatchewan,295.93
2025-04-14,WHEAT,Saskatchewan,303.51
2025-04-15,WHEAT,Saskatchewan,303.73
2025-04-16,WHEAT,Saskatchewan,302.7
2025-04-17,WHEAT,Saskatchewan,307.39
2025-04-18,WHEAT,Saskatchewan,300.95
2025-04-21,WHEAT,Saskatchewan,302.39
2025-04-22,WHEAT,Saskatchewan,295.85
2025-04-23,WHEAT,Saskatchewan,292.43
2025-04-24,WHEAT,Saskatchewan,298.7
2025-04-25,WHEAT,Saskatchewan,291.76
2025-04-28,WHEAT,Saskatchewan,288.01
2025-04-29,WHEAT,Saskatchewan,292.0
2025-04-30,WHEAT,Saskatchewan,292.16
2025-05-01,WHEAT,Saskatchewan,282.93
2025-05-02,WHEAT,Saskatchewan,289.13
2025-05-05,WHEAT,Saskatchewan,293.74
2025-05-06,WHEAT,Saskatchewan,293.69
2025-05-07,WHEAT,Saskatchewan,298.23
2025-05-08,WHEAT,Saskatchewan,289.68
2025-05-09,WHEAT,Saskatchewan,294.8
2025-05-12,WHEAT,Saskatchewan,291.66
2025-05-13,WHEAT,Saskatchewan,291.58
2025-05-14,WHEAT,Saskatchewan,297.46
2025-05-15,WHEAT,Saskatchewan,294.94
2025-05-16,WHEAT,Saskatchewan,296.43
2025-05-19,WHEAT,Saskatchewan,295.11
2025-05-20,WHEAT,Saskatchewan,296.0
2025-05-21,WHEAT,Saskatchewan,302.85
2025-05-22,WHEAT,Saskatchewan,302.22
2025-05-23,WHEAT,Saskatchewan,298.86
2025-05-26,WHEAT,Saskatchewan,295.04
2025-05-27,WHEAT,Saskatchewan,296.26
2025-05-28,WHEAT,Saskatchewan,293.55
2025-05-29,WHEAT,Saskatchewan,294.06
2025-05-30,WHEAT,Saskatchewan,291.22
2025-06-02,WHEAT,Saskatchewan,293.71
2025-06-03,WHEAT,Saskatchewan,287.77
2025-06-04,WHEAT,Saskatchewan,286.6
2025-06-05,WHEAT,Saskatchewan,285.23
2025-06-06,WHEAT,Saskatchewan,279.71
2025-06-09,WHEAT,Saskatchewan,282.05
2025-06-10,WHEAT,Saskatchewan,280.3
2025-06-11,WHEAT,Saskatchewan,269.51
2025-06-12,WHEAT,Saskatchewan,276.66
2025-06-13,WHEAT,Saskatchewan,274.07
2025-06-16,WHEAT,Saskatchewan,266.31
2025-06-17,WHEAT,Saskatchewan,266.09
2025-06-18,WHEAT,Saskatchewan,270.65
2025-06-19,WHEAT,Saskatchewan,282.15
2025-06-20,WHEAT,Saskatchewan,277.91
2025-06-23,WHEAT,Saskatchewan,276.75
2025-06-24,WHEAT,Saskatchewan,281.42
2025-06-25,WHEAT,Saskatchewan,284.64
2025-06-26,WHEAT,Saskatchewan,284.13
2025-06-27,WHEAT,Saskatchewan,283.9
2025-06-30,WHEAT,Saskatchewan,286.68
2025-01-02,WHEAT,Alberta,287.55
2025-01-03,WHEAT,Alberta,292.05
2025-01-06,WHEAT,Alberta,283.76
2025-01-07,WHEAT,Alberta,289.0
2025-01-08,WHEAT,Alberta,290.5
2025-01-09,WHEAT,Alberta,291.97
2025-01-10,WHEAT,Alberta,288.75
2025-01-13,WHEAT,Alberta,282.2
2025-01-14,WHEAT,Alberta,280.19
2025-01-15,WHEAT,Alberta,286.29
2025-01-16,WHEAT,Alberta,287.41
2025-01-17,WHEAT,Alberta,299.46
2025-01-20,WHEAT,Alberta,304.54
2025-01-21,WHEAT,Alberta,295.69
2025-01-22,WHEAT,Alberta,295.46
2025-01-23,WHEAT,Alberta,295.65
2025-01-24,WHEAT,Alberta,286.97
2025-01-27,WHEAT,Alberta,293.6
2025-01-28,WHEAT,Alberta,290.89
2025-01-29,WHEAT,Alberta,288.14
2025-01-30,WHEAT,Alberta,287.47
2025-01-31,WHEAT,Alberta,287.49
2025-02-03,WHEAT,Alberta,288.37
2025-02-04,WHEAT,Alberta,289.98
2025-02-05,WHEAT,Alberta,279.65
2025-02-06,WHEAT,Alberta,283.99
2025-02-07,WHEAT,Alberta,277.13
2025-02-10,WHEAT,Alberta,285.83
2025-02-11,WHEAT,Alberta,287.42
2025-02-12,WHEAT,Alberta,299.33
2025-02-13,WHEAT,Alberta,284.87
2025-02-14,WHEAT,Alberta,293.17
2025-02-17,WHEAT,Alberta,283.28
2025-02-18,WHEAT,Alberta,282.48
2025-02-19,WHEAT,Alberta,286.78
2025-02-20,WHEAT,Alberta,288.06
2025-02-21,WHEAT,Alberta,287.85
2025-02-24,WHEAT,Alberta,289.83
2025-02-25,WHEAT,Alberta,284.6
2025-02-26,WHEAT,Alberta,291.95
2025-02-27,WHEAT,Alberta,286.55
2025-02-28,WHEAT,Alberta,288.78
2025-03-03,WHEAT,Alberta,283.04
2025-03-04,WHEAT,Alberta,290.31
2025-03-05,WHEAT,Alberta,293.08
2025-03-06,WHEAT,Alberta,283.82
2025-03-07,WHEAT,Alberta,280.07
2025-03-10,WHEAT,Alberta,276.84
2025-03-11,WHEAT,Alberta,284.43
2025-03-12,WHEAT,Alberta,279.39
2025-03-13,WHEAT,Alberta,281.81
2025-03-14,WHEAT,Alberta,287.11
2025-03-17,WHEAT,Alberta,294.87
2025-03-18,WHEAT,Alberta,301.41
2025-03-19,WHEAT,Alberta,286.74
2025-03-20,WHEAT,Alberta,297.75
2025-03-21,WHEAT,Alberta,294.11
2025-03-24,WHEAT,Alberta,296.64
2025-03-25,WHEAT,Alberta,299.47
2025-03-26,WHEAT,Alberta,294.7
2025-03-27,WHEAT,Alberta,291.27
2025-03-28,WHEAT,Alberta,293.57
2025-03-31,WHEAT,Alberta,294.25
2025-04-01,WHEAT,Alberta,293.18
2025-04-02,WHEAT,Alberta,300.94
2025-04-03,WHEAT,Alberta,301.19
2025-04-04,WHEAT,Alberta,296.9
2025-04-07,WHEAT,Alberta,296.91
2025-04-08,WHEAT,Alberta,301.78
2025-04-09,WHEAT,Alberta,298.25
2025-04-10,WHEAT,Alberta,294.89
2025-04-11,WHEAT,Alberta,299.8
2025-04-14,WHEAT,Alberta,302.13
2025-04-15,WHEAT,Alberta,301.57
2025-04-16,WHEAT,Alberta,303.73
2025-04-17,WHEAT,Alberta,308.79
2025-04-18,WHEAT,Alberta,300.57
2025-04-21,WHEAT,Alberta,298.37
2025-04-22,WHEAT,Alberta,298.24
2025-04-23,WHEAT,Alberta,294.68
2025-04-24,WHEAT,Alberta,285.89
2025-04-25,WHEAT,Alberta,292.21
2025-04-28,WHEAT,Alberta,284.25
2025-04-29,WHEAT,Alberta,283.04
2025-04-30,WHEAT,Alberta,291.52
2025-05-01,WHEAT,Alberta,288.41
2025-05-02,WHEAT,Alberta,290.16
2025-05-05,WHEAT,Alberta,285.71
2025-05-06,WHEAT,Alberta,283.58
2025-05-07,WHEAT,Alberta,290.74
2025-05-08,WHEAT,Alberta,291.7
2025-05-09,WHEAT,Alberta,289.79
2025-05-12,WHEAT,Alberta,293.41
2025-05-13,WHEAT,Alberta,288.07
2025-05-14,WHEAT,Alberta,291.38
2025-05-15,WHEAT,Alberta,281.07
2025-05-16,WHEAT,Alberta,287.05
2025-05-19,WHEAT,Alberta,285.86
2025-05-20,WHEAT,Alberta,289.44
2025-05-21,WHEAT,Alberta,296.5
2025-05-22,WHEAT,Alberta,294.41
2025-05-23,WHEAT,Alberta,293.3
2025-05-26,WHEAT,Alberta,297.6
2025-05-27,WHEAT,Alberta,288.57
2025-05-28,WHEAT,Alberta,288.81
2025-05-29,WHEAT,Alberta,284.59
2025-05-30,WHEAT,Alberta,285.3
2025-06-02,WHEAT,Alberta,286.12
2025-06-03,WHEAT,Alberta,281.01
2025-06-04,WHEAT,Alberta,286.77
2025-06-05,WHEAT,Alberta,277.89
2025-06-06,WHEAT,Alberta,282.36
2025-06-09,WHEAT,Alberta,275.27
2025-06-10,WHEAT,Alberta,274.93
2025-06-11,WHEAT,Alberta,270.1
2025-06-12,WHEAT,Alberta,266.9
2025-06-13,WHEAT,Alberta,278.95
2025-06-16,WHEAT,Alberta,259.65
2025-06-17,WHEAT,Alberta,258.27
2025-06-18,WHEAT,Alberta,268.56
2025-06-19,WHEAT,Alberta,278.0
2025-06-20,WHEAT,Alberta,277.77
2025-06-23,WHEAT,Alberta,275.99
2025-06-24,WHEAT,Alberta,273.41
2025-06-25,WHEAT,Alberta,283.36
2025-06-26,WHEAT,Alberta,282.99
2025-06-27,WHEAT,Alberta,279.0
2025-06-30,WHEAT,Alberta,284.07
2025-01-02,WHEAT,Ontario,309.58
2025-01-03,WHEAT,Ontario,303.77
2025-01-06,WHEAT,Ontario,307.77
2025-01-07,WHEAT,Ontario,301.8
2025-01-08,WHEAT,Ontario,303.02
2025-01-09,WHEAT,Ontario,306.18
2025-01-10,WHEAT,Ontario,286.69
2025-01-13,WHEAT,Ontario,288.22
2025-01-14,WHEAT,Ontario,289.94
2025-01-15,WHEAT,Ontario,295.4
2025-01-16,WHEAT,Ontario,301.0
2025-01-17,WHEAT,Ontario,305.94
2025-01-20,WHEAT,Ontario,309.16
2025-01-21,WHEAT,Ontario,306.97
2025-01-22,WHEAT,Ontario,314.56
2025-01-23,WHEAT,Ontario,312.65
2025-01-24,WHEAT,Ontario,301.64
2025-01-27,WHEAT,Ontario,300.75
2025-01-28,WHEAT,Ontario,296.0
2025-01-29,WHEAT,Ontario,292.6
2025-01-30,WHEAT,Ontario,302.55
2025-01-31,WHEAT,Ontario,299.44
2025-02-03,WHEAT,Ontario,302.68
2025-02-04,WHEAT,Ontario,293.91
2025-02-05,WHEAT,Ontario,292.93
2025-02-06,WHEAT,Ontario,295.33
2025-02-07,WHEAT,Ontario,296.07
2025-02-10,WHEAT,Ontario,300.81
2025-02-11,WHEAT,Ontario,294.2
2025-02-12,WHEAT,Ontario,305.47
2025-02-13,WHEAT,Ontario,299.68
2025-02-14,WHEAT,Ontario,302.31
2025-02-17,WHEAT,Ontario,295.14
2025-02-18,WHEAT,Ontario,287.83
2025-02-19,WHEAT,Ontario,297.54
2025-02-20,WHEAT,Ontario,300.24
2025-02-21,WHEAT,Ontario,303.41
2025-02-24,WHEAT,Ontario,295.95
2025-02-25,WHEAT,Ontario,305.05
2025-02-26,WHEAT,Ontario,303.95
2025-02-27,WHEAT,Ontario,300.61
2025-02-28,WHEAT,Ontario,304.52
2025-03-03,WHEAT,Ontario,307.56
2025-03-04,WHEAT,Ontario,308.83
2025-03-05,WHEAT,Ontario,294.88
2025-03-06,WHEAT,Ontario,292.93
2025-03-07,WHEAT,Ontario,299.3
2025-03-10,WHEAT,Ontario,289.56
2025-03-11,WHEAT,Ontario,292.56
2025-03-12,WHEAT,Ontario,296.32
2025-03-13,WHEAT,Ontario,299.64
2025-03-14,WHEAT,Ontario,298.29
2025-03-17,WHEAT,Ontario,299.5
2025-03-18,WHEAT,Ontario,299.98
2025-03-19,WHEAT,Ontario,298.74
2025-03-20,WHEAT,Ontario,300.99
2025-03-21,WHEAT,Ontario,314.76
2025-03-24,WHEAT,Ontario,310.93
2025-03-25,WHEAT,Ontario,313.78
2025-03-26,WHEAT,Ontario,304.99
2025-03-27,WHEAT,Ontario,302.59
2025-03-28,WHEAT,Ontario,304.85
2025-03-31,WHEAT,Ontario,301.74
2025-04-01,WHEAT,Ontario,306.34
2025-04-02,WHEAT,Ontario,303.58
2025-04-03,WHEAT,Ontario,305.8
2025-04-04,WHEAT,Ontario,307.0
2025-04-07,WHEAT,Ontario,314.67
2025-04-08,WHEAT,Ontario,310.92
2025-04-09,WHEAT,Ontario,315.19
2025-04-10,WHEAT,Ontario,311.66
2025-04-11,WHEAT,Ontario,310.53
2025-04-14,WHEAT,Ontario,304.71
2025-04-15,WHEAT,Ontario,314.19
2025-04-16,WHEAT,Ontario,315.25
2025-04-17,WHEAT,Ontario,314.01
2025-04-18,WHEAT,Ontario,310.79
2025-04-21,WHEAT,Ontario,310.68
2025-04-22,WHEAT,Ontario,306.15
2025-04-23,WHEAT,Ontario,300.61
2025-04-24,WHEAT,Ontario,298.05
2025-04-25,WHEAT,Ontario,302.25
2025-04-28,WHEAT,Ontario,303.48
2025-04-29,WHEAT,Ontario,295.55
2025-04-30,WHEAT,Ontario,298.91
2025-05-01,WHEAT,Ontario,299.83
2025-05-02,WHEAT,Ontario,299.18
2025-05-05,WHEAT,Ontario,305.5
2025-05-06,WHEAT,Ontario,305.8
2025-05-07,WHEAT,Ontario,300.2
2025-05-08,WHEAT,Ontario,310.53
2025-05-09,WHEAT,Ontario,299.85
2025-05-12,WHEAT,Ontario,305.55
2025-05-13,WHEAT,Ontario,302.28
2025-05-14,WHEAT,Ontario,300.83
2025-05-15,WHEAT,Ontario,290.29
2025-05-16,WHEAT,Ontario,297.07
2025-05-19,WHEAT,Ontario,292.11
2025-05-20,WHEAT,Ontario,308.8
2025-05-21,WHEAT,Ontario,316.01
2025-05-22,WHEAT,Ontario,304.46
2025-05-23,WHEAT,Ontario,308.09
2025-05-26,WHEAT,Ontario,300.12
2025-05-27,WHEAT,Ontario,298.95
2025-05-28,WHEAT,Ontario,305.39
2025-05-29,WHEAT,Ontario,305.32
2025-05-30,WHEAT,Ontario,308.34
2025-06-02,WHEAT,Ontario,297.75
2025-06-03,WHEAT,Ontario,300.25
2025-06-04,WHEAT,Ontario,294.13
2025-06-05,WHEAT,Ontario,294.23
2025-06-06,WHEAT,Ontario,287.92
2025-06-09,WHEAT,Ontario,287.32
2025-06-10,WHEAT,Ontario,286.82
2025-06-11,WHEAT,Ontario,279.61
2025-06-12,WHEAT,Ontario,282.04
2025-06-13,WHEAT,Ontario,287.18
2025-06-16,WHEAT,Ontario,283.8
2025-06-17,WHEAT,Ontario,284.92
2025-06-18,WHEAT,Ontario,289.03
2025-06-19,WHEAT,Ontario,288.94
2025-06-20,WHEAT,Ontario,289.0
2025-06-23,WHEAT,Ontario,284.1
2025-06-24,WHEAT,Ontario,287.54
2025-06-25,WHEAT,Ontario,289.38
2025-06-26,WHEAT,Ontario,297.85
2025-06-27,WHEAT,Ontario,292.22
2025-06-30,WHEAT,Ontario,291.85
2025-01-02,WHEAT,British Columbia,320.26
2025-01-03,WHEAT,British Columbia,304.33
2025-01-06,WHEAT,British Columbia,303.92
2025-01-07,WHEAT,British Columbia,311.54
2025-01-08,WHEAT,British Columbia,310.26
2025-01-09,WHEAT,British Columbia,308.29
2025-01-10,WHEAT,British Columbia,298.19
2025-01-13,WHEAT,British Columbia,300.8
2025-01-14,WHEAT,British Columbia,309.7
2025-01-15,WHEAT,British Columbia,307.15
2025-01-16,WHEAT,British Columbia,309.7
2025-01-17,WHEAT,British Columbia,317.21
2025-01-20,WHEAT,British Columbia,318.52
2025-01-21,WHEAT,British Columbia,308.9
2025-01-22,WHEAT,British Columbia,312.76
2025-01-23,WHEAT,British Columbia,315.82
2025-01-24,WHEAT,British Columbia,303.99
2025-01-27,WHEAT,British Columbia,306.56
2025-01-28,WHEAT,British Columbia,302.97
2025-01-29,WHEAT,British Columbia,303.37
2025-01-30,WHEAT,British Columbia,310.23
2025-01-31,WHEAT,British Columbia,302.09
2025-02-03,WHEAT,British Columbia,312.48
2025-02-04,WHEAT,British Columbia,310.33
2025-02-05,WHEAT,British Columbia,301.97
2025-02-06,WHEAT,British Columbia,291.81
2025-02-07,WHEAT,British Columbia,297.62
2025-02-10,WHEAT,British Columbia,311.07
2025-02-11,WHEAT,British Columbia,295.37
2025-02-12,WHEAT,British Columbia,307.66
2025-02-13,WHEAT,British Columbia,305.16
2025-02-14,WHEAT,British Columbia,310.0
2025-02-17,WHEAT,British Columbia,299.49
2025-02-18,WHEAT,British Columbia,301.95
2025-02-19,WHEAT,British Columbia,308.07
2025-02-20,WHEAT,British Columbia,313.13
2025-02-21,WHEAT,British Columbia,307.15
2025-02-24,WHEAT,British Columbia,305.02
2025-02-25,WHEAT,British Columbia,299.99
2025-02-26,WHEAT,British Columbia,311.68
2025-02-27,WHEAT,British Columbia,305.59
2025-02-28,WHEAT,British Columbia,306.28
2025-03-03,WHEAT,British Columbia,306.73
2025-03-04,WHEAT,British Columbia,301.74
2025-03-05,WHEAT,British Columbia,307.71
2025-03-06,WHEAT,British Columbia,307.5
2025-03-07,WHEAT,British Columbia,301.53
2025-03-10,WHEAT,British Columbia,294.44
2025-03-11,WHEAT,British Columbia,304.36
2025-03-12,WHEAT,British Columbia,308.23
2025-03-13,WHEAT,British Columbia,297.45
2025-03-14,WHEAT,British Columbia,301.4
2025-03-17,WHEAT,British Columbia,312.6
2025-03-18,WHEAT,British Columbia,310.75
2025-03-19,WHEAT,British Columbia,310.24
2025-03-20,WHEAT,British Columbia,318.95
2025-03-21,WHEAT,British Columbia,314.51
2025-03-24,WHEAT,British Columbia,319.37
2025-03-25,WHEAT,British Columbia,328.08
2025-03-26,WHEAT,British Columbia,313.09
2025-03-27,WHEAT,British Columbia,307.14
2025-03-28,WHEAT,British Columbia,316.41
2025-03-31,WHEAT,British Columbia,321.1
2025-04-01,WHEAT,British Columbia,316.75
2025-04-02,WHEAT,British Columbia,313.69
2025-04-03,WHEAT,British Columbia,331.04
2025-04-04,WHEAT,British Columbia,320.09
2025-04-07,WHEAT,British Columbia,313.44
2025-04-08,WHEAT,British Columbia,321.76
2025-04-09,WHEAT,British Columbia,316.59
2025-04-10,WHEAT,British Columbia,316.0
2025-04-11,WHEAT,British Columbia,316.65
2025-04-14,WHEAT,British Columbia,310.14
2025-04-15,WHEAT,British Columbia,320.5
2025-04-16,WHEAT,British Columbia,326.99
2025-04-17,WHEAT,British Columbia,325.18
2025-04-18,WHEAT,British Columbia,314.05
2025-04-21,WHEAT,British Columbia,313.39
2025-04-22,WHEAT,British Columbia,313.7
2025-04-23,WHEAT,British Columbia,311.08
2025-04-24,WHEAT,British Columbia,308.27
2025-04-25,WHEAT,British Columbia,312.57
2025-04-28,WHEAT,British Columbia,302.24
2025-04-29,WHEAT,British Columbia,309.17
2025-04-30,WHEAT,British Columbia,304.28
2025-05-01,WHEAT,British Columbia,306.06
2025-05-02,WHEAT,British Columbia,299.2
2025-05-05,WHEAT,British Columbia,311.61
2025-05-06,WHEAT,British Columbia,312.68
2025-05-07,WHEAT,British Columbia,315.04
2025-05-08,WHEAT,British Columbia,304.74
2025-05-09,WHEAT,British Columbia,312.29
2025-05-12,WHEAT,British Columbia,309.99
2025-05-13,WHEAT,British Columbia,302.59
2025-05-14,WHEAT,British Columbia,309.38
2025-05-15,WHEAT,British Columbia,305.98
2025-05-16,WHEAT,British Columbia,306.98
2025-05-19,WHEAT,British Columbia,306.06
2025-05-20,WHEAT,British Columbia,313.1
2025-05-21,WHEAT,British Columbia,322.84
2025-05-22,WHEAT,British Columbia,319.55
2025-05-23,WHEAT,British Columbia,302.41
2025-05-26,WHEAT,British Columbia,308.75
2025-05-27,WHEAT,British Columbia,307.81
2025-05-28,WHEAT,British Columbia,302.28
2025-05-29,WHEAT,British Columbia,312.85
2025-05-30,WHEAT,British Columbia,313.37
2025-06-02,WHEAT,British Columbia,302.33
2025-06-03,WHEAT,British Columbia,304.6
2025-06-04,WHEAT,British Columbia,297.08
2025-06-05,WHEAT,British Columbia,295.36
2025-06-06,WHEAT,British Columbia,302.62
2025-06-09,WHEAT,British Columbia,292.35
2025-06-10,WHEAT,British Columbia,296.13
2025-06-11,WHEAT,British Columbia,282.47
2025-06-12,WHEAT,British Columbia,293.84
2025-06-13,WHEAT,British Columbia,293.99
2025-06-16,WHEAT,British Columbia,287.7
2025-06-17,WHEAT,British Columbia,288.07
2025-06-18,WHEAT,British Columbia,284.6
2025-06-19,WHEAT,British Columbia,302.17
2025-06-20,WHEAT,British Columbia,293.21
2025-06-23,WHEAT,British Columbia,292.78
2025-06-24,WHEAT,British Columbia,292.48
2025-06-25,WHEAT,British Columbia,296.46
2025-06-26,WHEAT,British Columbia,301.15
2025-06-27,WHEAT,British Columbia,298.78
2025-06-30,WHEAT,British Columbia,302.32
2025-01-02,CANOLA,Manitoba,486.13
2025-01-03,CANOLA,Manitoba,479.04
2025-01-06,CANOLA,Manitoba,475.49
2025-01-07,CANOLA,Manitoba,478.01
2025-01-08,CANOLA,Manitoba,486.87
2025-01-09,CANOLA,Manitoba,482.91
2025-01-10,CANOLA,Manitoba,475.54
2025-01-13,CANOLA,Manitoba,478.53
2025-01-14,CANOLA,Manitoba,481.46
2025-01-15,CANOLA,Manitoba,487.47
2025-01-16,CANOLA,Manitoba,479.25
2025-01-17,CANOLA,Manitoba,474.46
2025-01-20,CANOLA,Manitoba,486.71
2025-01-21,CANOLA,Manitoba,482.55
2025-01-22,CANOLA,Manitoba,476.61
2025-01-23,CANOLA,Manitoba,466.95
2025-01-24,CANOLA,Manitoba,464.25
2025-01-27,CANOLA,Manitoba,466.88
2025-01-28,CANOLA,Manitoba,461.75
2025-01-29,CANOLA,Manitoba,451.06
2025-01-30,CANOLA,Manitoba,454.81
2025-01-31,CANOLA,Manitoba,458.73
2025-02-03,CANOLA,Manitoba,461.11
2025-02-04,CANOLA,Manitoba,458.13
2025-02-05,CANOLA,Manitoba,457.61
2025-02-06,CANOLA,Manitoba,459.63
2025-02-07,CANOLA,Manitoba,457.38
2025-02-10,CANOLA,Manitoba,454.81
2025-02-11,CANOLA,Manitoba,452.95
2025-02-12,CANOLA,Manitoba,444.92
2025-02-13,CANOLA,Manitoba,439.7
2025-02-14,CANOLA,Manitoba,443.9
2025-02-17,CANOLA,Manitoba,447.47
2025-02-18,CANOLA,Manitoba,437.06
2025-02-19,CANOLA,Manitoba,442.06
2025-02-20,CANOLA,Manitoba,441.96
2025-02-21,CANOLA,Manitoba,444.54
2025-02-24,CANOLA,Manitoba,446.43
2025-02-25,CANOLA,Manitoba,430.22
2025-02-26,CANOLA,Manitoba,428.92
2025-02-27,CANOLA,Manitoba,429.02
2025-02-28,CANOLA,Manitoba,432.52
2025-03-03,CANOLA,Manitoba,421.88
2025-03-04,CANOLA,Manitoba,419.85
2025-03-05,CANOLA,Manitoba,430.68
2025-03-06,CANOLA,Manitoba,426.65
2025-03-07,CANOLA,Manitoba,432.17
2025-03-10,CANOLA,Manitoba,425.96
2025-03-11,CANOLA,Manitoba,424.29
2025-03-12,CANOLA,Manitoba,423.5
2025-03-13,CANOLA,Manitoba,414.47
2025-03-14,CANOLA,Manitoba,419.66
2025-03-17,CANOLA,Manitoba,422.45
2025-03-18,CANOLA,Manitoba,413.15
2025-03-19,CANOLA,Manitoba,408.95
2025-03-20,CANOLA,Manitoba,397.64
2025-03-21,CANOLA,Manitoba,396.18
2025-03-24,CANOLA,Manitoba,405.08
2025-03-25,CANOLA,Manitoba,396.39
2025-03-26,CANOLA,Manitoba,397.51
2025-03-27,CANOLA,Manitoba,402.68
2025-03-28,CANOLA,Manitoba,403.33
2025-03-31,CANOLA,Manitoba,405.77
2025-04-01,CANOLA,Manitoba,404.3
2025-04-02,CANOLA,Manitoba,410.24
2025-04-03,CANOLA,Manitoba,406.19
2025-04-04,CANOLA,Manitoba,408.46
2025-04-07,CANOLA,Manitoba,412.61
2025-04-08,CANOLA,Manitoba,409.68
2025-04-09,CANOLA,Manitoba,410.17
2025-04-10,CANOLA,Manitoba,408.19
2025-04-11,CANOLA,Manitoba,412.26
2025-04-14,CANOLA,Manitoba,414.21
2025-04-15,CANOLA,Manitoba,417.69
2025-04-16,CANOLA,Manitoba,409.93
2025-04-17,CANOLA,Manitoba,412.82
2025-04-18,CANOLA,Manitoba,415.7
2025-04-21,CANOLA,Manitoba,403.76
2025-04-22,CANOLA,Manitoba,414.95
2025-04-23,CANOLA,Manitoba,408.02
2025-04-24,CANOLA,Manitoba,424.89
2025-04-25,CANOLA,Manitoba,417.93
2025-04-28,CANOLA,Manitoba,422.48
2025-04-29,CANOLA,Manitoba,417.53
2025-04-30,CANOLA,Manitoba,407.95
2025-05-01,CANOLA,Manitoba,414.49
2025-05-02,CANOLA,Manitoba,421.02
2025-05-05,CANOLA,Manitoba,424.09
2025-05-06,CANOLA,Manitoba,427.51
2025-05-07,CANOLA,Manitoba,433.06
2025-05-08,CANOLA,Manitoba,423.48
2025-05-09,CANOLA,Manitoba,426.17
2025-05-12,CANOLA,Manitoba,421.07
2025-05-13,CANOLA,Manitoba,430.75
2025-05-14,CANOLA,Manitoba,429.59
2025-05-15,CANOLA,Manitoba,420.41
2025-05-16,CANOLA,Manitoba,427.85
2025-05-19,CANOLA,Manitoba,428.89
2025-05-20,CANOLA,Manitoba,426.84
2025-05-21,CANOLA,Manitoba,418.19
2025-05-22,CANOLA,Manitoba,418.65
2025-05-23,CANOLA,Manitoba,434.98
2025-05-26,CANOLA,Manitoba,425.28
2025-05-27,CANOLA,Manitoba,418.76
2025-05-28,CANOLA,Manitoba,426.1
2025-05-29,CANOLA,Manitoba,423.1
2025-05-30,CANOLA,Manitoba,418.5
2025-06-02,CANOLA,Manitoba,417.58
2025-06-03,CANOLA,Manitoba,412.83
2025-06-04,CANOLA,Manitoba,412.64
2025-06-05,CANOLA,Manitoba,413.55
2025-06-06,CANOLA,Manitoba,424.15
2025-06-09,CANOLA,Manitoba,418.26
2025-06-10,CANOLA,Manitoba,405.52
2025-06-11,CANOLA,Manitoba,411.78
2025-06-12,CANOLA,Manitoba,419.22
2025-06-13,CANOLA,Manitoba,421.44
2025-06-16,CANOLA,Manitoba,413.49
2025-06-17,CANOLA,Manitoba,418.99
2025-06-18,CANOLA,Manitoba,412.32
2025-06-19,CANOLA,Manitoba,420.31
2025-06-20,CANOLA,Manitoba,400.68
2025-06-23,CANOLA,Manitoba,404.35
2025-06-24,CANOLA,Manitoba,405.62
2025-06-25,CANOLA,Manitoba,413.58
2025-06-26,CANOLA,Manitoba,407.95
2025-06-27,CANOLA,Manitoba,400.08
2025-06-30,CANOLA,Manitoba,416.0
2025-01-02,CANOLA,Saskatchewan,482.19
2025-01-03,CANOLA,Saskatchewan,471.54
2025-01-06,CANOLA,Saskatchewan,477.32
2025-01-07,CANOLA,Saskatchewan,476.05
2025-01-08,CANOLA,Saskatchewan,480.05
2025-01-09,CANOLA,Saskatchewan,479.52
2025-01-10,CANOLA,Saskatchewan,482.8
2025-01-13,CANOLA,Saskatchewan,480.16
2025-01-14,CANOLA,Saskatchewan,490.4
2025-01-15,CANOLA,Saskatchewan,484.12
2025-01-16,CANOLA,Saskatchewan,478.22
2025-01-17,CANOLA,Saskatchewan,474.3
2025-01-20,CANOLA,Saskatchewan,474.02
2025-01-21,CANOLA,Saskatchewan,478.47
2025-01-22,CANOLA,Saskatchewan,479.15
2025-01-23,CANOLA,Saskatchewan,466.09
2025-01-24,CANOLA,Saskatchewan,466.43
2025-01-27,CANOLA,Saskatchewan,468.26
2025-01-28,CANOLA,Saskatchewan,462.12
2025-01-29,CANOLA,Saskatchewan,455.04
2025-01-30,CANOLA,Saskatchewan,442.5
2025-01-31,CANOLA,Saskatchewan,457.24
2025-02-03,CANOLA,Saskatchewan,449.59
2025-02-04,CANOLA,Saskatchewan,463.76
2025-02-05,CANOLA,Saskatchewan,456.95
2025-02-06,CANOLA,Saskatchewan,460.84
2025-02-07,CANOLA,Saskatchewan,449.91
2025-02-10,CANOLA,Saskatchewan,442.68
2025-02-11,CANOLA,Saskatchewan,446.17
2025-02-12,CANOLA,Saskatchewan,442.47
2025-02-13,CANOLA,Saskatchewan,436.05
2025-02-14,CANOLA,Saskatchewan,438.99
2025-02-17,CANOLA,Saskatchewan,452.6
2025-02-18,CANOLA,Saskatchewan,438.64
2025-02-19,CANOLA,Saskatchewan,439.6
2025-02-20,CANOLA,Saskatchewan,437.92
2025-02-21,CANOLA,Saskatchewan,441.79
2025-02-24,CANOLA,Saskatchewan,435.06
2025-02-25,CANOLA,Saskatchewan,421.97
2025-02-26,CANOLA,Saskatchewan,424.61
2025-02-27,CANOLA,Saskatchewan,428.72
2025-02-28,CANOLA,Saskatchewan,425.53
2025-03-03,CANOLA,Saskatchewan,420.27
2025-03-04,CANOLA,Saskatchewan,419.52
2025-03-05,CANOLA,Saskatchewan,432.82
2025-03-06,CANOLA,Saskatchewan,429.22
2025-03-07,CANOLA,Saskatchewan,430.94
2025-03-10,CANOLA,Saskatchewan,428.13
2025-03-11,CANOLA,Saskatchewan,425.04
2025-03-12,CANOLA,Saskatchewan,419.85
2025-03-13,CANOLA,Saskatchewan,405.63
2025-03-14,CANOLA,Saskatchewan,405.09
2025-03-17,CANOLA,Saskatchewan,410.81
2025-03-18,CANOLA,Saskatchewan,409.84
2025-03-19,CANOLA,Saskatchewan,408.35
2025-03-20,CANOLA,Saskatchewan,404.74
2025-03-21,CANOLA,Saskatchewan,404.11
2025-03-24,CANOLA,Saskatchewan,391.26
2025-03-25,CANOLA,Saskatchewan,395.17
2025-03-26,CANOLA,Saskatchewan,400.11
2025-03-27,CANOLA,Saskatchewan,409.47
2025-03-28,CANOLA,Saskatchewan,406.11
2025-03-31,CANOLA,Saskatchewan,410.36
2025-04-01,CANOLA,Saskatchewan,400.47
2025-04-02,CANOLA,Saskatchewan,398.29
2025-04-03,CANOLA,Saskatchewan,409.07
2025-04-04,CANOLA,Saskatchewan,406.13
2025-04-07,CANOLA,Saskatchewan,404.39
2025-04-08,CANOLA,Saskatchewan,403.75
2025-04-09,CANOLA,Saskatchewan,415.52
2025-04-10,CANOLA,Saskatchewan,409.6
2025-04-11,CANOLA,Saskatchewan,401.98
2025-04-14,CANOLA,Saskatchewan,412.95
2025-04-15,CANOLA,Saskatchewan,406.73
2025-04-16,CANOLA,Saskatchewan,410.75
2025-04-17,CANOLA,Saskatchewan,409.31
2025-04-18,CANOLA,Saskatchewan,408.41
2025-04-21,CANOLA,Saskatchewan,412.95
2025-04-22,CANOLA,Saskatchewan,401.18
2025-04-23,CANOLA,Saskatchewan,407.18
2025-04-24,CANOLA,Saskatchewan,422.8
2025-04-25,CANOLA,Saskatchewan,410.98
2025-04-28,CANOLA,Saskatchewan,408.2
2025-04-29,CANOLA,Saskatchewan,414.5
2025-04-30,CANOLA,Saskatchewan,418.45
2025-05-01,CANOLA,Saskatchewan,413.95
2025-05-02,CANOLA,Saskatchewan,409.13
2025-05-05,CANOLA,Saskatchewan,424.19
2025-05-06,CANOLA,Saskatchewan,415.46
2025-05-07,CANOLA,Saskatchewan,427.64
2025-05-08,CANOLA,Saskatchewan,414.0
2025-05-09,CANOLA,Saskatchewan,418.89
2025-05-12,CANOLA,Saskatchewan,423.19
2025-05-13,CANOLA,Saskatchewan,428.34
2025-05-14,CANOLA,Saskatchewan,421.84
2025-05-15,CANOLA,Saskatchewan,423.62
2025-05-16,CANOLA,Saskatchewan,420.04
2025-05-19,CANOLA,Saskatchewan,425.68
2025-05-20,CANOLA,Saskatchewan,423.95
2025-05-21,CANOLA,Saskatchewan,424.16
2025-05-22,CANOLA,Saskatchewan,416.8
2025-05-23,CANOLA,Saskatchewan,417.35
2025-05-26,CANOLA,Saskatchewan,425.13
2025-05-27,CANOLA,Saskatchewan,421.78
2025-05-28,CANOLA,Saskatchewan,408.17
2025-05-29,CANOLA,Saskatchewan,417.41
2025-05-30,CANOLA,Saskatchewan,406.98
2025-06-02,CANOLA,Saskatchewan,419.27
2025-06-03,CANOLA,Saskatchewan,400.69
2025-06-04,CANOLA,Saskatchewan,401.92
2025-06-05,CANOLA,Saskatchewan,411.7
2025-06-06,CANOLA,Saskatchewan,416.97
2025-06-09,CANOLA,Saskatchewan,407.9
2025-06-10,CANOLA,Saskatchewan,405.81
2025-06-11,CANOLA,Saskatchewan,408.95
2025-06-12,CANOLA,Saskatchewan,401.84
2025-06-13,CANOLA,Saskatchewan,405.69
2025-06-16,CANOLA,Saskatchewan,410.58
2025-06-17,CANOLA,Saskatchewan,417.03
2025-06-18,CANOLA,Saskatchewan,403.37
2025-06-19,CANOLA,Saskatchewan,406.92
2025-06-20,CANOLA,Saskatchewan,404.72
2025-06-23,CANOLA,Saskatchewan,411.31
2025-06-24,CANOLA,Saskatchewan,401.03
2025-06-25,CANOLA,Saskatchewan,411.97
2025-06-26,CANOLA,Saskatchewan,415.3
2025-06-27,CANOLA,Saskatchewan,401.54
2025-06-30,CANOLA,Saskatchewan,418.35
2025-01-02,CANOLA,Alberta,472.64
2025-01-03,CANOLA,Alberta,469.92
2025-01-06,CANOLA,Alberta,464.61
2025-01-07,CANOLA,Alberta,468.17
2025-01-08,CANOLA,Alberta,466.96
2025-01-09,CANOLA,Alberta,475.58
2025-01-10,CANOLA,Alberta,479.47
2025-01-13,CANOLA,Alberta,474.52
2025-01-14,CANOLA,Alberta,481.2
2025-01-15,CANOLA,Alberta,482.18
2025-01-16,CANOLA,Alberta,468.35
2025-01-17,CANOLA,Alberta,471.79
2025-01-20,CANOLA,Alberta,474.45
2025-01-21,CANOLA,Alberta,483.26
2025-01-22,CANOLA,Alberta,464.71
2025-01-23,CANOLA,Alberta,461.34
2025-01-24,CANOLA,Alberta,463.83
2025-01-27,CANOLA,Alberta,462.51
2025-01-28,CANOLA,Alberta,451.42
2025-01-29,CANOLA,Alberta,449.38
2025-01-30,CANOLA,Alberta,450.19
2025-01-31,CANOLA,Alberta,447.86
2025-02-03,CANOLA,Alberta,452.83
2025-02-04,CANOLA,Alberta,454.24
2025-02-05,CANOLA,Alberta,456.25
2025-02-06,CANOLA,Alberta,450.42
2025-02-07,CANOLA,Alberta,442.15
2025-02-10,CANOLA,Alberta,437.22
2025-02-11,CANOLA,Alberta,436.09
2025-02-12,CANOLA,Alberta,433.35
2025-02-13,CANOLA,Alberta,433.4
2025-02-14,CANOLA,Alberta,429.89
2025-02-17,CANOLA,Alberta,434.72
2025-02-18,CANOLA,Alberta,428.2
2025-02-19,CANOLA,Alberta,429.64
2025-02-20,CANOLA,Alberta,435.83
2025-02-21,CANOLA,Alberta,434.52
2025-02-24,CANOLA,Alberta,431.88
2025-02-25,CANOLA,Alberta,424.35
2025-02-26,CANOLA,Alberta,419.63
2025-02-27,CANOLA,Alberta,422.78
2025-02-28,CANOLA,Alberta,427.75
2025-03-03,CANOLA,Alberta,413.35
2025-03-04,CANOLA,Alberta,418.44
2025-03-05,CANOLA,Alberta,414.68
2025-03-06,CANOLA,Alberta,423.07
2025-03-07,CANOLA,Alberta,427.38
2025-03-10,CANOLA,Alberta,420.52
2025-03-11,CANOLA,Alberta,428.46
2025-03-12,CANOLA,Alberta,411.54
2025-03-13,CANOLA,Alberta,407.24
2025-03-14,CANOLA,Alberta,409.7
2025-03-17,CANOLA,Alberta,405.81
2025-03-18,CANOLA,Alberta,404.08
2025-03-19,CANOLA,Alberta,399.94
2025-03-20,CANOLA,Alberta,397.84
2025-03-21,CANOLA,Alberta,399.34
2025-03-24,CANOLA,Alberta,391.24
2025-03-25,CANOLA,Alberta,395.84
2025-03-26,CANOLA,Alberta,391.38
2025-03-27,CANOLA,Alberta,398.4
2025-03-28,CANOLA,Alberta,393.14
2025-03-31,CANOLA,Alberta,406.24
2025-04-01,CANOLA,Alberta,406.86
2025-04-02,CANOLA,Alberta,397.33
2025-04-03,CANOLA,Alberta,393.14
2025-04-04,CANOLA,Alberta,404.34
2025-04-07,CANOLA,Alberta,406.27
2025-04-08,CANOLA,Alberta,402.42
2025-04-09,CANOLA,Alberta,406.15
2025-04-10,CANOLA,Alberta,411.05
2025-04-11,CANOLA,Alberta,409.68
2025-04-14,CANOLA,Alberta,411.8
2025-04-15,CANOLA,Alberta,409.21
2025-04-16,CANOLA,Alberta,412.67
2025-04-17,CANOLA,Alberta,407.1
2025-04-18,CANOLA,Alberta,409.12
2025-04-21,CANOLA,Alberta,404.56
2025-04-22,CANOLA,Alberta,400.9
2025-04-23,CANOLA,Alberta,412.08
2025-04-24,CANOLA,Alberta,416.92
2025-04-25,CANOLA,Alberta,412.66
2025-04-28,CANOLA,Alberta,411.13
2025-04-29,CANOLA,Alberta,405.48
2025-04-30,CANOLA,Alberta,410.0
2025-05-01,CANOLA,Alberta,415.87
2025-05-02,CANOLA,Alberta,415.19
2025-05-05,CANOLA,Alberta,410.52
2025-05-06,CANOLA,Alberta,417.24
2025-05-07,CANOLA,Alberta,429.53
2025-05-08,CANOLA,Alberta,412.69
2025-05-09,CANOLA,Alberta,412.33
2025-05-12,CANOLA,Alberta,428.53
2025-05-13,CANOLA,Alberta,427.8
2025-05-14,CANOLA,Alberta,420.14
2025-05-15,CANOLA,Alberta,415.78
2025-05-16,CANOLA,Alberta,422.15
2025-05-19,CANOLA,Alberta,415.59
2025-05-20,CANOLA,Alberta,423.42
2025-05-21,CANOLA,Alberta,425.12
2025-05-22,CANOLA,Alberta,417.24
2025-05-23,CANOLA,Alberta,420.52
2025-05-26,CANOLA,Alberta,419.27
2025-05-27,CANOLA,Alberta,423.38
2025-05-28,CANOLA,Alberta,410.2
2025-05-29,CANOLA,Alberta,409.06
2025-05-30,CANOLA,Alberta,409.04
2025-06-02,CANOLA,Alberta,411.49
2025-06-03,CANOLA,Alberta,405.42
2025-06-04,CANOLA,Alberta,405.32
2025-06-05,CANOLA,Alberta,401.98
2025-06-06,CANOLA,Alberta,410.69
2025-06-09,CANOLA,Alberta,406.7
2025-06-10,CANOLA,Alberta,402.39
2025-06-11,CANOLA,Alberta,401.24
2025-06-12,CANOLA,Alberta,415.23
2025-06-13,CANOLA,Alberta,402.19
2025-06-16,CANOLA,Alberta,409.7
2025-06-17,CANOLA,Alberta,400.11
2025-06-18,CANOLA,Alberta,400.68
2025-06-19,CANOLA,Alberta,400.79
2025-06-20,CANOLA,Alberta,387.84
2025-06-23,CANOLA,Alberta,400.44
2025-06-24,CANOLA,Alberta,397.82
2025-06-25,CANOLA,Alberta,399.64
2025-06-26,CANOLA,Alberta,407.37
2025-06-27,CANOLA,Alberta,409.37
2025-06-30,CANOLA,Alberta,416.2
2025-01-02,CANOLA,Ontario,490.65
2025-01-03,CANOLA,Ontario,482.19
2025-01-06,CANOLA,Ontario,483.39
2025-01-07,CANOLA,Ontario,491.23
2025-01-08,CANOLA,Ontario,487.92
2025-01-09,CANOLA,Ontario,483.2
2025-01-10,CANOLA,Ontario,488.8
2025-01-13,CANOLA,Ontario,489.3
2025-01-14,CANOLA,Ontario,486.18
2025-01-15,CANOLA,Ontario,494.28
2025-01-16,CANOLA,Ontario,493.83
2025-01-17,CANOLA,Ontario,483.89
2025-01-20,CANOLA,Ontario,489.56
2025-01-21,CANOLA,Ontario,486.08
2025-01-22,CANOLA,Ontario,478.42
2025-01-23,CANOLA,Ontario,477.2
2025-01-24,CANOLA,Ontario,469.99
2025-01-27,CANOLA,Ontario,467.87
2025-01-28,CANOLA,Ontario,471.13
2025-01-29,CANOLA,Ontario,468.98
2025-01-30,CANOLA,Ontario,456.57
2025-01-31,CANOLA,Ontario,467.54
2025-02-03,CANOLA,Ontario,466.62
2025-02-04,CANOLA,Ontario,467.74
2025-02-05,CANOLA,Ontario,466.61
2025-02-06,CANOLA,Ontario,469.32
2025-02-07,CANOLA,Ontario,462.35
2025-02-10,CANOLA,Ontario,463.03
2025-02-11,CANOLA,Ontario,454.87
2025-02-12,CANOLA,Ontario,453.6
2025-02-13,CANOLA,Ontario,443.19
2025-02-14,CANOLA,Ontario,455.78
2025-02-17,CANOLA,Ontario,451.91
2025-02-18,CANOLA,Ontario,446.65
2025-02-19,CANOLA,Ontario,437.47
2025-02-20,CANOLA,Ontario,439.75
2025-02-21,CANOLA,Ontario,449.32
2025-02-24,CANOLA,Ontario,445.47
2025-02-25,CANOLA,Ontario,431.03
2025-02-26,CANOLA,Ontario,438.01
2025-02-27,CANOLA,Ontario,431.79
2025-02-28,CANOLA,Ontario,443.56
2025-03-03,CANOLA,Ontario,429.13
2025-03-04,CANOLA,Ontario,431.61
2025-03-05,CANOLA,Ontario,440.03
2025-03-06,CANOLA,Ontario,431.13
2025-03-07,CANOLA,Ontario,432.86
2025-03-10,CANOLA,Ontario,433.35
2025-03-11,CANOLA,Ontario,437.0
2025-03-12,CANOLA,Ontario,422.24
2025-03-13,CANOLA,Ontario,412.2
2025-03-14,CANOLA,Ontario,425.63
2025-03-17,CANOLA,Ontario,416.3
2025-03-18,CANOLA,Ontario,415.47
2025-03-19,CANOLA,Ontario,404.58
2025-03-20,CANOLA,Ontario,404.23
2025-03-21,CANOLA,Ontario,406.3
2025-03-24,CANOLA,Ontario,407.47
2025-03-25,CANOLA,Ontario,402.0
2025-03-26,CANOLA,Ontario,413.32
2025-03-27,CANOLA,Ontario,405.1
2025-03-28,CANOLA,Ontario,405.96
2025-03-31,CANOLA,Ontario,420.53
2025-04-01,CANOLA,Ontario,411.37
2025-04-02,CANOLA,Ontario,408.11
2025-04-03,CANOLA,Ontario,413.79
2025-04-04,CANOLA,Ontario,424.44
2025-04-07,CANOLA,Ontario,419.7
2025-04-08,CANOLA,Ontario,409.44
2025-04-09,CANOLA,Ontario,417.48
2025-04-10,CANOLA,Ontario,419.88
2025-04-11,CANOLA,Ontario,416.3
2025-04-14,CANOLA,Ontario,419.21
2025-04-15,CANOLA,Ontario,418.05
2025-04-16,CANOLA,Ontario,423.64
2025-04-17,CANOLA,Ontario,422.99
2025-04-18,CANOLA,Ontario,416.68
2025-04-21,CANOLA,Ontario,417.43
2025-04-22,CANOLA,Ontario,418.47
2025-04-23,CANOLA,Ontario,415.41
2025-04-24,CANOLA,Ontario,430.91
2025-04-25,CANOLA,Ontario,421.59
2025-04-28,CANOLA,Ontario,419.26
2025-04-29,CANOLA,Ontario,416.5
2025-04-30,CANOLA,Ontario,428.25
2025-05-01,CANOLA,Ontario,422.0
2025-05-02,CANOLA,Ontario,432.03
2025-05-05,CANOLA,Ontario,427.82
2025-05-06,CANOLA,Ontario,431.76
2025-05-07,CANOLA,Ontario,444.47
2025-05-08,CANOLA,Ontario,421.82
2025-05-09,CANOLA,Ontario,424.44
2025-05-12,CANOLA,Ontario,438.61
2025-05-13,CANOLA,Ontario,434.26
2025-05-14,CANOLA,Ontario,432.84
2025-05-15,CANOLA,Ontario,427.43
2025-05-16,CANOLA,Ontario,431.39
2025-05-19,CANOLA,Ontario,426.46
2025-05-20,CANOLA,Ontario,430.61
2025-05-21,CANOLA,Ontario,437.25
2025-05-22,CANOLA,Ontario,424.73
2025-05-23,CANOLA,Ontario,429.64
2025-05-26,CANOLA,Ontario,431.08
2025-05-27,CANOLA,Ontario,425.98
2025-05-28,CANOLA,Ontario,424.47
2025-05-29,CANOLA,Ontario,428.53
2025-05-30,CANOLA,Ontario,417.48
2025-06-02,CANOLA,Ontario,420.38
2025-06-03,CANOLA,Ontario,415.92
2025-06-04,CANOLA,Ontario,413.57
2025-06-05,CANOLA,Ontario,418.52
2025-06-06,CANOLA,Ontario,425.78
2025-06-09,CANOLA,Ontario,417.52
2025-06-10,CANOLA,Ontario,418.78
2025-06-11,CANOLA,Ontario,414.03
2025-06-12,CANOLA,Ontario,421.11
2025-06-13,CANOLA,Ontario,427.89
2025-06-16,CANOLA,Ontario,422.23
2025-06-17,CANOLA,Ontario,412.24
2025-06-18,CANOLA,Ontario,415.43
2025-06-19,CANOLA,Ontario,419.95
2025-06-20,CANOLA,Ontario,407.79
2025-06-23,CANOLA,Ontario,415.36
2025-06-24,CANOLA,Ontario,409.08
2025-06-25,CANOLA,Ontario,414.6
2025-06-26,CANOLA,Ontario,417.07
2025-06-27,CANOLA,Ontario,409.1
2025-06-30,CANOLA,Ontario,421.78
2025-01-02,CANOLA,British Columbia,501.36
2025-01-03,CANOLA,British Columbia,481.37
2025-01-06,CANOLA,British Columbia,479.96
2025-01-07,CANOLA,British Columbia,487.37
2025-01-08,CANOLA,British Columbia,490.14
2025-01-09,CANOLA,British Columbia,492.51
2025-01-10,CANOLA,British Columbia,500.59
2025-01-13,CANOLA,British Columbia,498.36
2025-01-14,CANOLA,British Columbia,502.4
2025-01-15,CANOLA,British Columbia,499.98
2025-01-16,CANOLA,British Columbia,493.31
2025-01-17,CANOLA,British Columbia,484.88
2025-01-20,CANOLA,British Columbia,494.1
2025-01-21,CANOLA,British Columbia,487.9
2025-01-22,CANOLA,British Columbia,489.05
2025-01-23,CANOLA,British Columbia,487.41
2025-01-24,CANOLA,British Columbia,481.09
2025-01-27,CANOLA,British Columbia,478.03
2025-01-28,CANOLA,British Columbia,474.66
2025-01-29,CANOLA,British Columbia,459.04
2025-01-30,CANOLA,British Columbia,468.74
2025-01-31,CANOLA,British Columbia,470.22
2025-02-03,CANOLA,British Columbia,473.77
2025-02-04,CANOLA,British Columbia,476.21
2025-02-05,CANOLA,British Columbia,471.47
2025-02-06,CANOLA,British Columbia,467.78
2025-02-07,CANOLA,British Columbia,468.45
2025-02-10,CANOLA,British Columbia,464.66
2025-02-11,CANOLA,British Columbia,461.09
2025-02-12,CANOLA,British Columbia,458.75
2025-02-13,CANOLA,British Columbia,457.68
2025-02-14,CANOLA,British Columbia,449.81
2025-02-17,CANOLA,British Columbia,457.73
2025-02-18,CANOLA,British Columbia,455.96
2025-02-19,CANOLA,British Columbia,443.96
2025-02-20,CANOLA,British Columbia,450.76
2025-02-21,CANOLA,British Columbia,449.03
2025-02-24,CANOLA,British Columbia,449.84
2025-02-25,CANOLA,British Columbia,442.07
2025-02-26,CANOLA,British Columbia,440.18
2025-02-27,CANOLA,British Columbia,448.34
2025-02-28,CANOLA,British Columbia,439.85
2025-03-03,CANOLA,British Columbia,431.8
2025-03-04,CANOLA,British Columbia,432.58
2025-03-05,CANOLA,British Columbia,449.22
2025-03-06,CANOLA,British Columbia,439.87
2025-03-07,CANOLA,British Columbia,443.73
2025-03-10,CANOLA,British Columbia,439.53
2025-03-11,CANOLA,British Columbia,436.91
2025-03-12,CANOLA,British Columbia,433.62
2025-03-13,CANOLA,British Columbia,435.7
2025-03-14,CANOLA,British Columbia,434.91
2025-03-17,CANOLA,British Columbia,422.3
2025-03-18,CANOLA,British Columbia,426.63
2025-03-19,CANOLA,British Columbia,415.68
2025-03-20,CANOLA,British Columbia,406.84
2025-03-21,CANOLA,British Columbia,417.41
2025-03-24,CANOLA,British Columbia,415.39
2025-03-25,CANOLA,British Columbia,416.26
2025-03-26,CANOLA,British Columbia,411.81
2025-03-27,CANOLA,British Columbia,414.17
2025-03-28,CANOLA,British Columbia,418.69
2025-03-31,CANOLA,British Columbia,422.95
2025-04-01,CANOLA,British Columbia,415.95
2025-04-02,CANOLA,British Columbia,410.84
2025-04-03,CANOLA,British Columbia,421.87
2025-04-04,CANOLA,British Columbia,430.35
2025-04-07,CANOLA,British Columbia,416.05
2025-04-08,CANOLA,British Columbia,422.27
2025-04-09,CANOLA,British Columbia,425.98
2025-04-10,CANOLA,British Columbia,429.52
2025-04-11,CANOLA,British Columbia,430.73
2025-04-14,CANOLA,British Columbia,423.65
2025-04-15,CANOLA,British Columbia,418.56
2025-04-16,CANOLA,British Columbia,423.95
2025-04-17,CANOLA,British Columbia,428.72
2025-04-18,CANOLA,British Columbia,422.83
2025-04-21,CANOLA,British Columbia,422.51
2025-04-22,CANOLA,British Columbia,415.52
2025-04-23,CANOLA,British Columbia,431.76
2025-04-24,CANOLA,British Columbia,438.86
2025-04-25,CANOLA,British Columbia,432.02
2025-04-28,CANOLA,British Columbia,434.01
2025-04-29,CANOLA,British Columbia,429.64
2025-04-30,CANOLA,British Columbia,428.48
2025-05-01,CANOLA,British Columbia,428.97
2025-05-02,CANOLA,British Columbia,430.76
2025-05-05,CANOLA,British Columbia,447.41
2025-05-06,CANOLA,British Columbia,439.82
2025-05-07,CANOLA,British Columbia,440.04
2025-05-08,CANOLA,British Columbia,434.91
2025-05-09,CANOLA,British Columbia,434.99
2025-05-12,CANOLA,British Columbia,446.48
2025-05-13,CANOLA,British Columbia,441.93
2025-05-14,CANOLA,British Columbia,441.92
2025-05-15,CANOLA,British Columbia,441.03
2025-05-16,CANOLA,British Columbia,438.86
2025-05-19,CANOLA,British Columbia,437.64
2025-05-20,CANOLA,British Columbia,438.37
2025-05-21,CANOLA,British Columbia,442.22
2025-05-22,CANOLA,British Columbia,433.45
2025-05-23,CANOLA,British Columbia,437.64
2025-05-26,CANOLA,British Columbia,445.39
2025-05-27,CANOLA,British Columbia,438.27
2025-05-28,CANOLA,British Columbia,430.02
2025-05-29,CANOLA,British Columbia,432.98
2025-05-30,CANOLA,British Columbia,430.48
2025-06-02,CANOLA,British Columbia,431.17
2025-06-03,CANOLA,British Columbia,425.24
2025-06-04,CANOLA,British Columbia,422.16
2025-06-05,CANOLA,British Columbia,425.05
2025-06-06,CANOLA,British Columbia,424.47
2025-06-09,CANOLA,British Columbia,425.34
2025-06-10,CANOLA,British Columbia,427.72
2025-06-11,CANOLA,British Columbia,425.49
2025-06-12,CANOLA,British Columbia,422.72
2025-06-13,CANOLA,British Columbia,425.21
2025-06-16,CANOLA,British Columbia,427.63
2025-06-17,CANOLA,British Columbia,433.23
2025-06-18,CANOLA,British Columbia,412.95
2025-06-19,CANOLA,British Columbia,423.13
2025-06-20,CANOLA,British Columbia,410.18
2025-06-23,CANOLA,British Columbia,415.84
2025-06-24,CANOLA,British Columbia,417.38
2025-06-25,CANOLA,British Columbia,425.86
2025-06-26,CANOLA,British Columbia,421.37
2025-06-27,CANOLA,British Columbia,423.16
2025-06-30,CANOLA,British Columbia,427.6
2025-01-02,CORN,Manitoba,258.54
2025-01-03,CORN,Manitoba,265.95
2025-01-06,CORN,Manitoba,257.37
2025-01-07,CORN,Manitoba,263.25
2025-01-08,CORN,Manitoba,260.93
2025-01-09,CORN,Manitoba,262.74
2025-01-10,CORN,Manitoba,262.03
2025-01-13,CORN,Manitoba,269.36
2025-01-14,CORN,Manitoba,270.49
2025-01-15,CORN,Manitoba,259.32
2025-01-16,CORN,Manitoba,251.25
2025-01-17,CORN,Manitoba,262.28
2025-01-20,CORN,Manitoba,251.78
2025-01-21,CORN,Manitoba,251.47
2025-01-22,CORN,Manitoba,247.06
2025-01-23,CORN,Manitoba,264.14
2025-01-24,CORN,Manitoba,259.56
2025-01-27,CORN,Manitoba,265.3
2025-01-28,CORN,Manitoba,250.75
2025-01-29,CORN,Manitoba,260.5
2025-01-30,CORN,Manitoba,255.0
2025-01-31,CORN,Manitoba,254.39
2025-02-03,CORN,Manitoba,247.7
2025-02-04,CORN,Manitoba,258.64
2025-02-05,CORN,Manitoba,260.47
2025-02-06,CORN,Manitoba,257.1
2025-02-07,CORN,Manitoba,262.18
2025-02-10,CORN,Manitoba,256.41
2025-02-11,CORN,Manitoba,257.08
2025-02-12,CORN,Manitoba,256.22
2025-02-13,CORN,Manitoba,252.79
2025-02-14,CORN,Manitoba,264.38
2025-02-17,CORN,Manitoba,262.05
2025-02-18,CORN,Manitoba,254.2
2025-02-19,CORN,Manitoba,257.02
2025-02-20,CORN,Manitoba,261.66
2025-02-21,CORN,Manitoba,263.83
2025-02-24,CORN,Manitoba,261.7
2025-02-25,CORN,Manitoba,260.23
2025-02-26,CORN,Manitoba,268.57
2025-02-27,CORN,Manitoba,262.92
2025-02-28,CORN,Manitoba,270.24
2025-03-03,CORN,Manitoba,262.81
2025-03-04,CORN,Manitoba,262.62
2025-03-05,CORN,Manitoba,271.76
2025-03-06,CORN,Manitoba,272.63
2025-03-07,CORN,Manitoba,274.55
2025-03-10,CORN,Manitoba,280.32
2025-03-11,CORN,Manitoba,272.8
2025-03-12,CORN,Manitoba,280.77
2025-03-13,CORN,Manitoba,279.38
2025-03-14,CORN,Manitoba,273.03
2025-03-17,CORN,Manitoba,274.19
2025-03-18,CORN,Manitoba,286.29
2025-03-19,CORN,Manitoba,283.94
2025-03-20,CORN,Manitoba,276.77
2025-03-21,CORN,Manitoba,279.05
2025-03-24,CORN,Manitoba,293.67
2025-03-25,CORN,Manitoba,291.67
2025-03-26,CORN,Manitoba,285.48
2025-03-27,CORN,Manitoba,286.3
2025-03-28,CORN,Manitoba,280.32
2025-03-31,CORN,Manitoba,286.99
2025-04-01,CORN,Manitoba,282.36
2025-04-02,CORN,Manitoba,288.73
2025-04-03,CORN,Manitoba,285.32
2025-04-04,CORN,Manitoba,296.82
2025-04-07,CORN,Manitoba,291.22
2025-04-08,CORN,Manitoba,292.54
2025-04-09,CORN,Manitoba,292.3
2025-04-10,CORN,Manitoba,294.45
2025-04-11,CORN,Manitoba,289.81
2025-04-14,CORN,Manitoba,285.89
2025-04-15,CORN,Manitoba,297.17
2025-04-16,CORN,Manitoba,286.84
2025-04-17,CORN,Manitoba,287.36
2025-04-18,CORN,Manitoba,282.29
2025-04-21,CORN,Manitoba,287.59
2025-04-22,CORN,Manitoba,287.35
2025-04-23,CORN,Manitoba,288.38
2025-04-24,CORN,Manitoba,286.02
2025-04-25,CORN,Manitoba,280.4
2025-04-28,CORN,Manitoba,286.57
2025-04-29,CORN,Manitoba,278.72
2025-04-30,CORN,Manitoba,274.1
2025-05-01,CORN,Manitoba,282.26
2025-05-02,CORN,Manitoba,283.42
2025-05-05,CORN,Manitoba,284.99
2025-05-06,CORN,Manitoba,282.1
2025-05-07,CORN,Manitoba,272.99
2025-05-08,CORN,Manitoba,277.98
2025-05-09,CORN,Manitoba,292.54
2025-05-12,CORN,Manitoba,280.82
2025-05-13,CORN,Manitoba,287.2
2025-05-14,CORN,Manitoba,279.93
2025-05-15,CORN,Manitoba,280.77
2025-05-16,CORN,Manitoba,281.05
2025-05-19,CORN,Manitoba,285.54
2025-05-20,CORN,Manitoba,281.62
2025-05-21,CORN,Manitoba,278.07
2025-05-22,CORN,Manitoba,276.16
2025-05-23,CORN,Manitoba,280.51
2025-05-26,CORN,Manitoba,275.78
2025-05-27,CORN,Manitoba,283.64
2025-05-28,CORN,Manitoba,294.66
2025-05-29,CORN,Manitoba,293.13
2025-05-30,CORN,Manitoba,291.04
2025-06-02,CORN,Manitoba,285.46
2025-06-03,CORN,Manitoba,277.86
2025-06-04,CORN,Manitoba,278.06
2025-06-05,CORN,Manitoba,287.36
2025-06-06,CORN,Manitoba,276.25
2025-06-09,CORN,Manitoba,275.53
2025-06-10,CORN,Manitoba,276.5
2025-06-11,CORN,Manitoba,271.28
2025-06-12,CORN,Manitoba,269.86
2025-06-13,CORN,Manitoba,277.43
2025-06-16,CORN,Manitoba,274.55
2025-06-17,CORN,Manitoba,281.27
2025-06-18,CORN,Manitoba,281.54
2025-06-19,CORN,Manitoba,286.03
2025-06-20,CORN,Manitoba,283.01
2025-06-23,CORN,Manitoba,283.87
2025-06-24,CORN,Manitoba,288.07
2025-06-25,CORN,Manitoba,290.4
2025-06-26,CORN,Manitoba,289.8
2025-06-27,CORN,Manitoba,295.0
2025-06-30,CORN,Manitoba,296.33
2025-01-02,CORN,Saskatchewan,253.21
2025-01-03,CORN,Saskatchewan,254.64
2025-01-06,CORN,Saskatchewan,254.84
2025-01-07,CORN,Saskatchewan,255.5
2025-01-08,CORN,Saskatchewan,263.7
2025-01-09,CORN,Saskatchewan,263.21
2025-01-10,CORN,Saskatchewan,260.55
2025-01-13,CORN,Saskatchewan,261.59
2025-01-14,CORN,Saskatchewan,259.97
2025-01-15,CORN,Saskatchewan,256.82
2025-01-16,CORN,Saskatchewan,252.99
2025-01-17,CORN,Saskatchewan,252.45
2025-01-20,CORN,Saskatchewan,249.59
2025-01-21,CORN,Saskatchewan,255.8
2025-01-22,CORN,Saskatchewan,251.57
2025-01-23,CORN,Saskatchewan,257.58
2025-01-24,CORN,Saskatchewan,253.31
2025-01-27,CORN,Saskatchewan,253.12
2025-01-28,CORN,Saskatchewan,249.86
2025-01-29,CORN,Saskatchewan,253.97
2025-01-30,CORN,Saskatchewan,262.6
2025-01-31,CORN,Saskatchewan,246.17
2025-02-03,CORN,Saskatchewan,251.08
2025-02-04,CORN,Saskatchewan,247.49
2025-02-05,CORN,Saskatchewan,251.88
2025-02-06,CORN,Saskatchewan,259.94
2025-02-07,CORN,Saskatchewan,253.41
2025-02-10,CORN,Saskatchewan,254.08
2025-02-11,CORN,Saskatchewan,249.55
2025-02-12,CORN,Saskatchewan,251.55
2025-02-13,CORN,Saskatchewan,249.87
2025-02-14,CORN,Saskatchewan,259.96
2025-02-17,CORN,Saskatchewan,264.99
2025-02-18,CORN,Saskatchewan,252.03
2025-02-19,CORN,Saskatchewan,245.46
2025-02-20,CORN,Saskatchewan,262.82
2025-02-21,CORN,Saskatchewan,256.11
2025-02-24,CORN,Saskatchewan,265.91
2025-02-25,CORN,Saskatchewan,259.13
2025-02-26,CORN,Saskatchewan,258.33
2025-02-27,CORN,Saskatchewan,258.96
2025-02-28,CORN,Saskatchewan,261.68
2025-03-03,CORN,Saskatchewan,258.22
2025-03-04,CORN,Saskatchewan,260.84
2025-03-05,CORN,Saskatchewan,262.55
2025-03-06,CORN,Saskatchewan,261.52
2025-03-07,CORN,Saskatchewan,269.73
2025-03-10,CORN,Saskatchewan,264.91
2025-03-11,CORN,Saskatchewan,270.13
2025-03-12,CORN,Saskatchewan,280.81
2025-03-13,CORN,Saskatchewan,277.78
2025-03-14,CORN,Saskatchewan,277.05
2025-03-17,CORN,Saskatchewan,271.49
2025-03-18,CORN,Saskatchewan,282.12
2025-03-19,CORN,Saskatchewan,283.19
2025-03-20,CORN,Saskatchewan,280.44
2025-03-21,CORN,Saskatchewan,285.48
2025-03-24,CORN,Saskatchewan,286.52
2025-03-25,CORN,Saskatchewan,286.77
2025-03-26,CORN,Saskatchewan,279.19
2025-03-27,CORN,Saskatchewan,285.58
2025-03-28,CORN,Saskatchewan,284.92
2025-03-31,CORN,Saskatchewan,282.16
2025-04-01,CORN,Saskatchewan,276.69
2025-04-02,CORN,Saskatchewan,276.13
2025-04-03,CORN,Saskatchewan,283.45
2025-04-04,CORN,Saskatchewan,287.31
2025-04-07,CORN,Saskatchewan,279.15
2025-04-08,CORN,Saskatchewan,287.12
2025-04-09,CORN,Saskatchewan,278.52
2025-04-10,CORN,Saskatchewan,284.68
2025-04-11,CORN,Saskatchewan,290.32
2025-04-14,CORN,Saskatchewan,290.63
2025-04-15,CORN,Saskatchewan,281.14
2025-04-16,CORN,Saskatchewan,285.65
2025-04-17,CORN,Saskatchewan,284.01
2025-04-18,CORN,Saskatchewan,285.85
2025-04-21,CORN,Saskatchewan,280.51
2025-04-22,CORN,Saskatchewan,283.66
2025-04-23,CORN,Saskatchewan,289.82
2025-04-24,CORN,Saskatchewan,281.7
2025-04-25,CORN,Saskatchewan,286.12
2025-04-28,CORN,Saskatchewan,277.12
2025-04-29,CORN,Saskatchewan,278.94
2025-04-30,CORN,Saskatchewan,270.89
2025-05-01,CORN,Saskatchewan,273.99
2025-05-02,CORN,Saskatchewan,281.32
2025-05-05,CORN,Saskatchewan,279.18
2025-05-06,CORN,Saskatchewan,275.06
2025-05-07,CORN,Saskatchewan,274.23
2025-05-08,CORN,Saskatchewan,279.04
2025-05-09,CORN,Saskatchewan,282.35
2025-05-12,CORN,Saskatchewan,285.44
2025-05-13,CORN,Saskatchewan,270.76
2025-05-14,CORN,Saskatchewan,275.85
2025-05-15,CORN,Saskatchewan,277.59
2025-05-16,CORN,Saskatchewan,279.69
2025-05-19,CORN,Saskatchewan,281.4
2025-05-20,CORN,Saskatchewan,278.65
2025-05-21,CORN,Saskatchewan,275.14
2025-05-22,CORN,Saskatchewan,274.75
2025-05-23,CORN,Saskatchewan,274.96
2025-05-26,CORN,Saskatchewan,281.73
2025-05-27,CORN,Saskatchewan,275.5
2025-05-28,CORN,Saskatchewan,280.4
2025-05-29,CORN,Saskatchewan,284.96
2025-05-30,CORN,Saskatchewan,290.91
2025-06-02,CORN,Saskatchewan,281.1
2025-06-03,CORN,Saskatchewan,285.95
2025-06-04,CORN,Saskatchewan,284.78
2025-06-05,CORN,Saskatchewan,278.47
2025-06-06,CORN,Saskatchewan,275.07
2025-06-09,CORN,Saskatchewan,273.51
2025-06-10,CORN,Saskatchewan,272.64
2025-06-11,CORN,Saskatchewan,275.44
2025-06-12,CORN,Saskatchewan,272.19
2025-06-13,CORN,Saskatchewan,275.07
2025-06-16,CORN,Saskatchewan,270.11
2025-06-17,CORN,Saskatchewan,276.87
2025-06-18,CORN,Saskatchewan,289.74
2025-06-19,CORN,Saskatchewan,279.73
2025-06-20,CORN,Saskatchewan,277.34
2025-06-23,CORN,Saskatchewan,286.81
2025-06-24,CORN,Saskatchewan,283.31
2025-06-25,CORN,Saskatchewan,289.78
2025-06-26,CORN,Saskatchewan,286.87
2025-06-27,CORN,Saskatchewan,288.34
2025-06-30,CORN,Saskatchewan,289.48
2025-01-02,CORN,Alberta,244.27
2025-01-03,CORN,Alberta,249.97
2025-01-06,CORN,Alberta,255.15
2025-01-07,CORN,Alberta,262.34
2025-01-08,CORN,Alberta,256.97
2025-01-09,CORN,Alberta,248.09
2025-01-10,CORN,Alberta,254.35
2025-01-13,CORN,Alberta,267.43
2025-01-14,CORN,Alberta,259.25
2025-01-15,CORN,Alberta,246.79
2025-01-16,CORN,Alberta,247.62
2025-01-17,CORN,Alberta,241.84
2025-01-20,CORN,Alberta,240.58
2025-01-21,CORN,Alberta,244.86
2025-01-22,CORN,Alberta,247.03
2025-01-23,CORN,Alberta,243.56
2025-01-24,CORN,Alberta,243.59
2025-01-27,CORN,Alberta,248.17
2025-01-28,CORN,Alberta,247.18
2025-01-29,CORN,Alberta,248.74
2025-01-30,CORN,Alberta,242.36
2025-01-31,CORN,Alberta,246.52
2025-02-03,CORN,Alberta,242.06
2025-02-04,CORN,Alberta,251.84
2025-02-05,CORN,Alberta,242.96
2025-02-06,CORN,Alberta,245.39
2025-02-07,CORN,Alberta,253.77
2025-02-10,CORN,Alberta,258.63
2025-02-11,CORN,Alberta,253.16
2025-02-12,CORN,Alberta,252.83
2025-02-13,CORN,Alberta,252.77
2025-02-14,CORN,Alberta,249.32
2025-02-17,CORN,Alberta,247.83
2025-02-18,CORN,Alberta,244.65
2025-02-19,CORN,Alberta,243.01
2025-02-20,CORN,Alberta,256.83
2025-02-21,CORN,Alberta,250.53
2025-02-24,CORN,Alberta,257.99
2025-02-25,CORN,Alberta,251.05
2025-02-26,CORN,Alberta,258.04
2025-02-27,CORN,Alberta,253.72
2025-02-28,CORN,Alberta,260.28
2025-03-03,CORN,Alberta,256.42
2025-03-04,CORN,Alberta,263.77
2025-03-05,CORN,Alberta,256.33
2025-03-06,CORN,Alberta,262.83
2025-03-07,CORN,Alberta,260.22
2025-03-10,CORN,Alberta,266.41
2025-03-11,CORN,Alberta,266.86
2025-03-12,CORN,Alberta,270.87
2025-03-13,CORN,Alberta,267.71
2025-03-14,CORN,Alberta,265.04
2025-03-17,CORN,Alberta,258.39
2025-03-18,CORN,Alberta,269.22
2025-03-19,CORN,Alberta,278.0
2025-03-20,CORN,Alberta,268.26
2025-03-21,CORN,Alberta,272.3
2025-03-24,CORN,Alberta,286.68
2025-03-25,CORN,Alberta,281.98
2025-03-26,CORN,Alberta,281.85
2025-03-27,CORN,Alberta,282.47
2025-03-28,CORN,Alberta,281.38
2025-03-31,CORN,Alberta,267.71
2025-04-01,CORN,Alberta,275.51
2025-04-02,CORN,Alberta,269.29
2025-04-03,CORN,Alberta,287.4
2025-04-04,CORN,Alberta,277.22
2025-04-07,CORN,Alberta,278.5
2025-04-08,CORN,Alberta,277.46
2025-04-09,CORN,Alberta,275.94
2025-04-10,CORN,Alberta,289.87
2025-04-11,CORN,Alberta,290.61
2025-04-14,CORN,Alberta,277.42
2025-04-15,CORN,Alberta,276.72
2025-04-16,CORN,Alberta,274.02
2025-04-17,CORN,Alberta,278.87
2025-04-18,CORN,Alberta,273.46
2025-04-21,CORN,Alberta,275.88
2025-04-22,CORN,Alberta,282.45
2025-04-23,CORN,Alberta,281.2
2025-04-24,CORN,Alberta,280.49
2025-04-25,CORN,Alberta,277.96
2025-04-28,CORN,Alberta,274.62
2025-04-29,CORN,Alberta,278.29
2025-04-30,CORN,Alberta,273.58
2025-05-01,CORN,Alberta,277.77
2025-05-02,CORN,Alberta,277.13
2025-05-05,CORN,Alberta,269.7
2025-05-06,CORN,Alberta,266.6
2025-05-07,CORN,Alberta,270.2
2025-05-08,CORN,Alberta,271.7
2025-05-09,CORN,Alberta,280.17
2025-05-12,CORN,Alberta,278.91
2025-05-13,CORN,Alberta,281.66
2025-05-14,CORN,Alberta,276.76
2025-05-15,CORN,Alberta,273.79
2025-05-16,CORN,Alberta,280.89
2025-05-19,CORN,Alberta,277.67
2025-05-20,CORN,Alberta,273.85
2025-05-21,CORN,Alberta,278.28
2025-05-22,CORN,Alberta,273.32
2025-05-23,CORN,Alberta,270.73
2025-05-26,CORN,Alberta,269.78
2025-05-27,CORN,Alberta,277.24
2025-05-28,CORN,Alberta,281.6
2025-05-29,CORN,Alberta,280.03
2025-05-30,CORN,Alberta,285.9
2025-06-02,CORN,Alberta,270.43
2025-06-03,CORN,Alberta,277.89
2025-06-04,CORN,Alberta,275.69
2025-06-05,CORN,Alberta,271.82
2025-06-06,CORN,Alberta,281.45
2025-06-09,CORN,Alberta,270.56
2025-06-10,CORN,Alberta,268.03
2025-06-11,CORN,Alberta,268.13
2025-06-12,CORN,Alberta,259.25
2025-06-13,CORN,Alberta,267.09
2025-06-16,CORN,Alberta,274.55
2025-06-17,CORN,Alberta,274.22
2025-06-18,CORN,Alberta,273.85
2025-06-19,CORN,Alberta,281.68
2025-06-20,CORN,Alberta,281.8
2025-06-23,CORN,Alberta,279.15
2025-06-24,CORN,Alberta,276.36
2025-06-25,CORN,Alberta,282.51
2025-06-26,CORN,Alberta,280.2
2025-06-27,CORN,Alberta,281.64
2025-06-30,CORN,Alberta,281.98
2025-01-02,CORN,Ontario,259.83
2025-01-03,CORN,Ontario,258.68
2025-01-06,CORN,Ontario,260.21
2025-01-07,CORN,Ontario,268.32
2025-01-08,CORN,Ontario,270.07
2025-01-09,CORN,Ontario,276.73
2025-01-10,CORN,Ontario,264.56
2025-01-13,CORN,Ontario,270.16
2025-01-14,CORN,Ontario,269.53
2025-01-15,CORN,Ontario,261.52
2025-01-16,CORN,Ontario,260.73
2025-01-17,CORN,Ontario,260.41
2025-01-20,CORN,Ontario,259.8
2025-01-21,CORN,Ontario,257.73
2025-01-22,CORN,Ontario,257.73
2025-01-23,CORN,Ontario,258.08
2025-01-24,CORN,Ontario,257.46
2025-01-27,CORN,Ontario,258.14
2025-01-28,CORN,Ontario,256.81
2025-01-29,CORN,Ontario,261.42
2025-01-30,CORN,Ontario,264.5
2025-01-31,CORN,Ontario,252.53
2025-02-03,CORN,Ontario,260.43
2025-02-04,CORN,Ontario,253.64
2025-02-05,CORN,Ontario,261.11
2025-02-06,CORN,Ontario,259.5
2025-02-07,CORN,Ontario,267.01
2025-02-10,CORN,Ontario,261.76
2025-02-11,CORN,Ontario,268.44
2025-02-12,CORN,Ontario,262.09
2025-02-13,CORN,Ontario,262.61
2025-02-14,CORN,Ontario,260.92
2025-02-17,CORN,Ontario,263.3
2025-02-18,CORN,Ontario,265.58
2025-02-19,CORN,Ontario,261.72
2025-02-20,CORN,Ontario,276.68
2025-02-21,CORN,Ontario,273.24
2025-02-24,CORN,Ontario,267.98
2025-02-25,CORN,Ontario,267.49
2025-02-26,CORN,Ontario,271.24
2025-02-27,CORN,Ontario,264.82
2025-02-28,CORN,Ontario,271.81
2025-03-03,CORN,Ontario,269.07
2025-03-04,CORN,Ontario,272.35
2025-03-05,CORN,Ontario,274.6
2025-03-06,CORN,Ontario,282.0
2025-03-07,CORN,Ontario,277.33
2025-03-10,CORN,Ontario,280.11
2025-03-11,CORN,Ontario,286.45
2025-03-12,CORN,Ontario,290.14
2025-03-13,CORN,Ontario,283.78
2025-03-14,CORN,Ontario,283.21
2025-03-17,CORN,Ontario,281.03
2025-03-18,CORN,Ontario,287.39
2025-03-19,CORN,Ontario,282.56
2025-03-20,CORN,Ontario,280.98
2025-03-21,CORN,Ontario,286.72
2025-03-24,CORN,Ontario,288.16
2025-03-25,CORN,Ontario,294.45
2025-03-26,CORN,Ontario,295.61
2025-03-27,CORN,Ontario,291.72
2025-03-28,CORN,Ontario,292.02
2025-03-31,CORN,Ontario,281.4
2025-04-01,CORN,Ontario,287.09
2025-04-02,CORN,Ontario,290.61
2025-04-03,CORN,Ontario,292.49
2025-04-04,CORN,Ontario,293.2
2025-04-07,CORN,Ontario,295.84
2025-04-08,CORN,Ontario,302.92
2025-04-09,CORN,Ontario,294.36
2025-04-10,CORN,Ontario,294.19
2025-04-11,CORN,Ontario,292.72
2025-04-14,CORN,Ontario,292.2
2025-04-15,CORN,Ontario,293.9
2025-04-16,CORN,Ontario,295.35
2025-04-17,CORN,Ontario,286.57
2025-04-18,CORN,Ontario,283.38
2025-04-21,CORN,Ontario,290.39
2025-04-22,CORN,Ontario,293.41
2025-04-23,CORN,Ontario,289.86
2025-04-24,CORN,Ontario,290.99
2025-04-25,CORN,Ontario,291.97
2025-04-28,CORN,Ontario,295.08
2025-04-29,CORN,Ontario,287.73
2025-04-30,CORN,Ontario,287.63
2025-05-01,CORN,Ontario,284.55
2025-05-02,CORN,Ontario,288.76
2025-05-05,CORN,Ontario,289.39
2025-05-06,CORN,Ontario,288.3
2025-05-07,CORN,Ontario,288.57
2025-05-08,CORN,Ontario,290.78
2025-05-09,CORN,Ontario,289.26
2025-05-12,CORN,Ontario,290.98
2025-05-13,CORN,Ontario,294.01
2025-05-14,CORN,Ontario,285.07
2025-05-15,CORN,Ontario,282.94
2025-05-16,CORN,Ontario,289.31
2025-05-19,CORN,Ontario,289.95
2025-05-20,CORN,Ontario,282.78
2025-05-21,CORN,Ontario,284.56
2025-05-22,CORN,Ontario,284.98
2025-05-23,CORN,Ontario,275.58
2025-05-26,CORN,Ontario,284.75
2025-05-27,CORN,Ontario,286.3
2025-05-28,CORN,Ontario,288.51
2025-05-29,CORN,Ontario,298.4
2025-05-30,CORN,Ontario,288.3
2025-06-02,CORN,Ontario,287.51
2025-06-03,CORN,Ontario,280.16
2025-06-04,CORN,Ontario,286.43
2025-06-05,CORN,Ontario,285.65
2025-06-06,CORN,Ontario,282.37
2025-06-09,CORN,Ontario,287.76
2025-06-10,CORN,Ontario,285.6
2025-06-11,CORN,Ontario,280.84
2025-06-12,CORN,Ontario,278.28
2025-06-13,CORN,Ontario,286.74
2025-06-16,CORN,Ontario,283.03
2025-06-17,CORN,Ontario,285.96
2025-06-18,CORN,Ontario,282.8
2025-06-19,CORN,Ontario,287.18
2025-06-20,CORN,Ontario,291.96
2025-06-23,CORN,Ontario,298.69
2025-06-24,CORN,Ontario,290.93
2025-06-25,CORN,Ontario,292.9
2025-06-26,CORN,Ontario,291.18
2025-06-27,CORN,Ontario,300.33
2025-06-30,CORN,Ontario,291.6
2025-01-02,CORN,British Columbia,271.5
2025-01-03,CORN,British Columbia,273.09
2025-01-06,CORN,British Columbia,275.21
2025-01-07,CORN,British Columbia,273.56
2025-01-08,CORN,British Columbia,278.39
2025-01-09,CORN,British Columbia,277.61
2025-01-10,CORN,British Columbia,271.12
2025-01-13,CORN,British Columbia,283.37
2025-01-14,CORN,British Columbia,273.88
2025-01-15,CORN,British Columbia,272.64
2025-01-16,CORN,British Columbia,255.08
2025-01-17,CORN,British Columbia,269.42
2025-01-20,CORN,British Columbia,271.37
2025-01-21,CORN,British Columbia,265.87
2025-01-22,CORN,British Columbia,268.39
2025-01-23,CORN,British Columbia,272.79
2025-01-24,CORN,British Columbia,265.11
2025-01-27,CORN,British Columbia,269.82
2025-01-28,CORN,British Columbia,265.07
2025-01-29,CORN,British Columbia,264.23
2025-01-30,CORN,British Columbia,271.22
2025-01-31,CORN,British Columbia,267.07
2025-02-03,CORN,British Columbia,263.47
2025-02-04,CORN,British Columbia,261.84
2025-02-05,CORN,British Columbia,266.75
2025-02-06,CORN,British Columbia,272.19
2025-02-07,CORN,British Columbia,267.6
2025-02-10,CORN,British Columbia,272.9
2025-02-11,CORN,British Columbia,274.38
2025-02-12,CORN,British Columbia,269.72
2025-02-13,CORN,British Columbia,276.24
2025-02-14,CORN,British Columbia,271.71
2025-02-17,CORN,British Columbia,268.43
2025-02-18,CORN,British Columbia,265.09
2025-02-19,CORN,British Columbia,271.7
2025-02-20,CORN,British Columbia,271.66
2025-02-21,CORN,British Columbia,275.92
2025-02-24,CORN,British Columbia,275.92
2025-02-25,CORN,British Columbia,271.55
2025-02-26,CORN,British Columbia,273.92
2025-02-27,CORN,British Columbia,280.71
2025-02-28,CORN,British Columbia,274.96
2025-03-03,CORN,British Columbia,270.59
2025-03-04,CORN,British Columbia,279.55
2025-03-05,CORN,British Columbia,278.26
2025-03-06,CORN,British Columbia,295.92
2025-03-07,CORN,British Columbia,284.78
2025-03-10,CORN,British Columbia,286.04
2025-03-11,CORN,British Columbia,293.09
2025-03-12,CORN,British Columbia,285.91
2025-03-13,CORN,British Columbia,292.45
2025-03-14,CORN,British Columbia,298.17
2025-03-17,CORN,British Columbia,286.78
2025-03-18,CORN,British Columbia,286.01
2025-03-19,CORN,British Columbia,293.4
2025-03-20,CORN,British Columbia,299.97
2025-03-21,CORN,British Columbia,298.78
2025-03-24,CORN,British Columbia,295.66
2025-03-25,CORN,British Columbia,301.29
2025-03-26,CORN,British Columbia,297.83
2025-03-27,CORN,British Columbia,300.84
2025-03-28,CORN,British Columbia,303.59
2025-03-31,CORN,British Columbia,297.51
2025-04-01,CORN,British Columbia,297.76
2025-04-02,CORN,British Columbia,289.93
2025-04-03,CORN,British Columbia,291.8
2025-04-04,CORN,British Columbia,305.23
2025-04-07,CORN,British Columbia,296.81
2025-04-08,CORN,British Columbia,300.22
2025-04-09,CORN,British Columbia,302.64
2025-04-10,CORN,British Columbia,299.41
2025-04-11,CORN,British Columbia,296.32
2025-04-14,CORN,British Columbia,298.45
2025-04-15,CORN,British Columbia,303.52
2025-04-16,CORN,British Columbia,306.72
2025-04-17,CORN,British Columbia,301.77
2025-04-18,CORN,British Columbia,294.52
2025-04-21,CORN,British Columbia,295.0
2025-04-22,CORN,British Columbia,296.79
2025-04-23,CORN,British Columbia,297.08
2025-04-24,CORN,British Columbia,300.34
2025-04-25,CORN,British Columbia,300.07
2025-04-28,CORN,British Columbia,290.13
2025-04-29,CORN,British Columbia,291.98
2025-04-30,CORN,British Columbia,297.85
2025-05-01,CORN,British Columbia,294.03
2025-05-02,CORN,British Columbia,287.8
2025-05-05,CORN,British Columbia,304.31
2025-05-06,CORN,British Columbia,291.72
2025-05-07,CORN,British Columbia,294.26
2025-05-08,CORN,British Columbia,297.02
2025-05-09,CORN,British Columbia,295.18
2025-05-12,CORN,British Columbia,294.09
2025-05-13,CORN,British Columbia,305.25
2025-05-14,CORN,British Columbia,298.69
2025-05-15,CORN,British Columbia,295.74
2025-05-16,CORN,British Columbia,297.89
2025-05-19,CORN,British Columbia,291.28
2025-05-20,CORN,British Columbia,298.19
2025-05-21,CORN,British Columbia,288.49
2025-05-22,CORN,British Columbia,293.49
2025-05-23,CORN,British Columbia,284.88
2025-05-26,CORN,British Columbia,284.47
2025-05-27,CORN,British Columbia,295.2
2025-05-28,CORN,British Columbia,292.92
2025-05-29,CORN,British Columbia,291.77
2025-05-30,CORN,British Columbia,302.33
2025-06-02,CORN,British Columbia,306.29
2025-06-03,CORN,British Columbia,303.17
2025-06-04,CORN,British Columbia,294.32
2025-06-05,CORN,British Columbia,294.26
2025-06-06,CORN,British Columbia,294.96
2025-06-09,CORN,British Columbia,294.82
2025-06-10,CORN,British Columbia,287.79
2025-06-11,CORN,British Columbia,287.66
2025-06-12,CORN,British Columbia,287.97
2025-06-13,CORN,British Columbia,291.85
2025-06-16,CORN,British Columbia,289.58
2025-06-17,CORN,British Columbia,295.76
2025-06-18,CORN,British Columbia,302.19
2025-06-19,CORN,British Columbia,300.78
2025-06-20,CORN,British Columbia,297.85
2025-06-23,CORN,British Columbia,303.46
2025-06-24,CORN,British Columbia,296.14
2025-06-25,CORN,British Columbia,309.46
2025-06-26,CORN,British Columbia,305.09
2025-06-27,CORN,British Columbia,318.2
2025-06-30,CORN,British Columbia,300.89
2025-01-02,SOY,Manitoba,534.57
2025-01-03,SOY,Manitoba,527.16
2025-01-06,SOY,Manitoba,526.77
2025-01-07,SOY,Manitoba,525.87
2025-01-08,SOY,Manitoba,524.12
2025-01-09,SOY,Manitoba,523.11
2025-01-10,SOY,Manitoba,518.12
2025-01-13,SOY,Manitoba,523.43
2025-01-14,SOY,Manitoba,527.63
2025-01-15,SOY,Manitoba,529.06
2025-01-16,SOY,Manitoba,525.73
2025-01-17,SOY,Manitoba,531.29
2025-01-20,SOY,Manitoba,520.31
2025-01-21,SOY,Manitoba,517.5
2025-01-22,SOY,Manitoba,519.35
2025-01-23,SOY,Manitoba,526.82
2025-01-24,SOY,Manitoba,521.21
2025-01-27,SOY,Manitoba,529.14
2025-01-28,SOY,Manitoba,523.8
2025-01-29,SOY,Manitoba,512.86
2025-01-30,SOY,Manitoba,507.09
2025-01-31,SOY,Manitoba,527.58
2025-02-03,SOY,Manitoba,526.37
2025-02-04,SOY,Manitoba,513.1
2025-02-05,SOY,Manitoba,504.15
2025-02-06,SOY,Manitoba,505.24
2025-02-07,SOY,Manitoba,500.4
2025-02-10,SOY,Manitoba,502.78
2025-02-11,SOY,Manitoba,504.86
2025-02-12,SOY,Manitoba,513.75
2025-02-13,SOY,Manitoba,513.64
2025-02-14,SOY,Manitoba,507.9
2025-02-17,SOY,Manitoba,509.96
2025-02-18,SOY,Manitoba,499.44
2025-02-19,SOY,Manitoba,508.17
2025-02-20,SOY,Manitoba,514.47
2025-02-21,SOY,Manitoba,511.03
2025-02-24,SOY,Manitoba,503.74
2025-02-25,SOY,Manitoba,516.76
2025-02-26,SOY,Manitoba,521.25
2025-02-27,SOY,Manitoba,521.79
2025-02-28,SOY,Manitoba,512.33
2025-03-03,SOY,Manitoba,511.34
2025-03-04,SOY,Manitoba,502.52
2025-03-05,SOY,Manitoba,511.56
2025-03-06,SOY,Manitoba,503.53
2025-03-07,SOY,Manitoba,495.46
2025-03-10,SOY,Manitoba,491.95
2025-03-11,SOY,Manitoba,496.25
2025-03-12,SOY,Manitoba,490.87
2025-03-13,SOY,Manitoba,492.68
2025-03-14,SOY,Manitoba,490.75
2025-03-17,SOY,Manitoba,489.1
2025-03-18,SOY,Manitoba,508.76
2025-03-19,SOY,Manitoba,504.5
2025-03-20,SOY,Manitoba,497.77
2025-03-21,SOY,Manitoba,501.71
2025-03-24,SOY,Manitoba,498.29
2025-03-25,SOY,Manitoba,502.21
2025-03-26,SOY,Manitoba,500.52
2025-03-27,SOY,Manitoba,507.64
2025-03-28,SOY,Manitoba,496.98
2025-03-31,SOY,Manitoba,499.3
2025-04-01,SOY,Manitoba,495.27
2025-04-02,SOY,Manitoba,499.71
2025-04-03,SOY,Manitoba,500.64
2025-04-04,SOY,Manitoba,504.14
2025-04-07,SOY,Manitoba,510.11
2025-04-08,SOY,Manitoba,511.04
2025-04-09,SOY,Manitoba,521.96
2025-04-10,SOY,Manitoba,508.32
2025-04-11,SOY,Manitoba,504.53
2025-04-14,SOY,Manitoba,499.74
2025-04-15,SOY,Manitoba,505.6
2025-04-16,SOY,Manitoba,496.45
2025-04-17,SOY,Manitoba,505.91
2025-04-18,SOY,Manitoba,495.18
2025-04-21,SOY,Manitoba,496.2
2025-04-22,SOY,Manitoba,492.74
2025-04-23,SOY,Manitoba,487.24
2025-04-24,SOY,Manitoba,497.37
2025-04-25,SOY,Manitoba,490.25
2025-04-28,SOY,Manitoba,501.13
2025-04-29,SOY,Manitoba,500.08
2025-04-30,SOY,Manitoba,499.71
2025-05-01,SOY,Manitoba,501.97
2025-05-02,SOY,Manitoba,498.88
2025-05-05,SOY,Manitoba,488.53
2025-05-06,SOY,Manitoba,488.79
2025-05-07,SOY,Manitoba,480.81
2025-05-08,SOY,Manitoba,483.6
2025-05-09,SOY,Manitoba,477.96
2025-05-12,SOY,Manitoba,482.11
2025-05-13,SOY,Manitoba,479.93
2025-05-14,SOY,Manitoba,472.59
2025-05-15,SOY,Manitoba,470.18
2025-05-16,SOY,Manitoba,473.3
2025-05-19,SOY,Manitoba,487.19
2025-05-20,SOY,Manitoba,477.03
2025-05-21,SOY,Manitoba,476.69
2025-05-22,SOY,Manitoba,463.77
2025-05-23,SOY,Manitoba,470.83
2025-05-26,SOY,Manitoba,475.34
2025-05-27,SOY,Manitoba,482.79
2025-05-28,SOY,Manitoba,485.44
2025-05-29,SOY,Manitoba,489.25
2025-05-30,SOY,Manitoba,470.26
2025-06-02,SOY,Manitoba,470.86
2025-06-03,SOY,Manitoba,476.55
2025-06-04,SOY,Manitoba,482.75
2025-06-05,SOY,Manitoba,485.12
2025-06-06,SOY,Manitoba,477.78
2025-06-09,SOY,Manitoba,482.68
2025-06-10,SOY,Manitoba,481.58
2025-06-11,SOY,Manitoba,488.36
2025-06-12,SOY,Manitoba,481.92
2025-06-13,SOY,Manitoba,492.95
2025-06-16,SOY,Manitoba,492.85
2025-06-17,SOY,Manitoba,490.96
2025-06-18,SOY,Manitoba,487.5
2025-06-19,SOY,Manitoba,496.29
2025-06-20,SOY,Manitoba,503.36
2025-06-23,SOY,Manitoba,503.76
2025-06-24,SOY,Manitoba,501.8
2025-06-25,SOY,Manitoba,503.81
2025-06-26,SOY,Manitoba,501.18
2025-06-27,SOY,Manitoba,502.53
2025-06-30,SOY,Manitoba,509.74
2025-01-02,SOY,Saskatchewan,534.01
2025-01-03,SOY,Saskatchewan,520.68
2025-01-06,SOY,Saskatchewan,520.25
2025-01-07,SOY,Saskatchewan,517.73
2025-01-08,SOY,Saskatchewan,519.95
2025-01-09,SOY,Saskatchewan,522.41
2025-01-10,SOY,Saskatchewan,516.34
2025-01-13,SOY,Saskatchewan,529.0
2025-01-14,SOY,Saskatchewan,526.22
2025-01-15,SOY,Saskatchewan,527.08
2025-01-16,SOY,Saskatchewan,521.27
2025-01-17,SOY,Saskatchewan,526.12
2025-01-20,SOY,Saskatchewan,515.93
2025-01-21,SOY,Saskatchewan,514.89
2025-01-22,SOY,Saskatchewan,520.3
2025-01-23,SOY,Saskatchewan,520.33
2025-01-24,SOY,Saskatchewan,522.63
2025-01-27,SOY,Saskatchewan,526.27
2025-01-28,SOY,Saskatchewan,514.85
2025-01-29,SOY,Saskatchewan,516.32
2025-01-30,SOY,Saskatchewan,508.51
2025-01-31,SOY,Saskatchewan,505.9
2025-02-03,SOY,Saskatchewan,519.52
2025-02-04,SOY,Saskatchewan,515.59
2025-02-05,SOY,Saskatchewan,497.65
2025-02-06,SOY,Saskatchewan,504.23
2025-02-07,SOY,Saskatchewan,508.0
2025-02-10,SOY,Saskatchewan,492.7
2025-02-11,SOY,Saskatchewan,504.47
2025-02-12,SOY,Saskatchewan,500.66
2025-02-13,SOY,Saskatchewan,518.25
2025-02-14,SOY,Saskatchewan,508.24
2025-02-17,SOY,Saskatchewan,508.35
2025-02-18,SOY,Saskatchewan,511.85
2025-02-19,SOY,Saskatchewan,507.8
2025-02-20,SOY,Saskatchewan,508.14
2025-02-21,SOY,Saskatchewan,501.65
2025-02-24,SOY,Saskatchewan,509.76
2025-02-25,SOY,Saskatchewan,506.11
2025-02-26,SOY,Saskatchewan,506.0
2025-02-27,SOY,Saskatchewan,513.06
2025-02-28,SOY,Saskatchewan,503.12
2025-03-03,SOY,Saskatchewan,510.25
2025-03-04,SOY,Saskatchewan,505.61
2025-03-05,SOY,Saskatchewan,501.59
2025-03-06,SOY,Saskatchewan,500.32
2025-03-07,SOY,Saskatchewan,491.01
2025-03-10,SOY,Saskatchewan,488.55
2025-03-11,SOY,Saskatchewan,496.79
2025-03-12,SOY,Saskatchewan,499.6
2025-03-13,SOY,Saskatchewan,490.58
2025-03-14,SOY,Saskatchewan,494.11
2025-03-17,SOY,Saskatchewan,492.38
2025-03-18,SOY,Saskatchewan,495.94
2025-03-19,SOY,Saskatchewan,505.62
2025-03-20,SOY,Saskatchewan,497.71
2025-03-21,SOY,Saskatchewan,506.68
2025-03-24,SOY,Saskatchewan,496.29
2025-03-25,SOY,Saskatchewan,490.07
2025-03-26,SOY,Saskatchewan,493.76
2025-03-27,SOY,Saskatchewan,497.08
2025-03-28,SOY,Saskatchewan,496.08
2025-03-31,SOY,Saskatchewan,495.43
2025-04-01,SOY,Saskatchewan,503.82
2025-04-02,SOY,Saskatchewan,492.99
2025-04-03,SOY,Saskatchewan,499.62
2025-04-04,SOY,Saskatchewan,502.81
2025-04-07,SOY,Saskatchewan,506.46
2025-04-08,SOY,Saskatchewan,512.17
2025-04-09,SOY,Saskatchewan,511.07
2025-04-10,SOY,Saskatchewan,509.15
2025-04-11,SOY,Saskatchewan,503.95
2025-04-14,SOY,Saskatchewan,498.73
2025-04-15,SOY,Saskatchewan,502.95
2025-04-16,SOY,Saskatchewan,507.08
2025-04-17,SOY,Saskatchewan,502.6
2025-04-18,SOY,Saskatchewan,494.67
2025-04-21,SOY,Saskatchewan,483.13
2025-04-22,SOY,Saskatchewan,488.75
2025-04-23,SOY,Saskatchewan,483.05
2025-04-24,SOY,Saskatchewan,487.23
2025-04-25,SOY,Saskatchewan,485.95
2025-04-28,SOY,Saskatchewan,488.93
2025-04-29,SOY,Saskatchewan,491.67
2025-04-30,SOY,Saskatchewan,487.94
2025-05-01,SOY,Saskatchewan,497.25
2025-05-02,SOY,Saskatchewan,486.11
2025-05-05,SOY,Saskatchewan,483.77
2025-05-06,SOY,Saskatchewan,487.65
2025-05-07,SOY,Saskatchewan,474.52
2025-05-08,SOY,Saskatchewan,481.22
2025-05-09,SOY,Saskatchewan,478.31
2025-05-12,SOY,Saskatchewan,473.57
2025-05-13,SOY,Saskatchewan,469.46
2025-05-14,SOY,Saskatchewan,475.14
2025-05-15,SOY,Saskatchewan,466.76
2025-05-16,SOY,Saskatchewan,472.41
2025-05-19,SOY,Saskatchewan,480.35
2025-05-20,SOY,Saskatchewan,475.85
2025-05-21,SOY,Saskatchewan,473.68
2025-05-22,SOY,Saskatchewan,469.33
2025-05-23,SOY,Saskatchewan,459.42
2025-05-26,SOY,Saskatchewan,475.22
2025-05-27,SOY,Saskatchewan,481.87
2025-05-28,SOY,Saskatchewan,481.68
2025-05-29,SOY,Saskatchewan,478.05
2025-05-30,SOY,Saskatchewan,470.74
2025-06-02,SOY,Saskatchewan,470.35
2025-06-03,SOY,Saskatchewan,478.03
2025-06-04,SOY,Saskatchewan,471.58
2025-06-05,SOY,Saskatchewan,480.92
2025-06-06,SOY,Saskatchewan,468.48
2025-06-09,SOY,Saskatchewan,476.86
2025-06-10,SOY,Saskatchewan,489.53
2025-06-11,SOY,Saskatchewan,478.79
2025-06-12,SOY,Saskatchewan,478.99
2025-06-13,SOY,Saskatchewan,486.96
2025-06-16,SOY,Saskatchewan,488.25
2025-06-17,SOY,Saskatchewan,485.26
2025-06-18,SOY,Saskatchewan,484.2
2025-06-19,SOY,Saskatchewan,496.15
2025-06-20,SOY,Saskatchewan,493.88
2025-06-23,SOY,Saskatchewan,496.83
2025-06-24,SOY,Saskatchewan,499.24
2025-06-25,SOY,Saskatchewan,501.31
2025-06-26,SOY,Saskatchewan,499.04
2025-06-27,SOY,Saskatchewan,514.83
2025-06-30,SOY,Saskatchewan,507.84
2025-01-02,SOY,Alberta,530.62
2025-01-03,SOY,Alberta,518.87
2025-01-06,SOY,Alberta,517.17
2025-01-07,SOY,Alberta,519.77
2025-01-08,SOY,Alberta,524.83
2025-01-09,SOY,Alberta,518.4
2025-01-10,SOY,Alberta,513.56
2025-01-13,SOY,Alberta,514.48
2025-01-14,SOY,Alberta,523.11
2025-01-15,SOY,Alberta,517.79
2025-01-16,SOY,Alberta,515.07
2025-01-17,SOY,Alberta,523.03
2025-01-20,SOY,Alberta,513.97
2025-01-21,SOY,Alberta,519.97
2025-01-22,SOY,Alberta,520.44
2025-01-23,SOY,Alberta,519.75
2025-01-24,SOY,Alberta,513.03
2025-01-27,SOY,Alberta,520.01
2025-01-28,SOY,Alberta,507.15
2025-01-29,SOY,Alberta,502.43
2025-01-30,SOY,Alberta,508.2
2025-01-31,SOY,Alberta,510.37
2025-02-03,SOY,Alberta,520.95
2025-02-04,SOY,Alberta,511.71
2025-02-05,SOY,Alberta,497.9
2025-02-06,SOY,Alberta,502.14
2025-02-07,SOY,Alberta,495.02
2025-02-10,SOY,Alberta,484.36
2025-02-11,SOY,Alberta,500.96
2025-02-12,SOY,Alberta,499.99
2025-02-13,SOY,Alberta,505.98
2025-02-14,SOY,Alberta,512.48
2025-02-17,SOY,Alberta,498.06
2025-02-18,SOY,Alberta,503.97
2025-02-19,SOY,Alberta,497.18
2025-02-20,SOY,Alberta,511.28
2025-02-21,SOY,Alberta,501.43
2025-02-24,SOY,Alberta,505.3
2025-02-25,SOY,Alberta,500.83
2025-02-26,SOY,Alberta,507.41
2025-02-27,SOY,Alberta,512.99
2025-02-28,SOY,Alberta,512.13
2025-03-03,SOY,Alberta,501.7
2025-03-04,SOY,Alberta,497.32
2025-03-05,SOY,Alberta,502.56
2025-03-06,SOY,Alberta,508.82
2025-03-07,SOY,Alberta,494.97
2025-03-10,SOY,Alberta,494.79
2025-03-11,SOY,Alberta,485.77
2025-03-12,SOY,Alberta,486.5
2025-03-13,SOY,Alberta,486.15
2025-03-14,SOY,Alberta,492.07
2025-03-17,SOY,Alberta,487.05
2025-03-18,SOY,Alberta,492.53
2025-03-19,SOY,Alberta,497.34
2025-03-20,SOY,Alberta,499.23
2025-03-21,SOY,Alberta,500.27
2025-03-24,SOY,Alberta,493.93
2025-03-25,SOY,Alberta,493.57
2025-03-26,SOY,Alberta,491.18
2025-03-27,SOY,Alberta,501.16
2025-03-28,SOY,Alberta,495.25
2025-03-31,SOY,Alberta,487.74
2025-04-01,SOY,Alberta,483.7
2025-04-02,SOY,Alberta,495.27
2025-04-03,SOY,Alberta,493.99
2025-04-04,SOY,Alberta,496.24
2025-04-07,SOY,Alberta,506.76
2025-04-08,SOY,Alberta,510.77
2025-04-09,SOY,Alberta,516.57
2025-04-10,SOY,Alberta,497.0
2025-04-11,SOY,Alberta,498.92
2025-04-14,SOY,Alberta,496.2
2025-04-15,SOY,Alberta,490.56
2025-04-16,SOY,Alberta,494.81
2025-04-17,SOY,Alberta,491.49
2025-04-18,SOY,Alberta,490.47
2025-04-21,SOY,Alberta,490.33
2025-04-22,SOY,Alberta,495.24
2025-04-23,SOY,Alberta,476.67
2025-04-24,SOY,Alberta,484.33
2025-04-25,SOY,Alberta,486.1
2025-04-28,SOY,Alberta,490.22
2025-04-29,SOY,Alberta,494.02
2025-04-30,SOY,Alberta,491.76
2025-05-01,SOY,Alberta,500.94
2025-05-02,SOY,Alberta,492.4
2025-05-05,SOY,Alberta,479.53
2025-05-06,SOY,Alberta,488.41
2025-05-07,SOY,Alberta,479.43
2025-05-08,SOY,Alberta,476.96
2025-05-09,SOY,Alberta,475.87
2025-05-12,SOY,Alberta,472.52
2025-05-13,SOY,Alberta,468.01
2025-05-14,SOY,Alberta,469.48
2025-05-15,SOY,Alberta,457.54
2025-05-16,SOY,Alberta,471.22
2025-05-19,SOY,Alberta,468.89
2025-05-20,SOY,Alberta,463.57
2025-05-21,SOY,Alberta,473.01
2025-05-22,SOY,Alberta,463.65
2025-05-23,SOY,Alberta,463.21
2025-05-26,SOY,Alberta,463.54
2025-05-27,SOY,Alberta,477.49
2025-05-28,SOY,Alberta,477.6
2025-05-29,SOY,Alberta,469.19
2025-05-30,SOY,Alberta,466.53
2025-06-02,SOY,Alberta,470.92
2025-06-03,SOY,Alberta,464.82
2025-06-04,SOY,Alberta,468.6
2025-06-05,SOY,Alberta,471.73
2025-06-06,SOY,Alberta,470.29
2025-06-09,SOY,Alberta,473.02
2025-06-10,SOY,Alberta,477.9
2025-06-11,SOY,Alberta,484.99
2025-06-12,SOY,Alberta,474.65
2025-06-13,SOY,Alberta,487.65
2025-06-16,SOY,Alberta,490.89
2025-06-17,SOY,Alberta,482.01
2025-06-18,SOY,Alberta,488.2
2025-06-19,SOY,Alberta,488.77
2025-06-20,SOY,Alberta,499.81
2025-06-23,SOY,Alberta,492.68
2025-06-24,SOY,Alberta,493.18
2025-06-25,SOY,Alberta,492.83
2025-06-26,SOY,Alberta,491.98
2025-06-27,SOY,Alberta,498.17
2025-06-30,SOY,Alberta,503.21
2025-01-02,SOY,Ontario,541.77
2025-01-03,SOY,Ontario,533.61
2025-01-06,SOY,Ontario,529.05
2025-01-07,SOY,Ontario,530.53
2025-01-08,SOY,Ontario,535.39
2025-01-09,SOY,Ontario,522.32
2025-01-10,SOY,Ontario,520.25
2025-01-13,SOY,Ontario,533.52
2025-01-14,SOY,Ontario,539.78
2025-01-15,SOY,Ontario,539.84
2025-01-16,SOY,Ontario,528.51
2025-01-17,SOY,Ontario,533.52
2025-01-20,SOY,Ontario,520.65
2025-01-21,SOY,Ontario,527.79
2025-01-22,SOY,Ontario,537.37
2025-01-23,SOY,Ontario,524.44
2025-01-24,SOY,Ontario,523.0
2025-01-27,SOY,Ontario,529.61
2025-01-28,SOY,Ontario,526.83
2025-01-29,SOY,Ontario,525.43
2025-01-30,SOY,Ontario,519.49
2025-01-31,SOY,Ontario,530.59
2025-02-03,SOY,Ontario,522.91
2025-02-04,SOY,Ontario,524.53
2025-02-05,SOY,Ontario,511.63
2025-02-06,SOY,Ontario,515.21
2025-02-07,SOY,Ontario,504.87
2025-02-10,SOY,Ontario,504.26
2025-02-11,SOY,Ontario,513.91
2025-02-12,SOY,Ontario,519.0
2025-02-13,SOY,Ontario,513.9
2025-02-14,SOY,Ontario,517.2
2025-02-17,SOY,Ontario,512.32
2025-02-18,SOY,Ontario,516.96
2025-02-19,SOY,Ontario,516.76
2025-02-20,SOY,Ontario,525.3
2025-02-21,SOY,Ontario,510.59
2025-02-24,SOY,Ontario,519.99
2025-02-25,SOY,Ontario,522.55
2025-02-26,SOY,Ontario,516.4
2025-02-27,SOY,Ontario,524.23
2025-02-28,SOY,Ontario,521.38
2025-03-03,SOY,Ontario,511.25
2025-03-04,SOY,Ontario,508.56
2025-03-05,SOY,Ontario,517.48
2025-03-06,SOY,Ontario,506.81
2025-03-07,SOY,Ontario,506.35
2025-03-10,SOY,Ontario,501.29
2025-03-11,SOY,Ontario,504.09
2025-03-12,SOY,Ontario,496.67
2025-03-13,SOY,Ontario,493.43
2025-03-14,SOY,Ontario,503.38
2025-03-17,SOY,Ontario,506.64
2025-03-18,SOY,Ontario,517.42
2025-03-19,SOY,Ontario,499.86
2025-03-20,SOY,Ontario,508.23
2025-03-21,SOY,Ontario,502.37
2025-03-24,SOY,Ontario,503.29
2025-03-25,SOY,Ontario,501.77
2025-03-26,SOY,Ontario,502.23
2025-03-27,SOY,Ontario,505.9
2025-03-28,SOY,Ontario,504.59
2025-03-31,SOY,Ontario,505.47
2025-04-01,SOY,Ontario,502.27
2025-04-02,SOY,Ontario,505.78
2025-04-03,SOY,Ontario,501.88
2025-04-04,SOY,Ontario,511.76
2025-04-07,SOY,Ontario,514.76
2025-04-08,SOY,Ontario,524.88
2025-04-09,SOY,Ontario,520.92
2025-04-10,SOY,Ontario,510.82
2025-04-11,SOY,Ontario,510.27
2025-04-14,SOY,Ontario,511.1
2025-04-15,SOY,Ontario,509.81
2025-04-16,SOY,Ontario,509.13
2025-04-17,SOY,Ontario,503.87
2025-04-18,SOY,Ontario,509.92
2025-04-21,SOY,Ontario,492.2
2025-04-22,SOY,Ontario,496.75
2025-04-23,SOY,Ontario,494.71
2025-04-24,SOY,Ontario,487.3
2025-04-25,SOY,Ontario,501.46
2025-04-28,SOY,Ontario,503.67
2025-04-29,SOY,Ontario,508.52
2025-04-30,SOY,Ontario,505.28
2025-05-01,SOY,Ontario,506.05
2025-05-02,SOY,Ontario,496.24
2025-05-05,SOY,Ontario,495.71
2025-05-06,SOY,Ontario,493.83
2025-05-07,SOY,Ontario,490.3
2025-05-08,SOY,Ontario,491.42
2025-05-09,SOY,Ontario,489.75
2025-05-12,SOY,Ontario,485.75
2025-05-13,SOY,Ontario,483.41
2025-05-14,SOY,Ontario,480.3
2025-05-15,SOY,Ontario,476.2
2025-05-16,SOY,Ontario,485.93
2025-05-19,SOY,Ontario,482.52
2025-05-20,SOY,Ontario,481.89
2025-05-21,SOY,Ontario,475.53
2025-05-22,SOY,Ontario,470.6
2025-05-23,SOY,Ontario,478.37
2025-05-26,SOY,Ontario,481.85
2025-05-27,SOY,Ontario,484.86
2025-05-28,SOY,Ontario,488.81
2025-05-29,SOY,Ontario,482.87
2025-05-30,SOY,Ontario,479.11
2025-06-02,SOY,Ontario,485.61
2025-06-03,SOY,Ontario,488.3
2025-06-04,SOY,Ontario,484.51
2025-06-05,SOY,Ontario,493.58
2025-06-06,SOY,Ontario,480.51
2025-06-09,SOY,Ontario,483.59
2025-06-10,SOY,Ontario,486.96
2025-06-11,SOY,Ontario,488.78
2025-06-12,SOY,Ontario,479.02
2025-06-13,SOY,Ontario,498.16
2025-06-16,SOY,Ontario,493.23
2025-06-17,SOY,Ontario,499.84
2025-06-18,SOY,Ontario,494.85
2025-06-19,SOY,Ontario,498.85
2025-06-20,SOY,Ontario,507.54
2025-06-23,SOY,Ontario,505.07
2025-06-24,SOY,Ontario,501.38
2025-06-25,SOY,Ontario,503.62
2025-06-26,SOY,Ontario,498.08
2025-06-27,SOY,Ontario,506.0
2025-06-30,SOY,Ontario,509.15
2025-01-02,SOY,British Columbia,549.12
2025-01-03,SOY,British Columbia,538.09
2025-01-06,SOY,British Columbia,535.0
2025-01-07,SOY,British Columbia,528.66
2025-01-08,SOY,British Columbia,538.18
2025-01-09,SOY,British Columbia,533.69
2025-01-10,SOY,British Columbia,531.53
2025-01-13,SOY,British Columbia,539.05
2025-01-14,SOY,British Columbia,534.5
2025-01-15,SOY,British Columbia,539.78
2025-01-16,SOY,British Columbia,538.89
2025-01-17,SOY,British Columbia,539.96
2025-01-20,SOY,British Columbia,531.67
2025-01-21,SOY,British Columbia,541.56
2025-01-22,SOY,British Columbia,541.2
2025-01-23,SOY,British Columbia,533.18
2025-01-24,SOY,British Columbia,539.19
2025-01-27,SOY,British Columbia,542.49
2025-01-28,SOY,British Columbia,529.45
2025-01-29,SOY,British Columbia,533.34
2025-01-30,SOY,British Columbia,524.09
2025-01-31,SOY,British Columbia,527.24
2025-02-03,SOY,British Columbia,538.78
2025-02-04,SOY,British Columbia,527.64
2025-02-05,SOY,British Columbia,518.97
2025-02-06,SOY,British Columbia,519.13
2025-02-07,SOY,British Columbia,514.28
2025-02-10,SOY,British Columbia,513.69
2025-02-11,SOY,British Columbia,519.79
2025-02-12,SOY,British Columbia,522.04
2025-02-13,SOY,British Columbia,528.67
2025-02-14,SOY,British Columbia,519.46
2025-02-17,SOY,British Columbia,520.08
2025-02-18,SOY,British Columbia,513.09
2025-02-19,SOY,British Columbia,522.91
2025-02-20,SOY,British Columbia,522.3
2025-02-21,SOY,British Columbia,520.27
2025-02-24,SOY,British Columbia,524.76
2025-02-25,SOY,British Columbia,526.52
2025-02-26,SOY,British Columbia,525.16
2025-02-27,SOY,British Columbia,528.52
2025-02-28,SOY,British Columbia,531.22
2025-03-03,SOY,British Columbia,526.14
2025-03-04,SOY,British Columbia,524.36
2025-03-05,SOY,British Columbia,522.06
2025-03-06,SOY,British Columbia,514.59
2025-03-07,SOY,British Columbia,516.94
2025-03-10,SOY,British Columbia,507.81
2025-03-11,SOY,British Columbia,510.47
2025-03-12,SOY,British Columbia,503.64
2025-03-13,SOY,British Columbia,502.48
2025-03-14,SOY,British Columbia,510.64
2025-03-17,SOY,British Columbia,510.6
2025-03-18,SOY,British Columbia,517.24
2025-03-19,SOY,British Columbia,510.57
2025-03-20,SOY,British Columbia,508.59
2025-03-21,SOY,British Columbia,520.22
2025-03-24,SOY,British Columbia,516.17
2025-03-25,SOY,British Columbia,514.32
2025-03-26,SOY,British Columbia,506.63
2025-03-27,SOY,British Columbia,512.16
2025-03-28,SOY,British Columbia,513.94
2025-03-31,SOY,British Columbia,516.54
2025-04-01,SOY,British Columbia,502.49
2025-04-02,SOY,British Columbia,512.31
2025-04-03,SOY,British Columbia,514.98
2025-04-04,SOY,British Columbia,519.3
2025-04-07,SOY,British Columbia,520.59
2025-04-08,SOY,British Columbia,520.97
2025-04-09,SOY,British Columbia,533.23
2025-04-10,SOY,British Columbia,528.73
2025-04-11,SOY,British Columbia,517.08
2025-04-14,SOY,British Columbia,514.54
2025-04-15,SOY,British Columbia,514.27
2025-04-16,SOY,British Columbia,513.55
2025-04-17,SOY,British Columbia,518.46
2025-04-18,SOY,British Columbia,511.43
2025-04-21,SOY,British Columbia,505.28
2025-04-22,SOY,British Columbia,512.66
2025-04-23,SOY,British Columbia,495.21
2025-04-24,SOY,British Columbia,499.51
2025-04-25,SOY,British Columbia,504.0
2025-04-28,SOY,British Columbia,505.91
2025-04-29,SOY,British Columbia,515.06
2025-04-30,SOY,British Columbia,509.3
2025-05-01,SOY,British Columbia,509.72
2025-05-02,SOY,British Columbia,507.75
2025-05-05,SOY,British Columbia,503.96
2025-05-06,SOY,British Columbia,508.47
2025-05-07,SOY,British Columbia,496.93
2025-05-08,SOY,British Columbia,497.04
2025-05-09,SOY,British Columbia,492.13
2025-05-12,SOY,British Columbia,490.51
2025-05-13,SOY,British Columbia,483.85
2025-05-14,SOY,British Columbia,489.65
2025-05-15,SOY,British Columbia,483.78
2025-05-16,SOY,British Columbia,497.8
2025-05-19,SOY,British Columbia,496.44
2025-05-20,SOY,British Columbia,490.34
2025-05-21,SOY,British Columbia,488.29
2025-05-22,SOY,British Columbia,480.78
2025-05-23,SOY,British Columbia,477.79
2025-05-26,SOY,British Columbia,484.44
2025-05-27,SOY,British Columbia,496.21
2025-05-28,SOY,British Columbia,494.05
2025-05-29,SOY,British Columbia,493.88
2025-05-30,SOY,British Columbia,489.73
2025-06-02,SOY,British Columbia,484.18
2025-06-03,SOY,British Columbia,489.33
2025-06-04,SOY,British Columbia,494.13
2025-06-05,SOY,British Columbia,496.03
2025-06-06,SOY,British Columbia,488.76
2025-06-09,SOY,British Columbia,494.1
2025-06-10,SOY,British Columbia,496.44
2025-06-11,SOY,British Columbia,496.92
2025-06-12,SOY,British Columbia,497.33
2025-06-13,SOY,British Columbia,516.13
2025-06-16,SOY,British Columbia,503.17
2025-06-17,SOY,British Columbia,506.36
2025-06-18,SOY,British Columbia,493.69
2025-06-19,SOY,British Columbia,506.31
2025-06-20,SOY,British Columbia,517.09
2025-06-23,SOY,British Columbia,510.79
2025-06-24,SOY,British Columbia,493.9
2025-06-25,SOY,British Columbia,515.29
2025-06-26,SOY,British Columbia,521.65
2025-06-27,SOY,British Columbia,509.38
2025-06-30,SOY,British Columbia,525.2
2025-01-02,BARLEY,Manitoba,219.83
2025-01-03,BARLEY,Manitoba,212.74
2025-01-06,BARLEY,Manitoba,215.54
2025-01-07,BARLEY,Manitoba,213.58
2025-01-08,BARLEY,Manitoba,217.72
2025-01-09,BARLEY,Manitoba,222.05
2025-01-10,BARLEY,Manitoba,216.02
2025-01-13,BARLEY,Manitoba,219.94
2025-01-14,BARLEY,Manitoba,216.21
2025-01-15,BARLEY,Manitoba,218.43
2025-01-16,BARLEY,Manitoba,230.4
2025-01-17,BARLEY,Manitoba,224.8
2025-01-20,BARLEY,Manitoba,220.4
2025-01-21,BARLEY,Manitoba,225.34
2025-01-22,BARLEY,Manitoba,225.31
2025-01-23,BARLEY,Manitoba,228.28
2025-01-24,BARLEY,Manitoba,238.02
2025-01-27,BARLEY,Manitoba,232.36
2025-01-28,BARLEY,Manitoba,243.18
2025-01-29,BARLEY,Manitoba,234.01
2025-01-30,BARLEY,Manitoba,233.68
2025-01-31,BARLEY,Manitoba,233.24
2025-02-03,BARLEY,Manitoba,217.61
2025-02-04,BARLEY,Manitoba,228.09
2025-02-05,BARLEY,Manitoba,226.96
2025-02-06,BARLEY,Manitoba,236.65
2025-02-07,BARLEY,Manitoba,235.65
2025-02-10,BARLEY,Manitoba,225.42
2025-02-11,BARLEY,Manitoba,233.46
2025-02-12,BARLEY,Manitoba,230.21
2025-02-13,BARLEY,Manitoba,229.93
2025-02-14,BARLEY,Manitoba,234.4
2025-02-17,BARLEY,Manitoba,231.89
2025-02-18,BARLEY,Manitoba,241.16
2025-02-19,BARLEY,Manitoba,234.33
2025-02-20,BARLEY,Manitoba,234.6
2025-02-21,BARLEY,Manitoba,242.08
2025-02-24,BARLEY,Manitoba,243.28
2025-02-25,BARLEY,Manitoba,240.42
2025-02-26,BARLEY,Manitoba,243.83
2025-02-27,BARLEY,Manitoba,239.6
2025-02-28,BARLEY,Manitoba,234.96
2025-03-03,BARLEY,Manitoba,240.69
2025-03-04,BARLEY,Manitoba,237.69
2025-03-05,BARLEY,Manitoba,237.53
2025-03-06,BARLEY,Manitoba,243.51
2025-03-07,BARLEY,Manitoba,241.12
2025-03-10,BARLEY,Manitoba,234.3
2025-03-11,BARLEY,Manitoba,231.36
2025-03-12,BARLEY,Manitoba,236.96
2025-03-13,BARLEY,Manitoba,238.18
2025-03-14,BARLEY,Manitoba,237.2
2025-03-17,BARLEY,Manitoba,235.84
2025-03-18,BARLEY,Manitoba,240.31
2025-03-19,BARLEY,Manitoba,240.51
2025-03-20,BARLEY,Manitoba,237.07
2025-03-21,BARLEY,Manitoba,240.82
2025-03-24,BARLEY,Manitoba,240.8
2025-03-25,BARLEY,Manitoba,239.16
2025-03-26,BARLEY,Manitoba,245.0
2025-03-27,BARLEY,Manitoba,245.73
2025-03-28,BARLEY,Manitoba,241.66
2025-03-31,BARLEY,Manitoba,236.99
2025-04-01,BARLEY,Manitoba,240.68
2025-04-02,BARLEY,Manitoba,234.07
2025-04-03,BARLEY,Manitoba,229.86
2025-04-04,BARLEY,Manitoba,239.48
2025-04-07,BARLEY,Manitoba,242.69
2025-04-08,BARLEY,Manitoba,251.65
2025-04-09,BARLEY,Manitoba,245.97
2025-04-10,BARLEY,Manitoba,240.65
2025-04-11,BARLEY,Manitoba,239.25
2025-04-14,BARLEY,Manitoba,239.32
2025-04-15,BARLEY,Manitoba,232.97
2025-04-16,BARLEY,Manitoba,229.66
2025-04-17,BARLEY,Manitoba,229.06
2025-04-18,BARLEY,Manitoba,234.25
2025-04-21,BARLEY,Manitoba,224.44
2025-04-22,BARLEY,Manitoba,230.61
2025-04-23,BARLEY,Manitoba,228.91
2025-04-24,BARLEY,Manitoba,227.87
2025-04-25,BARLEY,Manitoba,225.52
2025-04-28,BARLEY,Manitoba,226.78
2025-04-29,BARLEY,Manitoba,236.01
2025-04-30,BARLEY,Manitoba,234.67
2025-05-01,BARLEY,Manitoba,231.27
2025-05-02,BARLEY,Manitoba,235.22
2025-05-05,BARLEY,Manitoba,238.39
2025-05-06,BARLEY,Manitoba,236.62
2025-05-07,BARLEY,Manitoba,236.53
2025-05-08,BARLEY,Manitoba,245.79
2025-05-09,BARLEY,Manitoba,242.35
2025-05-12,BARLEY,Manitoba,241.05
2025-05-13,BARLEY,Manitoba,242.14
2025-05-14,BARLEY,Manitoba,241.0
2025-05-15,BARLEY,Manitoba,232.06
2025-05-16,BARLEY,Manitoba,241.44
2025-05-19,BARLEY,Manitoba,245.02
2025-05-20,BARLEY,Manitoba,245.77
2025-05-21,BARLEY,Manitoba,255.73
2025-05-22,BARLEY,Manitoba,254.42
2025-05-23,BARLEY,Manitoba,257.88
2025-05-26,BARLEY,Manitoba,260.99
2025-05-27,BARLEY,Manitoba,253.88
2025-05-28,BARLEY,Manitoba,250.17
2025-05-29,BARLEY,Manitoba,249.82
2025-05-30,BARLEY,Manitoba,243.07
2025-06-02,BARLEY,Manitoba,248.61
2025-06-03,BARLEY,Manitoba,246.6
2025-06-04,BARLEY,Manitoba,255.23
2025-06-05,BARLEY,Manitoba,251.43
2025-06-06,BARLEY,Manitoba,256.81
2025-06-09,BARLEY,Manitoba,261.62
2025-06-10,BARLEY,Manitoba,259.47
2025-06-11,BARLEY,Manitoba,249.4
2025-06-12,BARLEY,Manitoba,253.81
2025-06-13,BARLEY,Manitoba,253.9
2025-06-16,BARLEY,Manitoba,253.49
2025-06-17,BARLEY,Manitoba,261.6
2025-06-18,BARLEY,Manitoba,263.48
2025-06-19,BARLEY,Manitoba,269.48
2025-06-20,BARLEY,Manitoba,267.39
2025-06-23,BARLEY,Manitoba,268.55
2025-06-24,BARLEY,Manitoba,266.55
2025-06-25,BARLEY,Manitoba,266.79
2025-06-26,BARLEY,Manitoba,274.01
2025-06-27,BARLEY,Manitoba,274.16
2025-06-30,BARLEY,Manitoba,276.73
2025-01-02,BARLEY,Saskatchewan,217.08
2025-01-03,BARLEY,Saskatchewan,203.69
2025-01-06,BARLEY,Saskatchewan,210.78
2025-01-07,BARLEY,Saskatchewan,214.39
2025-01-08,BARLEY,Saskatchewan,219.55
2025-01-09,BARLEY,Saskatchewan,221.49
2025-01-10,BARLEY,Saskatchewan,208.46
2025-01-13,BARLEY,Saskatchewan,223.08
2025-01-14,BARLEY,Saskatchewan,212.54
2025-01-15,BARLEY,Saskatchewan,212.96
2025-01-16,BARLEY,Saskatchewan,218.93
2025-01-17,BARLEY,Saskatchewan,219.74
2025-01-20,BARLEY,Saskatchewan,214.68
2025-01-21,BARLEY,Saskatchewan,225.7
2025-01-22,BARLEY,Saskatchewan,230.92
2025-01-23,BARLEY,Saskatchewan,233.06
2025-01-24,BARLEY,Saskatchewan,227.35
2025-01-27,BARLEY,Saskatchewan,229.27
2025-01-28,BARLEY,Saskatchewan,232.0
2025-01-29,BARLEY,Saskatchewan,237.64
2025-01-30,BARLEY,Saskatchewan,218.98
2025-01-31,BARLEY,Saskatchewan,223.35
2025-02-03,BARLEY,Saskatchewan,224.82
2025-02-04,BARLEY,Saskatchewan,219.43
2025-02-05,BARLEY,Saskatchewan,222.63
2025-02-06,BARLEY,Saskatchewan,226.71
2025-02-07,BARLEY,Saskatchewan,225.66
2025-02-10,BARLEY,Saskatchewan,226.71
2025-02-11,BARLEY,Saskatchewan,227.5
2025-02-12,BARLEY,Saskatchewan,226.81
2025-02-13,BARLEY,Saskatchewan,228.24
2025-02-14,BARLEY,Saskatchewan,229.45
2025-02-17,BARLEY,Saskatchewan,229.17
2025-02-18,BARLEY,Saskatchewan,224.55
2025-02-19,BARLEY,Saskatchewan,231.32
2025-02-20,BARLEY,Saskatchewan,228.48
2025-02-21,BARLEY,Saskatchewan,240.03
2025-02-24,BARLEY,Saskatchewan,237.77
2025-02-25,BARLEY,Saskatchewan,238.47
2025-02-26,BARLEY,Saskatchewan,230.61
2025-02-27,BARLEY,Saskatchewan,232.18
2025-02-28,BARLEY,Saskatchewan,225.82
2025-03-03,BARLEY,Saskatchewan,229.41
2025-03-04,BARLEY,Saskatchewan,239.56
2025-03-05,BARLEY,Saskatchewan,239.85
2025-03-06,BARLEY,Saskatchewan,228.53
2025-03-07,BARLEY,Saskatchewan,229.3
2025-03-10,BARLEY,Saskatchewan,230.53
2025-03-11,BARLEY,Saskatchewan,232.01
2025-03-12,BARLEY,Saskatchewan,220.57
2025-03-13,BARLEY,Saskatchewan,225.07
2025-03-14,BARLEY,Saskatchewan,234.4
2025-03-17,BARLEY,Saskatchewan,225.83
2025-03-18,BARLEY,Saskatchewan,233.69
2025-03-19,BARLEY,Saskatchewan,237.75
2025-03-20,BARLEY,Saskatchewan,237.89
2025-03-21,BARLEY,Saskatchewan,236.23
2025-03-24,BARLEY,Saskatchewan,234.78
2025-03-25,BARLEY,Saskatchewan,240.54
2025-03-26,BARLEY,Saskatchewan,239.02
2025-03-27,BARLEY,Saskatchewan,234.48
2025-03-28,BARLEY,Saskatchewan,234.43
2025-03-31,BARLEY,Saskatchewan,236.12
2025-04-01,BARLEY,Saskatchewan,241.03
2025-04-02,BARLEY,Saskatchewan,233.41
2025-04-03,BARLEY,Saskatchewan,236.16
2025-04-04,BARLEY,Saskatchewan,230.85
2025-04-07,BARLEY,Saskatchewan,236.51
2025-04-08,BARLEY,Saskatchewan,236.84
2025-04-09,BARLEY,Saskatchewan,236.07
2025-04-10,BARLEY,Saskatchewan,230.28
2025-04-11,BARLEY,Saskatchewan,239.81
2025-04-14,BARLEY,Saskatchewan,238.7
2025-04-15,BARLEY,Saskatchewan,232.26
2025-04-16,BARLEY,Saskatchewan,235.69
2025-04-17,BARLEY,Saskatchewan,229.94
2025-04-18,BARLEY,Saskatchewan,233.82
2025-04-21,BARLEY,Saskatchewan,223.98
2025-04-22,BARLEY,Saskatchewan,228.71
2025-04-23,BARLEY,Saskatchewan,226.17
2025-04-24,BARLEY,Saskatchewan,227.72
2025-04-25,BARLEY,Saskatchewan,222.16
2025-04-28,BARLEY,Saskatchewan,214.65
2025-04-29,BARLEY,Saskatchewan,221.28
2025-04-30,BARLEY,Saskatchewan,228.28
2025-05-01,BARLEY,Saskatchewan,230.27
2025-05-02,BARLEY,Saskatchewan,238.72
2025-05-05,BARLEY,Saskatchewan,237.33
2025-05-06,BARLEY,Saskatchewan,236.52
2025-05-07,BARLEY,Saskatchewan,235.98
2025-05-08,BARLEY,Saskatchewan,242.67
2025-05-09,BARLEY,Saskatchewan,238.17
2025-05-12,BARLEY,Saskatchewan,241.37
2025-05-13,BARLEY,Saskatchewan,234.45
2025-05-14,BARLEY,Saskatchewan,242.71
2025-05-15,BARLEY,Saskatchewan,238.02
2025-05-16,BARLEY,Saskatchewan,235.27
2025-05-19,BARLEY,Saskatchewan,237.59
2025-05-20,BARLEY,Saskatchewan,242.51
2025-05-21,BARLEY,Saskatchewan,242.31
2025-05-22,BARLEY,Saskatchewan,243.78
2025-05-23,BARLEY,Saskatchewan,245.96
2025-05-26,BARLEY,Saskatchewan,247.65
2025-05-27,BARLEY,Saskatchewan,245.92
2025-05-28,BARLEY,Saskatchewan,244.2
2025-05-29,BARLEY,Saskatchewan,237.09
2025-05-30,BARLEY,Saskatchewan,242.12
2025-06-02,BARLEY,Saskatchewan,243.96
2025-06-03,BARLEY,Saskatchewan,244.4
2025-06-04,BARLEY,Saskatchewan,250.94
2025-06-05,BARLEY,Saskatchewan,253.53
2025-06-06,BARLEY,Saskatchewan,258.87
2025-06-09,BARLEY,Saskatchewan,258.68
2025-06-10,BARLEY,Saskatchewan,255.56
2025-06-11,BARLEY,Saskatchewan,251.34
2025-06-12,BARLEY,Saskatchewan,251.95
2025-06-13,BARLEY,Saskatchewan,252.62
2025-06-16,BARLEY,Saskatchewan,253.6
2025-06-17,BARLEY,Saskatchewan,253.29
2025-06-18,BARLEY,Saskatchewan,259.48
2025-06-19,BARLEY,Saskatchewan,257.86
2025-06-20,BARLEY,Saskatchewan,254.24
2025-06-23,BARLEY,Saskatchewan,264.04
2025-06-24,BARLEY,Saskatchewan,258.72
2025-06-25,BARLEY,Saskatchewan,259.1
2025-06-26,BARLEY,Saskatchewan,261.73
2025-06-27,BARLEY,Saskatchewan,268.67
2025-06-30,BARLEY,Saskatchewan,277.23
2025-01-02,BARLEY,Alberta,206.39
2025-01-03,BARLEY,Alberta,208.21
2025-01-06,BARLEY,Alberta,212.23
2025-01-07,BARLEY,Alberta,204.37
2025-01-08,BARLEY,Alberta,218.81
2025-01-09,BARLEY,Alberta,220.98
2025-01-10,BARLEY,Alberta,199.43
2025-01-13,BARLEY,Alberta,213.05
2025-01-14,BARLEY,Alberta,210.35
2025-01-15,BARLEY,Alberta,212.46
2025-01-16,BARLEY,Alberta,214.2
2025-01-17,BARLEY,Alberta,220.26
2025-01-20,BARLEY,Alberta,216.46
2025-01-21,BARLEY,Alberta,215.46
2025-01-22,BARLEY,Alberta,223.51
2025-01-23,BARLEY,Alberta,226.9
2025-01-24,BARLEY,Alberta,220.35
2025-01-27,BARLEY,Alberta,218.85
2025-01-28,BARLEY,Alberta,236.09
2025-01-29,BARLEY,Alberta,224.32
2025-01-30,BARLEY,Alberta,225.77
2025-01-31,BARLEY,Alberta,221.59
2025-02-03,BARLEY,Alberta,222.99
2025-02-04,BARLEY,Alberta,226.86
2025-02-05,BARLEY,Alberta,221.98
2025-02-06,BARLEY,Alberta,217.14
2025-02-07,BARLEY,Alberta,218.75
2025-02-10,BARLEY,Alberta,220.85
2025-02-11,BARLEY,Alberta,219.92
2025-02-12,BARLEY,Alberta,216.87
2025-02-13,BARLEY,Alberta,229.33
2025-02-14,BARLEY,Alberta,221.76
2025-02-17,BARLEY,Alberta,231.17
2025-02-18,BARLEY,Alberta,234.79
2025-02-19,BARLEY,Alberta,224.48
2025-02-20,BARLEY,Alberta,228.04
2025-02-21,BARLEY,Alberta,226.05
2025-02-24,BARLEY,Alberta,233.9
2025-02-25,BARLEY,Alberta,227.8
2025-02-26,BARLEY,Alberta,226.3
2025-02-27,BARLEY,Alberta,228.51
2025-02-28,BARLEY,Alberta,224.93
2025-03-03,BARLEY,Alberta,226.93
2025-03-04,BARLEY,Alberta,234.35
2025-03-05,BARLEY,Alberta,226.76
2025-03-06,BARLEY,Alberta,236.06
2025-03-07,BARLEY,Alberta,221.83
2025-03-10,BARLEY,Alberta,233.29
2025-03-11,BARLEY,Alberta,221.6
2025-03-12,BARLEY,Alberta,223.61
2025-03-13,BARLEY,Alberta,225.52
2025-03-14,BARLEY,Alberta,227.07
2025-03-17,BARLEY,Alberta,232.84
2025-03-18,BARLEY,Alberta,237.48
2025-03-19,BARLEY,Alberta,237.86
2025-03-20,BARLEY,Alberta,230.61
2025-03-21,BARLEY,Alberta,233.54
2025-03-24,BARLEY,Alberta,229.11
2025-03-25,BARLEY,Alberta,229.19
2025-03-26,BARLEY,Alberta,229.29
2025-03-27,BARLEY,Alberta,231.32
2025-03-28,BARLEY,Alberta,231.28
2025-03-31,BARLEY,Alberta,222.94
2025-04-01,BARLEY,Alberta,229.97
2025-04-02,BARLEY,Alberta,232.32
2025-04-03,BARLEY,Alberta,231.79
2025-04-04,BARLEY,Alberta,226.95
2025-04-07,BARLEY,Alberta,229.02
2025-04-08,BARLEY,Alberta,235.62
2025-04-09,BARLEY,Alberta,223.37
2025-04-10,BARLEY,Alberta,234.75
2025-04-11,BARLEY,Alberta,229.9
2025-04-14,BARLEY,Alberta,238.5
2025-04-15,BARLEY,Alberta,222.57
2025-04-16,BARLEY,Alberta,232.79
2025-04-17,BARLEY,Alberta,224.65
2025-04-18,BARLEY,Alberta,225.62
2025-04-21,BARLEY,Alberta,219.88
2025-04-22,BARLEY,Alberta,227.67
2025-04-23,BARLEY,Alberta,225.1
2025-04-24,BARLEY,Alberta,228.37
2025-04-25,BARLEY,Alberta,224.7
2025-04-28,BARLEY,Alberta,218.27
2025-04-29,BARLEY,Alberta,217.59
2025-04-30,BARLEY,Alberta,219.05
2025-05-01,BARLEY,Alberta,231.9
2025-05-02,BARLEY,Alberta,224.88
2025-05-05,BARLEY,Alberta,236.92
2025-05-06,BARLEY,Alberta,234.29
2025-05-07,BARLEY,Alberta,233.43
2025-05-08,BARLEY,Alberta,233.02
2025-05-09,BARLEY,Alberta,239.17
2025-05-12,BARLEY,Alberta,237.87
2025-05-13,BARLEY,Alberta,233.33
2025-05-14,BARLEY,Alberta,235.81
2025-05-15,BARLEY,Alberta,231.87
2025-05-16,BARLEY,Alberta,230.91
2025-05-19,BARLEY,Alberta,236.45
2025-05-20,BARLEY,Alberta,236.21
2025-05-21,BARLEY,Alberta,241.27
2025-05-22,BARLEY,Alberta,240.1
2025-05-23,BARLEY,Alberta,239.74
2025-05-26,BARLEY,Alberta,249.23
2025-05-27,BARLEY,Alberta,249.54
2025-05-28,BARLEY,Alberta,245.56
2025-05-29,BARLEY,Alberta,236.88
2025-05-30,BARLEY,Alberta,236.61
2025-06-02,BARLEY,Alberta,246.21
2025-06-03,BARLEY,Alberta,240.27
2025-06-04,BARLEY,Alberta,243.61
2025-06-05,BARLEY,Alberta,254.03
2025-06-06,BARLEY,Alberta,251.87
2025-06-09,BARLEY,Alberta,259.54
2025-06-10,BARLEY,Alberta,246.93
2025-06-11,BARLEY,Alberta,251.68
2025-06-12,BARLEY,Alberta,260.41
2025-06-13,BARLEY,Alberta,251.11
2025-06-16,BARLEY,Alberta,248.46
2025-06-17,BARLEY,Alberta,247.77
2025-06-18,BARLEY,Alberta,259.43
2025-06-19,BARLEY,Alberta,254.64
2025-06-20,BARLEY,Alberta,256.5
2025-06-23,BARLEY,Alberta,251.82
2025-06-24,BARLEY,Alberta,262.85
2025-06-25,BARLEY,Alberta,263.07
2025-06-26,BARLEY,Alberta,261.98
2025-06-27,BARLEY,Alberta,258.36
2025-06-30,BARLEY,Alberta,273.87
2025-01-02,BARLEY,Ontario,219.04
2025-01-03,BARLEY,Ontario,217.15
2025-01-06,BARLEY,Ontario,213.39
2025-01-07,BARLEY,Ontario,221.53
2025-01-08,BARLEY,Ontario,217.62
2025-01-09,BARLEY,Ontario,221.21
2025-01-10,BARLEY,Ontario,225.74
2025-01-13,BARLEY,Ontario,224.44
2025-01-14,BARLEY,Ontario,227.15
2025-01-15,BARLEY,Ontario,223.13
2025-01-16,BARLEY,Ontario,228.63
2025-01-17,BARLEY,Ontario,237.19
2025-01-20,BARLEY,Ontario,228.02
2025-01-21,BARLEY,Ontario,233.14
2025-01-22,BARLEY,Ontario,230.44
2025-01-23,BARLEY,Ontario,243.42
2025-01-24,BARLEY,Ontario,235.67
2025-01-27,BARLEY,Ontario,242.13
2025-01-28,BARLEY,Ontario,240.13
2025-01-29,BARLEY,Ontario,241.84
2025-01-30,BARLEY,Ontario,241.5
2025-01-31,BARLEY,Ontario,233.87
2025-02-03,BARLEY,Ontario,237.67
2025-02-04,BARLEY,Ontario,229.23
2025-02-05,BARLEY,Ontario,235.27
2025-02-06,BARLEY,Ontario,234.15
2025-02-07,BARLEY,Ontario,238.19
2025-02-10,BARLEY,Ontario,233.1
2025-02-11,BARLEY,Ontario,233.69
2025-02-12,BARLEY,Ontario,231.96
2025-02-13,BARLEY,Ontario,239.54
2025-02-14,BARLEY,Ontario,238.79
2025-02-17,BARLEY,Ontario,235.54
2025-02-18,BARLEY,Ontario,239.79
2025-02-19,BARLEY,Ontario,238.51
2025-02-20,BARLEY,Ontario,236.31
2025-02-21,BARLEY,Ontario,242.96
2025-02-24,BARLEY,Ontario,239.89
2025-02-25,BARLEY,Ontario,251.67
2025-02-26,BARLEY,Ontario,247.39
2025-02-27,BARLEY,Ontario,243.26
2025-02-28,BARLEY,Ontario,243.98
2025-03-03,BARLEY,Ontario,232.81
2025-03-04,BARLEY,Ontario,232.82
2025-03-05,BARLEY,Ontario,240.8
2025-03-06,BARLEY,Ontario,236.11
2025-03-07,BARLEY,Ontario,238.68
2025-03-10,BARLEY,Ontario,240.15
2025-03-11,BARLEY,Ontario,241.85
2025-03-12,BARLEY,Ontario,231.56
2025-03-13,BARLEY,Ontario,241.58
2025-03-14,BARLEY,Ontario,241.0
2025-03-17,BARLEY,Ontario,243.52
2025-03-18,BARLEY,Ontario,241.9
2025-03-19,BARLEY,Ontario,251.13
2025-03-20,BARLEY,Ontario,244.32
2025-03-21,BARLEY,Ontario,252.4
2025-03-24,BARLEY,Ontario,241.58
2025-03-25,BARLEY,Ontario,248.63
2025-03-26,BARLEY,Ontario,246.14
2025-03-27,BARLEY,Ontario,244.26
2025-03-28,BARLEY,Ontario,245.31
2025-03-31,BARLEY,Ontario,241.89
2025-04-01,BARLEY,Ontario,232.01
2025-04-02,BARLEY,Ontario,226.51
2025-04-03,BARLEY,Ontario,244.89
2025-04-04,BARLEY,Ontario,246.71
2025-04-07,BARLEY,Ontario,254.66
2025-04-08,BARLEY,Ontario,246.21
2025-04-09,BARLEY,Ontario,239.97
2025-04-10,BARLEY,Ontario,241.13
2025-04-11,BARLEY,Ontario,243.3
2025-04-14,BARLEY,Ontario,239.64
2025-04-15,BARLEY,Ontario,248.57
2025-04-16,BARLEY,Ontario,250.58
2025-04-17,BARLEY,Ontario,239.46
2025-04-18,BARLEY,Ontario,239.4
2025-04-21,BARLEY,Ontario,232.68
2025-04-22,BARLEY,Ontario,243.98
2025-04-23,BARLEY,Ontario,235.21
2025-04-24,BARLEY,Ontario,232.57
2025-04-25,BARLEY,Ontario,235.09
2025-04-28,BARLEY,Ontario,230.81
2025-04-29,BARLEY,Ontario,234.7
2025-04-30,BARLEY,Ontario,231.25
2025-05-01,BARLEY,Ontario,242.86
2025-05-02,BARLEY,Ontario,240.07
2025-05-05,BARLEY,Ontario,248.14
2025-05-06,BARLEY,Ontario,243.89
2025-05-07,BARLEY,Ontario,244.07
2025-05-08,BARLEY,Ontario,241.9
2025-05-09,BARLEY,Ontario,252.07
2025-05-12,BARLEY,Ontario,246.93
2025-05-13,BARLEY,Ontario,245.36
2025-05-14,BARLEY,Ontario,245.53
2025-05-15,BARLEY,Ontario,245.43
2025-05-16,BARLEY,Ontario,239.78
2025-05-19,BARLEY,Ontario,245.63
2025-05-20,BARLEY,Ontario,252.15
2025-05-21,BARLEY,Ontario,250.3
2025-05-22,BARLEY,Ontario,253.52
2025-05-23,BARLEY,Ontario,257.73
2025-05-26,BARLEY,Ontario,254.29
2025-05-27,BARLEY,Ontario,251.73
2025-05-28,BARLEY,Ontario,254.37
2025-05-29,BARLEY,Ontario,254.91
2025-05-30,BARLEY,Ontario,246.11
2025-06-02,BARLEY,Ontario,251.68
2025-06-03,BARLEY,Ontario,248.66
2025-06-04,BARLEY,Ontario,262.41
2025-06-05,BARLEY,Ontario,258.67
2025-06-06,BARLEY,Ontario,261.16
2025-06-09,BARLEY,Ontario,265.34
2025-06-10,BARLEY,Ontario,260.21
2025-06-11,BARLEY,Ontario,257.98
2025-06-12,BARLEY,Ontario,258.79
2025-06-13,BARLEY,Ontario,259.22
2025-06-16,BARLEY,Ontario,267.45
2025-06-17,BARLEY,Ontario,262.01
2025-06-18,BARLEY,Ontario,269.46
2025-06-19,BARLEY,Ontario,266.87
2025-06-20,BARLEY,Ontario,272.42
2025-06-23,BARLEY,Ontario,265.16
2025-06-24,BARLEY,Ontario,269.28
2025-06-25,BARLEY,Ontario,271.16
2025-06-26,BARLEY,Ontario,283.92
2025-06-27,BARLEY,Ontario,278.0
2025-06-30,BARLEY,Ontario,277.86
2025-01-02,BARLEY,British Columbia,230.24
2025-01-03,BARLEY,British Columbia,237.12
2025-01-06,BARLEY,British Columbia,220.92
2025-01-07,BARLEY,British Columbia,227.74
2025-01-08,BARLEY,British Columbia,229.49
2025-01-09,BARLEY,British Columbia,229.03
2025-01-10,BARLEY,British Columbia,228.43
2025-01-13,BARLEY,British Columbia,227.72
2025-01-14,BARLEY,British Columbia,238.35
2025-01-15,BARLEY,British Columbia,227.33
2025-01-16,BARLEY,British Columbia,234.57
2025-01-17,BARLEY,British Columbia,240.69
2025-01-20,BARLEY,British Columbia,236.29
2025-01-21,BARLEY,British Columbia,234.68
2025-01-22,BARLEY,British Columbia,238.31
2025-01-23,BARLEY,British Columbia,243.42
2025-01-24,BARLEY,British Columbia,241.55
2025-01-27,BARLEY,British Columbia,245.75
2025-01-28,BARLEY,British Columbia,242.01
2025-01-29,BARLEY,British Columbia,249.64
2025-01-30,BARLEY,British Columbia,246.28
2025-01-31,BARLEY,British Columbia,243.44
2025-02-03,BARLEY,British Columbia,246.06
2025-02-04,BARLEY,British Columbia,237.52
2025-02-05,BARLEY,British Columbia,236.26
2025-02-06,BARLEY,British Columbia,240.52
2025-02-07,BARLEY,British Columbia,243.02
2025-02-10,BARLEY,British Columbia,241.59
2025-02-11,BARLEY,British Columbia,237.17
2025-02-12,BARLEY,British Columbia,235.17
2025-02-13,BARLEY,British Columbia,243.31
2025-02-14,BARLEY,British Columbia,247.05
2025-02-17,BARLEY,British Columbia,245.25
2025-02-18,BARLEY,British Columbia,251.81
2025-02-19,BARLEY,British Columbia,252.79
2025-02-20,BARLEY,British Columbia,248.82
2025-02-21,BARLEY,British Columbia,256.01
2025-02-24,BARLEY,British Columbia,253.98
2025-02-25,BARLEY,British Columbia,256.13
2025-02-26,BARLEY,British Columbia,257.55
2025-02-27,BARLEY,British Columbia,252.97
2025-02-28,BARLEY,British Columbia,249.12
2025-03-03,BARLEY,British Columbia,246.91
2025-03-04,BARLEY,British Columbia,249.88
2025-03-05,BARLEY,British Columbia,248.05
2025-03-06,BARLEY,British Columbia,251.11
2025-03-07,BARLEY,British Columbia,243.75
2025-03-10,BARLEY,British Columbia,245.57
2025-03-11,BARLEY,British Columbia,235.75
2025-03-12,BARLEY,British Columbia,250.0
2025-03-13,BARLEY,British Columbia,246.1
2025-03-14,BARLEY,British Columbia,249.76
2025-03-17,BARLEY,British Columbia,254.96
2025-03-18,BARLEY,British Columbia,252.18
2025-03-19,BARLEY,British Columbia,258.38
2025-03-20,BARLEY,British Columbia,246.76
2025-03-21,BARLEY,British Columbia,261.89
2025-03-24,BARLEY,British Columbia,256.09
2025-03-25,BARLEY,British Columbia,253.5
2025-03-26,BARLEY,British Columbia,259.08
2025-03-27,BARLEY,British Columbia,247.9
2025-03-28,BARLEY,British Columbia,248.63
2025-03-31,BARLEY,British Columbia,255.87
2025-04-01,BARLEY,British Columbia,242.19
2025-04-02,BARLEY,British Columbia,248.0
2025-04-03,BARLEY,British Columbia,248.93
2025-04-04,BARLEY,British Columbia,256.67
2025-04-07,BARLEY,British Columbia,247.78
2025-04-08,BARLEY,British Columbia,259.72
2025-04-09,BARLEY,British Columbia,249.9
2025-04-10,BARLEY,British Columbia,248.02
2025-04-11,BARLEY,British Columbia,245.36
2025-04-14,BARLEY,British Columbia,246.32
2025-04-15,BARLEY,British Columbia,250.59
2025-04-16,BARLEY,British Columbia,244.17
2025-04-17,BARLEY,British Columbia,247.51
2025-04-18,BARLEY,British Columbia,243.79
2025-04-21,BARLEY,British Columbia,240.01
2025-04-22,BARLEY,British Columbia,242.68
2025-04-23,BARLEY,British Columbia,243.25
2025-04-24,BARLEY,British Columbia,239.62
2025-04-25,BARLEY,British Columbia,240.31
2025-04-28,BARLEY,British Columbia,242.93
2025-04-29,BARLEY,British Columbia,245.44
2025-04-30,BARLEY,British Columbia,242.78
2025-05-01,BARLEY,British Columbia,241.33
2025-05-02,BARLEY,British Columbia,247.79
2025-05-05,BARLEY,British Columbia,252.38
2025-05-06,BARLEY,British Columbia,245.85
2025-05-07,BARLEY,British Columbia,248.05
2025-05-08,BARLEY,British Columbia,250.87
2025-05-09,BARLEY,British Columbia,255.2
2025-05-12,BARLEY,British Columbia,254.39
2025-05-13,BARLEY,British Columbia,257.14
2025-05-14,BARLEY,British Columbia,246.11
2025-05-15,BARLEY,British Columbia,245.63
2025-05-16,BARLEY,British Columbia,252.26
2025-05-19,BARLEY,British Columbia,252.85
2025-05-20,BARLEY,British Columbia,250.15
2025-05-21,BARLEY,British Columbia,256.38
2025-05-22,BARLEY,British Columbia,259.82
2025-05-23,BARLEY,British Columbia,262.51
2025-05-26,BARLEY,British Columbia,262.4
2025-05-27,BARLEY,British Columbia,260.2
2025-05-28,BARLEY,British Columbia,267.43
2025-05-29,BARLEY,British Columbia,259.88
2025-05-30,BARLEY,British Columbia,254.08
2025-06-02,BARLEY,British Columbia,260.56
2025-06-03,BARLEY,British Columbia,261.69
2025-06-04,BARLEY,British Columbia,270.5
2025-06-05,BARLEY,British Columbia,263.64
2025-06-06,BARLEY,British Columbia,274.63
2025-06-09,BARLEY,British Columbia,272.14
2025-06-10,BARLEY,British Columbia,277.99
2025-06-11,BARLEY,British Columbia,274.27
2025-06-12,BARLEY,British Columbia,272.42
2025-06-13,BARLEY,British Columbia,269.44
2025-06-16,BARLEY,British Columbia,271.05
2025-06-17,BARLEY,British Columbia,271.22
2025-06-18,BARLEY,British Columbia,281.32
2025-06-19,BARLEY,British Columbia,277.53
2025-06-20,BARLEY,British Columbia,274.76
2025-06-23,BARLEY,British Columbia,274.42
2025-06-24,BARLEY,British Columbia,271.27
2025-06-25,BARLEY,British Columbia,280.18
2025-06-26,BARLEY,British Columbia,278.33
2025-06-27,BARLEY,British Columbia,286.87
2025-06-30,BARLEY,British Columbia,282.06
