date,commodity_id,commodity_name,metric,value,threshold,severity,explanation
2025-01-02,BARLEY,Feed Barley,Hedge ratio above target,6.38,<= 1.25,Medium,Futures quantity is high relative to physical exposure.
2025-01-03,BARLEY,Feed Barley,Hedge ratio above target,6.38,<= 1.25,Medium,Futures quantity is high relative to physical exposure.
2025-01-30,BARLEY,Feed Barley,Hedge ratio below target,0.01,>= 0.75,Medium,Open physical exposure is under-hedged.
2025-01-30,BARLEY,Feed Barley,Large net open exposure,1635664.53,"abs <= 1,500,000",High,Residual price exposure needs review.
2025-01-31,BARLEY,Feed Barley,Hedge ratio below target,0.01,>= 0.75,Medium,Open physical exposure is under-hedged.
2025-01-31,BARLEY,Feed Barley,Large net open exposure,1644944.72,"abs <= 1,500,000",High,Residual price exposure needs review.
2025-02-03,BARLEY,Feed Barley,Hedge ratio below target,0.01,>= 0.75,Medium,Open physical exposure is under-hedged.
2025-02-03,BARLEY,Feed Barley,Large net open exposure,1636037.41,"abs <= 1,500,000",High,Residual price exposure needs review.
2025-02-04,BARLEY,Feed Barley,Hedge ratio below target,0.01,>= 0.75,Medium,Open physical exposure is under-hedged.
2025-02-04,BARLEY,Feed Barley,Large net open exposure,1624745.45,"abs <= 1,500,000",High,Residual price exposure needs review.
2025-02-05,BARLEY,Feed Barley,Hedge ratio above target,2.11,<= 1.25,Medium,Futures quantity is high relative to physical exposure.
2025-02-06,BARLEY,Feed Barley,Hedge ratio above target,2.11,<= 1.25,Medium,Futures quantity is high relative to physical exposure.
2025-02-07,BARLEY,Feed Barley,Hedge ratio above target,2.11,<= 1.25,Medium,Futures quantity is high relative to physical exposure.
2025-02-10,BARLEY,Feed Barley,Hedge ratio above target,2.11,<= 1.25,Medium,Futures quantity is high relative to physical exposure.
2025-02-11,BARLEY,Feed Barley,Hedge ratio above target,5.3,<= 1.25,Medium,Futures quantity is high relative to physical exposure.
2025-02-11,BARLEY,Feed Barley,Large net open exposure,-1972831.7,"abs <= 1,500,000",High,Residual price exposure needs review.
2025-02-12,BARLEY,Feed Barley,Large net open exposure,-3402692.62,"abs <= 1,500,000",High,Residual price exposure needs review.
2025-02-13,BARLEY,Feed Barley,Large net open exposure,-3478473.87,"abs <= 1,500,000",High,Residual price exposure needs review.
2025-02-14,BARLEY,Feed Barley,Large net open exposure,-3474603.45,"abs <= 1,500,000",High,Residual price exposure needs review.
2025-02-17,BARLEY,Feed Barley,Hedge ratio above target,1.35,<= 1.25,Medium,Futures quantity is high relative to physical exposure.
2025-02-17,BARLEY,Feed Barley,Large net open exposure,-4956509.62,"abs <= 1,500,000",High,Residual price exposure needs review.
2025-02-18,BARLEY,Feed Barley,Hedge ratio above target,1.35,<= 1.25,Medium,Futures quantity is high relative to physical exposure.
2025-02-18,BARLEY,Feed Barley,Large net open exposure,-5045908.6,"abs <= 1,500,000",High,Residual price exposure needs review.
2025-02-19,BARLEY,Feed Barley,Hedge ratio above target,1.35,<= 1.25,Medium,Futures quantity is high relative to physical exposure.
2025-02-19,BARLEY,Feed Barley,Large net open exposure,-5015529.32,"abs <= 1,500,000",High,Residual price exposure needs review.
2025-02-20,BARLEY,Feed Barley,Hedge ratio above target,1.35,<= 1.25,Medium,Futures quantity is high relative to physical exposure.
2025-02-20,BARLEY,Feed Barley,Large net open exposure,-4986158.55,"abs <= 1,500,000",High,Residual price exposure needs review.
2025-02-21,BARLEY,Feed Barley,Large net open exposure,-5822644.82,"abs <= 1,500,000",High,Residual price exposure needs review.
2025-02-24,BARLEY,Feed Barley,Large net open exposure,-6036414.36,"abs <= 1,500,000",High,Residual price exposure needs review.
2025-02-25,BARLEY,Feed Barley,Large net open exposure,-6038983.38,"abs <= 1,500,000",High,Residual price exposure needs review.
2025-02-26,BARLEY,Feed Barley,Hedge ratio below target,0.64,>= 0.75,Medium,Open physical exposure is under-hedged.
2025-02-26,BARLEY,Feed Barley,Large net open exposure,-7131942.59,"abs <= 1,500,000",High,Residual price exposure needs review.
2025-02-27,BARLEY,Feed Barley,Large net open exposure,-6515849.12,"abs <= 1,500,000",High,Residual price exposure needs review.
2025-02-28,BARLEY,Feed Barley,Large net open exposure,-6421108.65,"abs <= 1,500,000",High,Residual price exposure needs review.
2025-03-03,BARLEY,Feed Barley,Hedge ratio below target,0.72,>= 0.75,Medium,Open physical exposure is under-hedged.
2025-03-03,BARLEY,Feed Barley,Large net open exposure,-6610844.02,"abs <= 1,500,000",High,Residual price exposure needs review.
2025-03-04,BARLEY,Feed Barley,Hedge ratio below target,0.61,>= 0.75,Medium,Open physical exposure is under-hedged.
2025-03-04,BARLEY,Feed Barley,Large net open exposure,-6168978.84,"abs <= 1,500,000",High,Residual price exposure needs review.
2025-03-05,BARLEY,Feed Barley,Hedge ratio below target,0.71,>= 0.75,Medium,Open physical exposure is under-hedged.
2025-03-05,BARLEY,Feed Barley,Large net open exposure,-7317329.79,"abs <= 1,500,000",High,Residual price exposure needs review.
2025-03-06,BARLEY,Feed Barley,Large net open exposure,-6185243.01,"abs <= 1,500,000",High,Residual price exposure needs review.
2025-03-07,BARLEY,Feed Barley,Large net open exposure,-6084452.83,"abs <= 1,500,000",High,Residual price exposure needs review.
2025-03-10,BARLEY,Feed Barley,Large net open exposure,-6106731.46,"abs <= 1,500,000",High,Residual price exposure needs review.
2025-03-11,BARLEY,Feed Barley,Hedge ratio above target,1.26,<= 1.25,Medium,Futures quantity is high relative to physical exposure.
2025-03-11,BARLEY,Feed Barley,Large net open exposure,-6878493.87,"abs <= 1,500,000",High,Residual price exposure needs review.
2025-03-12,BARLEY,Feed Barley,Hedge ratio above target,1.26,<= 1.25,Medium,Futures quantity is high relative to physical exposure.
2025-03-12,BARLEY,Feed Barley,Large net open exposure,-6876306.15,"abs <= 1,500,000",High,Residual price exposure needs review.
2025-03-13,BARLEY,Feed Barley,Hedge ratio above target,1.26,<= 1.25,Medium,Futures quantity is high relative to physical exposure.
2025-03-13,BARLEY,Feed Barley,Large net open exposure,-6970357.77,"abs <= 1,500,000",High,Residual price exposure needs review.
2025-03-14,BARLEY,Feed Barley,Hedge ratio above target,1.65,<= 1.25,Medium,Futures quantity is high relative to physical exposure.
2025-03-14,BARLEY,Feed Barley,Large net open exposure,-6394934.06,"abs <= 1,500,000",High,Residual price exposure needs review.
2025-03-17,BARLEY,Feed Barley,Hedge ratio above target,2.49,<= 1.25,Medium,Futures quantity is high relative to physical exposure.
2025-03-17,BARLEY,Feed Barley,Large net open exposure,-5699418.74,"abs <= 1,500,000",High,Residual price exposure needs review.
2025-03-18,BARLEY,Feed Barley,Hedge ratio above target,2.02,<= 1.25,Medium,Futures quantity is high relative to physical exposure.
2025-03-18,BARLEY,Feed Barley,Large net open exposure,-6067266.68,"abs <= 1,500,000",High,Residual price exposure needs review.
2025-03-19,BARLEY,Feed Barley,Hedge ratio above target,2.02,<= 1.25,Medium,Futures quantity is high relative to physical exposure.
2025-03-19,BARLEY,Feed Barley,Large net open exposure,-6167639.3,"abs <= 1,500,000",High,Residual price exposure needs review.
2025-03-20,BARLEY,Feed Barley,Hedge ratio above target,1.72,<= 1.25,Medium,Futures quantity is high relative to physical exposure.
2025-03-20,BARLEY,Feed Barley,Large net open exposure,-6328040.94,"abs <= 1,500,000",High,Residual price exposure needs review.
2025-03-21,BARLEY,Feed Barley,Hedge ratio above target,1.72,<= 1.25,Medium,Futures quantity is high relative to physical exposure.
2025-03-21,BARLEY,Feed Barley,Large net open exposure,-6462725.4,"abs <= 1,500,000",High,Residual price exposure needs review.
2025-03-24,BARLEY,Feed Barley,Hedge ratio above target,1.72,<= 1.25,Medium,Futures quantity is high relative to physical exposure.
2025-03-24,BARLEY,Feed Barley,Large net open exposure,-6356109.45,"abs <= 1,500,000",High,Residual price exposure needs review.
2025-03-25,BARLEY,Feed Barley,Hedge ratio above target,2.04,<= 1.25,Medium,Futures quantity is high relative to physical exposure.
2025-03-25,BARLEY,Feed Barley,Large net open exposure,-7278515.88,"abs <= 1,500,000",High,Residual price exposure needs review.
2025-03-26,BARLEY,Feed Barley,Hedge ratio above target,2.04,<= 1.25,Medium,Futures quantity is high relative to physical exposure.
2025-03-26,BARLEY,Feed Barley,Large net open exposure,-7266901.77,"abs <= 1,500,000",High,Residual price exposure needs review.
2025-03-27,BARLEY,Feed Barley,Hedge ratio above target,2.04,<= 1.25,Medium,Futures quantity is high relative to physical exposure.
2025-03-27,BARLEY,Feed Barley,Large net open exposure,-7269623.91,"abs <= 1,500,000",High,Residual price exposure needs review.
2025-03-28,BARLEY,Feed Barley,Hedge ratio above target,2.04,<= 1.25,Medium,Futures quantity is high relative to physical exposure.
2025-03-28,BARLEY,Feed Barley,Large net open exposure,-7252671.69,"abs <= 1,500,000",High,Residual price exposure needs review.
2025-03-31,BARLEY,Feed Barley,Hedge ratio above target,9.36,<= 1.25,Medium,Futures quantity is high relative to physical exposure.
2025-03-31,BARLEY,Feed Barley,Large net open exposure,-4773026.16,"abs <= 1,500,000",High,Residual price exposure needs review.
2025-04-01,BARLEY,Feed Barley,Hedge ratio above target,2.67,<= 1.25,Medium,Futures quantity is high relative to physical exposure.
2025-04-02,BARLEY,Feed Barley,Hedge ratio above target,1.36,<= 1.25,Medium,Futures quantity is high relative to physical exposure.
2025-04-03,BARLEY,Feed Barley,Hedge ratio below target,0.49,>= 0.75,Medium,Open physical exposure is under-hedged.
2025-04-04,BARLEY,Feed Barley,Hedge ratio below target,0.37,>= 0.75,Medium,Open physical exposure is under-hedged.
2025-04-07,BARLEY,Feed Barley,Hedge ratio below target,0.37,>= 0.75,Medium,Open physical exposure is under-hedged.
2025-04-08,BARLEY,Feed Barley,Hedge ratio below target,0.37,>= 0.75,Medium,Open physical exposure is under-hedged.
2025-04-09,BARLEY,Feed Barley,Hedge ratio below target,0.37,>= 0.75,Medium,Open physical exposure is under-hedged.
2025-04-10,BARLEY,Feed Barley,Hedge ratio below target,0.37,>= 0.75,Medium,Open physical exposure is under-hedged.
2025-04-11,BARLEY,Feed Barley,Hedge ratio below target,0.51,>= 0.75,Medium,Open physical exposure is under-hedged.
2025-04-14,BARLEY,Feed Barley,Hedge ratio below target,0.26,>= 0.75,Medium,Open physical exposure is under-hedged.
2025-04-14,BARLEY,Feed Barley,Large net open exposure,1976941.74,"abs <= 1,500,000",High,Residual price exposure needs review.
2025-04-15,BARLEY,Feed Barley,Hedge ratio below target,0.26,>= 0.75,Medium,Open physical exposure is under-hedged.
2025-04-15,BARLEY,Feed Barley,Large net open exposure,1956843.01,"abs <= 1,500,000",High,Residual price exposure needs review.
2025-04-16,BARLEY,Feed Barley,Hedge ratio below target,0.09,>= 0.75,Medium,Open physical exposure is under-hedged.
2025-04-16,BARLEY,Feed Barley,Large net open exposure,3399024.64,"abs <= 1,500,000",High,Residual price exposure needs review.
2025-04-17,BARLEY,Feed Barley,Hedge ratio below target,0.09,>= 0.75,Medium,Open physical exposure is under-hedged.
2025-04-17,BARLEY,Feed Barley,Large net open exposure,3336184.28,"abs <= 1,500,000",High,Residual price exposure needs review.
2025-04-18,BARLEY,Feed Barley,Hedge ratio below target,0.09,>= 0.75,Medium,Open physical exposure is under-hedged.
2025-04-18,BARLEY,Feed Barley,Large net open exposure,3354001.9,"abs <= 1,500,000",High,Residual price exposure needs review.
2025-04-21,BARLEY,Feed Barley,Hedge ratio below target,0.39,>= 0.75,Medium,Open physical exposure is under-hedged.
2025-04-22,BARLEY,Feed Barley,Hedge ratio below target,0.44,>= 0.75,Medium,Open physical exposure is under-hedged.
2025-04-23,BARLEY,Feed Barley,Hedge ratio below target,0.44,>= 0.75,Medium,Open physical exposure is under-hedged.
2025-04-24,BARLEY,Feed Barley,Hedge ratio below target,0.44,>= 0.75,Medium,Open physical exposure is under-hedged.
2025-04-25,BARLEY,Feed Barley,Hedge ratio below target,0.44,>= 0.75,Medium,Open physical exposure is under-hedged.
2025-04-28,BARLEY,Feed Barley,Hedge ratio below target,0.53,>= 0.75,Medium,Open physical exposure is under-hedged.
2025-04-29,BARLEY,Feed Barley,Hedge ratio below target,0.53,>= 0.75,Medium,Open physical exposure is under-hedged.
2025-04-30,BARLEY,Feed Barley,Hedge ratio below target,0.65,>= 0.75,Medium,Open physical exposure is under-hedged.
2025-05-01,BARLEY,Feed Barley,Hedge ratio below target,0.56,>= 0.75,Medium,Open physical exposure is under-hedged.
2025-05-02,BARLEY,Feed Barley,Hedge ratio below target,0.56,>= 0.75,Medium,Open physical exposure is under-hedged.
2025-05-05,BARLEY,Feed Barley,Hedge ratio below target,0.14,>= 0.75,Medium,Open physical exposure is under-hedged.
2025-05-05,BARLEY,Feed Barley,Large net open exposure,2582336.28,"abs <= 1,500,000",High,Residual price exposure needs review.
2025-05-06,BARLEY,Feed Barley,Hedge ratio below target,0.39,>= 0.75,Medium,Open physical exposure is under-hedged.
2025-05-07,BARLEY,Feed Barley,Hedge ratio below target,0.39,>= 0.75,Medium,Open physical exposure is under-hedged.
2025-05-08,BARLEY,Feed Barley,Hedge ratio below target,0.39,>= 0.75,Medium,Open physical exposure is under-hedged.
2025-05-09,BARLEY,Feed Barley,Hedge ratio below target,0.39,>= 0.75,Medium,Open physical exposure is under-hedged.
2025-05-12,BARLEY,Feed Barley,Hedge ratio below target,0.28,>= 0.75,Medium,Open physical exposure is under-hedged.
2025-05-13,BARLEY,Feed Barley,Large net open exposure,3262597.39,"abs <= 1,500,000",High,Residual price exposure needs review.
2025-05-14,BARLEY,Feed Barley,Hedge ratio above target,4.7,<= 1.25,Medium,Futures quantity is high relative to physical exposure.
2025-05-15,BARLEY,Feed Barley,Hedge ratio above target,4.7,<= 1.25,Medium,Futures quantity is high relative to physical exposure.
2025-05-16,BARLEY,Feed Barley,Hedge ratio above target,4.7,<= 1.25,Medium,Futures quantity is high relative to physical exposure.
2025-05-19,BARLEY,Feed Barley,Hedge ratio above target,4.7,<= 1.25,Medium,Futures quantity is high relative to physical exposure.
2025-05-20,BARLEY,Feed Barley,Hedge ratio above target,1.86,<= 1.25,Medium,Futures quantity is high relative to physical exposure.
2025-05-21,BARLEY,Feed Barley,Hedge ratio above target,4.08,<= 1.25,Medium,Futures quantity is high relative to physical exposure.
2025-05-21,BARLEY,Feed Barley,Large net open exposure,-1803476.05,"abs <= 1,500,000",High,Residual price exposure needs review.
2025-05-22,BARLEY,Feed Barley,Hedge ratio above target,7.1,<= 1.25,Medium,Futures quantity is high relative to physical exposure.
2025-05-22,BARLEY,Feed Barley,Large net open exposure,-2928011.66,"abs <= 1,500,000",High,Residual price exposure needs review.
2025-05-23,BARLEY,Feed Barley,Hedge ratio above target,2.35,<= 1.25,Medium,Futures quantity is high relative to physical exposure.
2025-05-23,BARLEY,Feed Barley,Large net open exposure,-2786890.74,"abs <= 1,500,000",High,Residual price exposure needs review.
2025-05-23,BARLEY,Feed Barley,High margin requirement,1000783.85,"<= 1,000,000",Medium,Collateral requirement is elevated.
2025-05-27,BARLEY,Feed Barley,Hedge ratio above target,2.47,<= 1.25,Medium,Futures quantity is high relative to physical exposure.
2025-05-27,BARLEY,Feed Barley,Large net open exposure,2048402.65,"abs <= 1,500,000",High,Residual price exposure needs review.
2025-05-27,BARLEY,Feed Barley,High margin requirement,1164951.1,"<= 1,000,000",Medium,Collateral requirement is elevated.
2025-05-28,BARLEY,Feed Barley,High margin requirement,1204546.92,"<= 1,000,000",Medium,Collateral requirement is elevated.
2025-05-29,BARLEY,Feed Barley,High margin requirement,1193428.63,"<= 1,000,000",Medium,Collateral requirement is elevated.
2025-05-30,BARLEY,Feed Barley,High margin requirement,1283406.52,"<= 1,000,000",Medium,Collateral requirement is elevated.
2025-06-02,BARLEY,Feed Barley,Hedge ratio above target,1.28,<= 1.25,Medium,Futures quantity is high relative to physical exposure.
2025-06-02,BARLEY,Feed Barley,High margin requirement,1020164.93,"<= 1,000,000",Medium,Collateral requirement is elevated.
2025-06-03,BARLEY,Feed Barley,Hedge ratio above target,1.28,<= 1.25,Medium,Futures quantity is high relative to physical exposure.
2025-06-03,BARLEY,Feed Barley,High margin requirement,1044126.22,"<= 1,000,000",Medium,Collateral requirement is elevated.
2025-06-04,BARLEY,Feed Barley,Hedge ratio above target,1.28,<= 1.25,Medium,Futures quantity is high relative to physical exposure.
2025-06-04,BARLEY,Feed Barley,High margin requirement,1014920.6,"<= 1,000,000",Medium,Collateral requirement is elevated.
2025-06-05,BARLEY,Feed Barley,Hedge ratio above target,1.28,<= 1.25,Medium,Futures quantity is high relative to physical exposure.
2025-06-06,BARLEY,Feed Barley,Hedge ratio above target,1.58,<= 1.25,Medium,Futures quantity is high relative to physical exposure.
2025-06-06,BARLEY,Feed Barley,Large net open exposure,-1865462.57,"abs <= 1,500,000",High,Residual price exposure needs review.
2025-06-06,BARLEY,Feed Barley,High margin requirement,1021960.54,"<= 1,000,000",Medium,Collateral requirement is elevated.
2025-06-09,BARLEY,Feed Barley,Hedge ratio above target,40.08,<= 1.25,Medium,Futures quantity is high relative to physical exposure.
2025-06-09,BARLEY,Feed Barley,Large net open exposure,-3437288.99,"abs <= 1,500,000",High,Residual price exposure needs review.
2025-06-09,BARLEY,Feed Barley,High margin requirement,1045816.55,"<= 1,000,000",Medium,Collateral requirement is elevated.
2025-06-10,BARLEY,Feed Barley,Hedge ratio above target,40.08,<= 1.25,Medium,Futures quantity is high relative to physical exposure.
2025-06-10,BARLEY,Feed Barley,Large net open exposure,-3455071.36,"abs <= 1,500,000",High,Residual price exposure needs review.
2025-06-10,BARLEY,Feed Barley,High margin requirement,1002940.34,"<= 1,000,000",Medium,Collateral requirement is elevated.
2025-06-11,BARLEY,Feed Barley,Hedge ratio above target,40.08,<= 1.25,Medium,Futures quantity is high relative to physical exposure.
2025-06-11,BARLEY,Feed Barley,Large net open exposure,-3399821.29,"abs <= 1,500,000",High,Residual price exposure needs review.
2025-06-11,BARLEY,Feed Barley,High margin requirement,1069454.04,"<= 1,000,000",Medium,Collateral requirement is elevated.
2025-06-12,BARLEY,Feed Barley,Hedge ratio above target,40.08,<= 1.25,Medium,Futures quantity is high relative to physical exposure.
2025-06-12,BARLEY,Feed Barley,Large net open exposure,-3435993.19,"abs <= 1,500,000",High,Residual price exposure needs review.
2025-06-12,BARLEY,Feed Barley,High margin requirement,1031499.14,"<= 1,000,000",Medium,Collateral requirement is elevated.
2025-06-13,BARLEY,Feed Barley,Hedge ratio above target,40.08,<= 1.25,Medium,Futures quantity is high relative to physical exposure.
2025-06-13,BARLEY,Feed Barley,Large net open exposure,-3426536.96,"abs <= 1,500,000",High,Residual price exposure needs review.
2025-06-13,BARLEY,Feed Barley,High margin requirement,1006018.53,"<= 1,000,000",Medium,Collateral requirement is elevated.
2025-06-16,BARLEY,Feed Barley,Hedge ratio above target,40.08,<= 1.25,Medium,Futures quantity is high relative to physical exposure.
2025-06-16,BARLEY,Feed Barley,Large net open exposure,-3420190.9,"abs <= 1,500,000",High,Residual price exposure needs review.
2025-06-16,BARLEY,Feed Barley,High margin requirement,1007595.63,"<= 1,000,000",Medium,Collateral requirement is elevated.
2025-06-17,BARLEY,Feed Barley,Hedge ratio above target,40.08,<= 1.25,Medium,Futures quantity is high relative to physical exposure.
2025-06-17,BARLEY,Feed Barley,Large net open exposure,-3449466.94,"abs <= 1,500,000",High,Residual price exposure needs review.
2025-06-17,BARLEY,Feed Barley,High margin requirement,1003035.35,"<= 1,000,000",Medium,Collateral requirement is elevated.
2025-06-18,BARLEY,Feed Barley,Hedge ratio above target,40.08,<= 1.25,Medium,Futures quantity is high relative to physical exposure.
2025-06-18,BARLEY,Feed Barley,Large net open exposure,-3479934.29,"abs <= 1,500,000",High,Residual price exposure needs review.
2025-06-19,BARLEY,Feed Barley,Hedge ratio above target,40.08,<= 1.25,Medium,Futures quantity is high relative to physical exposure.
2025-06-19,BARLEY,Feed Barley,Large net open exposure,-3526292.11,"abs <= 1,500,000",High,Residual price exposure needs review.
2025-06-20,BARLEY,Feed Barley,Hedge ratio above target,40.08,<= 1.25,Medium,Futures quantity is high relative to physical exposure.
2025-06-20,BARLEY,Feed Barley,Large net open exposure,-3498195.32,"abs <= 1,500,000",High,Residual price exposure needs review.
2025-06-20,BARLEY,Feed Barley,High margin requirement,1006389.06,"<= 1,000,000",Medium,Collateral requirement is elevated.
2025-06-23,BARLEY,Feed Barley,Hedge ratio above target,40.08,<= 1.25,Medium,Futures quantity is high relative to physical exposure.
2025-06-23,BARLEY,Feed Barley,Large net open exposure,-3518427.5,"abs <= 1,500,000",High,Residual price exposure needs review.
2025-06-24,BARLEY,Feed Barley,Hedge ratio above target,40.08,<= 1.25,Medium,Futures quantity is high relative to physical exposure.
2025-06-24,BARLEY,Feed Barley,Large net open exposure,-3525906.01,"abs <= 1,500,000",High,Residual price exposure needs review.
2025-06-24,BARLEY,Feed Barley,High margin requirement,1011034.85,"<= 1,000,000",Medium,Collateral requirement is elevated.
2025-06-25,BARLEY,Feed Barley,Hedge ratio above target,40.08,<= 1.25,Medium,Futures quantity is high relative to physical exposure.
2025-06-25,BARLEY,Feed Barley,Large net open exposure,-3533981.62,"abs <= 1,500,000",High,Residual price exposure needs review.
2025-06-26,BARLEY,Feed Barley,Hedge ratio above target,2.2,<= 1.25,Medium,Futures quantity is high relative to physical exposure.
2025-06-26,BARLEY,Feed Barley,Large net open exposure,-2427412.13,"abs <= 1,500,000",High,Residual price exposure needs review.
2025-06-26,BARLEY,Feed Barley,High margin requirement,1036114.88,"<= 1,000,000",Medium,Collateral requirement is elevated.
2025-06-27,BARLEY,Feed Barley,Hedge ratio above target,2.2,<= 1.25,Medium,Futures quantity is high relative to physical exposure.
2025-06-27,BARLEY,Feed Barley,Large net open exposure,-2441992.79,"abs <= 1,500,000",High,Residual price exposure needs review.
2025-06-27,BARLEY,Feed Barley,High margin requirement,1031664.13,"<= 1,000,000",Medium,Collateral requirement is elevated.
2025-06-30,BARLEY,Feed Barley,Hedge ratio above target,2.2,<= 1.25,Medium,Futures quantity is high relative to physical exposure.
2025-06-30,BARLEY,Feed Barley,Large net open exposure,-2454775.0,"abs <= 1,500,000",High,Residual price exposure needs review.
2025-06-30,BARLEY,Feed Barley,High margin requirement,1011726.69,"<= 1,000,000",Medium,Collateral requirement is elevated.
2025-01-08,CANOLA,Canola,Hedge ratio below target,0.11,>= 0.75,Medium,Open physical exposure is under-hedged.
2025-01-09,CANOLA,Canola,Hedge ratio below target,0.04,>= 0.75,Medium,Open physical exposure is under-hedged.
2025-01-09,CANOLA,Canola,Large net open exposure,2525097.32,"abs <= 1,500,000",High,Residual price exposure needs review.
2025-01-10,CANOLA,Canola,Hedge ratio below target,0.13,>= 0.75,Medium,Open physical exposure is under-hedged.
2025-01-10,CANOLA,Canola,Large net open exposure,2204548.08,"abs <= 1,500,000",High,Residual price exposure needs review.
2025-01-13,CANOLA,Canola,Hedge ratio below target,0.07,>= 0.75,Medium,Open physical exposure is under-hedged.
2025-01-13,CANOLA,Canola,Large net open exposure,4575422.15,"abs <= 1,500,000",High,Residual price exposure needs review.
2025-01-14,CANOLA,Canola,Hedge ratio below target,0.07,>= 0.75,Medium,Open physical exposure is under-hedged.
2025-01-14,CANOLA,Canola,Large net open exposure,4608899.59,"abs <= 1,500,000",High,Residual price exposure needs review.
2025-01-15,CANOLA,Canola,Hedge ratio below target,0.07,>= 0.75,Medium,Open physical exposure is under-hedged.
2025-01-15,CANOLA,Canola,Large net open exposure,4622451.95,"abs <= 1,500,000",High,Residual price exposure needs review.
2025-01-16,CANOLA,Canola,Hedge ratio below target,0.1,>= 0.75,Medium,Open physical exposure is under-hedged.
2025-01-16,CANOLA,Canola,Large net open exposure,2968865.76,"abs <= 1,500,000",High,Residual price exposure needs review.
2025-01-17,CANOLA,Canola,Hedge ratio below target,0.1,>= 0.75,Medium,Open physical exposure is under-hedged.
2025-01-17,CANOLA,Canola,Large net open exposure,2938436.71,"abs <= 1,500,000",High,Residual price exposure needs review.
2025-01-20,CANOLA,Canola,Hedge ratio below target,0.1,>= 0.75,Medium,Open physical exposure is under-hedged.
2025-01-20,CANOLA,Canola,Large net open exposure,2972032.06,"abs <= 1,500,000",High,Residual price exposure needs review.
2025-01-21,CANOLA,Canola,Hedge ratio below target,0.1,>= 0.75,Medium,Open physical exposure is under-hedged.
2025-01-21,CANOLA,Canola,Large net open exposure,2971012.04,"abs <= 1,500,000",High,Residual price exposure needs review.
2025-01-22,CANOLA,Canola,Hedge ratio below target,0.15,>= 0.75,Medium,Open physical exposure is under-hedged.
2025-01-22,CANOLA,Canola,Large net open exposure,3317037.59,"abs <= 1,500,000",High,Residual price exposure needs review.
2025-01-23,CANOLA,Canola,Hedge ratio below target,0.23,>= 0.75,Medium,Open physical exposure is under-hedged.
2025-01-23,CANOLA,Canola,Large net open exposure,2815905.61,"abs <= 1,500,000",High,Residual price exposure needs review.
2025-01-24,CANOLA,Canola,Hedge ratio below target,0.37,>= 0.75,Medium,Open physical exposure is under-hedged.
2025-01-24,CANOLA,Canola,Large net open exposure,1712004.3,"abs <= 1,500,000",High,Residual price exposure needs review.
2025-01-27,CANOLA,Canola,Hedge ratio below target,0.37,>= 0.75,Medium,Open physical exposure is under-hedged.
2025-01-27,CANOLA,Canola,Large net open exposure,1710519.18,"abs <= 1,500,000",High,Residual price exposure needs review.
2025-01-29,CANOLA,Canola,Hedge ratio above target,4.21,<= 1.25,Medium,Futures quantity is high relative to physical exposure.
2025-01-29,CANOLA,Canola,Large net open exposure,-2084893.41,"abs <= 1,500,000",High,Residual price exposure needs review.
2025-01-30,CANOLA,Canola,Hedge ratio above target,4.21,<= 1.25,Medium,Futures quantity is high relative to physical exposure.
2025-01-30,CANOLA,Canola,Large net open exposure,-2045901.87,"abs <= 1,500,000",High,Residual price exposure needs review.
2025-01-31,CANOLA,Canola,Hedge ratio above target,4.21,<= 1.25,Medium,Futures quantity is high relative to physical exposure.
2025-01-31,CANOLA,Canola,Large net open exposure,-2074621.65,"abs <= 1,500,000",High,Residual price exposure needs review.
2025-02-03,CANOLA,Canola,Hedge ratio above target,5.43,<= 1.25,Medium,Futures quantity is high relative to physical exposure.
2025-02-03,CANOLA,Canola,Large net open exposure,-2806631.47,"abs <= 1,500,000",High,Residual price exposure needs review.
2025-02-06,CANOLA,Canola,Hedge ratio below target,0.66,>= 0.75,Medium,Open physical exposure is under-hedged.
2025-02-07,CANOLA,Canola,Hedge ratio below target,0.66,>= 0.75,Medium,Open physical exposure is under-hedged.
2025-02-10,CANOLA,Canola,Hedge ratio below target,0.66,>= 0.75,Medium,Open physical exposure is under-hedged.
2025-02-11,CANOLA,Canola,Hedge ratio below target,0.46,>= 0.75,Medium,Open physical exposure is under-hedged.
2025-02-11,CANOLA,Canola,Large net open exposure,1805260.84,"abs <= 1,500,000",High,Residual price exposure needs review.
2025-02-12,CANOLA,Canola,Hedge ratio below target,0.46,>= 0.75,Medium,Open physical exposure is under-hedged.
2025-02-12,CANOLA,Canola,Large net open exposure,1771631.51,"abs <= 1,500,000",High,Residual price exposure needs review.
2025-02-13,CANOLA,Canola,Hedge ratio below target,0.33,>= 0.75,Medium,Open physical exposure is under-hedged.
2025-02-13,CANOLA,Canola,Large net open exposure,3460162.59,"abs <= 1,500,000",High,Residual price exposure needs review.
2025-02-14,CANOLA,Canola,Hedge ratio below target,0.33,>= 0.75,Medium,Open physical exposure is under-hedged.
2025-02-14,CANOLA,Canola,Large net open exposure,3454493.72,"abs <= 1,500,000",High,Residual price exposure needs review.
2025-02-17,CANOLA,Canola,Hedge ratio below target,0.22,>= 0.75,Medium,Open physical exposure is under-hedged.
2025-02-17,CANOLA,Canola,Large net open exposure,6919229.15,"abs <= 1,500,000",High,Residual price exposure needs review.
2025-02-18,CANOLA,Canola,Hedge ratio below target,0.22,>= 0.75,Medium,Open physical exposure is under-hedged.
2025-02-18,CANOLA,Canola,Large net open exposure,6752141.95,"abs <= 1,500,000",High,Residual price exposure needs review.
2025-02-19,CANOLA,Canola,Hedge ratio below target,0.21,>= 0.75,Medium,Open physical exposure is under-hedged.
2025-02-19,CANOLA,Canola,Large net open exposure,5448571.18,"abs <= 1,500,000",High,Residual price exposure needs review.
2025-02-20,CANOLA,Canola,Hedge ratio below target,0.21,>= 0.75,Medium,Open physical exposure is under-hedged.
2025-02-20,CANOLA,Canola,Large net open exposure,5460492.06,"abs <= 1,500,000",High,Residual price exposure needs review.
2025-02-21,CANOLA,Canola,Hedge ratio below target,0.22,>= 0.75,Medium,Open physical exposure is under-hedged.
2025-02-21,CANOLA,Canola,Large net open exposure,4575679.73,"abs <= 1,500,000",High,Residual price exposure needs review.
2025-02-21,CANOLA,Canola,High margin requirement,1016337.1,"<= 1,000,000",Medium,Collateral requirement is elevated.
2025-02-24,CANOLA,Canola,Hedge ratio below target,0.25,>= 0.75,Medium,Open physical exposure is under-hedged.
2025-02-24,CANOLA,Canola,Large net open exposure,3859814.91,"abs <= 1,500,000",High,Residual price exposure needs review.
2025-02-25,CANOLA,Canola,Hedge ratio above target,3.48,<= 1.25,Medium,Futures quantity is high relative to physical exposure.
2025-02-26,CANOLA,Canola,Hedge ratio above target,3.48,<= 1.25,Medium,Futures quantity is high relative to physical exposure.
2025-02-26,CANOLA,Canola,High margin requirement,1016833.2,"<= 1,000,000",Medium,Collateral requirement is elevated.
2025-02-27,CANOLA,Canola,Hedge ratio above target,3.48,<= 1.25,Medium,Futures quantity is high relative to physical exposure.
2025-02-28,CANOLA,Canola,Large net open exposure,-3245083.61,"abs <= 1,500,000",High,Residual price exposure needs review.
2025-03-03,CANOLA,Canola,Hedge ratio below target,0.57,>= 0.75,Medium,Open physical exposure is under-hedged.
2025-03-04,CANOLA,Canola,Hedge ratio below target,0.57,>= 0.75,Medium,Open physical exposure is under-hedged.
2025-03-05,CANOLA,Canola,Hedge ratio below target,0.58,>= 0.75,Medium,Open physical exposure is under-hedged.
2025-03-06,CANOLA,Canola,Hedge ratio below target,0.21,>= 0.75,Medium,Open physical exposure is under-hedged.
2025-03-06,CANOLA,Canola,Large net open exposure,2755504.79,"abs <= 1,500,000",High,Residual price exposure needs review.
2025-03-06,CANOLA,Canola,High margin requirement,1126409.86,"<= 1,000,000",Medium,Collateral requirement is elevated.
2025-03-07,CANOLA,Canola,Hedge ratio below target,0.21,>= 0.75,Medium,Open physical exposure is under-hedged.
2025-03-07,CANOLA,Canola,Large net open exposure,2783403.89,"abs <= 1,500,000",High,Residual price exposure needs review.
2025-03-07,CANOLA,Canola,High margin requirement,1064180.11,"<= 1,000,000",Medium,Collateral requirement is elevated.
2025-03-10,CANOLA,Canola,Hedge ratio below target,0.2,>= 0.75,Medium,Open physical exposure is under-hedged.
2025-03-10,CANOLA,Canola,Large net open exposure,3002023.61,"abs <= 1,500,000",High,Residual price exposure needs review.
2025-03-10,CANOLA,Canola,High margin requirement,1233047.59,"<= 1,000,000",Medium,Collateral requirement is elevated.
2025-03-11,CANOLA,Canola,Hedge ratio below target,0.32,>= 0.75,Medium,Open physical exposure is under-hedged.
2025-03-11,CANOLA,Canola,High margin requirement,1050874.8,"<= 1,000,000",Medium,Collateral requirement is elevated.
2025-03-12,CANOLA,Canola,Hedge ratio below target,0.32,>= 0.75,Medium,Open physical exposure is under-hedged.
2025-03-12,CANOLA,Canola,High margin requirement,1043347.34,"<= 1,000,000",Medium,Collateral requirement is elevated.
2025-03-13,CANOLA,Canola,Hedge ratio below target,0.32,>= 0.75,Medium,Open physical exposure is under-hedged.
2025-03-13,CANOLA,Canola,High margin requirement,1121022.64,"<= 1,000,000",Medium,Collateral requirement is elevated.
2025-03-14,CANOLA,Canola,Hedge ratio below target,0.32,>= 0.75,Medium,Open physical exposure is under-hedged.
2025-03-14,CANOLA,Canola,High margin requirement,1165804.95,"<= 1,000,000",Medium,Collateral requirement is elevated.
2025-03-17,CANOLA,Canola,Hedge ratio below target,0.21,>= 0.75,Medium,Open physical exposure is under-hedged.
2025-03-17,CANOLA,Canola,Large net open exposure,-2836591.49,"abs <= 1,500,000",High,Residual price exposure needs review.
2025-03-17,CANOLA,Canola,High margin requirement,1175614.34,"<= 1,000,000",Medium,Collateral requirement is elevated.
2025-03-18,CANOLA,Canola,Hedge ratio below target,0.41,>= 0.75,Medium,Open physical exposure is under-hedged.
2025-03-18,CANOLA,Canola,Large net open exposure,-3619417.56,"abs <= 1,500,000",High,Residual price exposure needs review.
2025-03-18,CANOLA,Canola,High margin requirement,1311040.27,"<= 1,000,000",Medium,Collateral requirement is elevated.
2025-03-19,CANOLA,Canola,Hedge ratio below target,0.41,>= 0.75,Medium,Open physical exposure is under-hedged.
2025-03-19,CANOLA,Canola,Large net open exposure,-3576199.95,"abs <= 1,500,000",High,Residual price exposure needs review.
2025-03-19,CANOLA,Canola,High margin requirement,1187189.73,"<= 1,000,000",Medium,Collateral requirement is elevated.
2025-03-20,CANOLA,Canola,Hedge ratio above target,96.77,<= 1.25,Medium,Futures quantity is high relative to physical exposure.
2025-03-20,CANOLA,Canola,Large net open exposure,-1601814.7,"abs <= 1,500,000",High,Residual price exposure needs review.
2025-03-20,CANOLA,Canola,High margin requirement,1309942.6,"<= 1,000,000",Medium,Collateral requirement is elevated.
2025-03-21,CANOLA,Canola,Hedge ratio above target,96.77,<= 1.25,Medium,Futures quantity is high relative to physical exposure.
2025-03-21,CANOLA,Canola,Large net open exposure,-1622495.49,"abs <= 1,500,000",High,Residual price exposure needs review.
2025-03-21,CANOLA,Canola,High margin requirement,1288609.07,"<= 1,000,000",Medium,Collateral requirement is elevated.
2025-03-24,CANOLA,Canola,Hedge ratio above target,96.77,<= 1.25,Medium,Futures quantity is high relative to physical exposure.
2025-03-24,CANOLA,Canola,Large net open exposure,-1588092.57,"abs <= 1,500,000",High,Residual price exposure needs review.
2025-03-24,CANOLA,Canola,High margin requirement,1244376.15,"<= 1,000,000",Medium,Collateral requirement is elevated.
2025-03-25,CANOLA,Canola,Hedge ratio above target,121.94,<= 1.25,Medium,Futures quantity is high relative to physical exposure.
2025-03-25,CANOLA,Canola,Large net open exposure,-2020217.19,"abs <= 1,500,000",High,Residual price exposure needs review.
2025-03-25,CANOLA,Canola,High margin requirement,1425207.49,"<= 1,000,000",Medium,Collateral requirement is elevated.
2025-03-26,CANOLA,Canola,Hedge ratio above target,121.94,<= 1.25,Medium,Futures quantity is high relative to physical exposure.
2025-03-26,CANOLA,Canola,Large net open exposure,-2060298.83,"abs <= 1,500,000",High,Residual price exposure needs review.
2025-03-26,CANOLA,Canola,High margin requirement,1291305.32,"<= 1,000,000",Medium,Collateral requirement is elevated.
2025-03-27,CANOLA,Canola,High margin requirement,1343540.09,"<= 1,000,000",Medium,Collateral requirement is elevated.
2025-03-28,CANOLA,Canola,Hedge ratio above target,2.05,<= 1.25,Medium,Futures quantity is high relative to physical exposure.
2025-03-28,CANOLA,Canola,High margin requirement,1388083.08,"<= 1,000,000",Medium,Collateral requirement is elevated.
2025-03-31,CANOLA,Canola,Hedge ratio above target,1.32,<= 1.25,Medium,Futures quantity is high relative to physical exposure.
2025-03-31,CANOLA,Canola,High margin requirement,1371396.54,"<= 1,000,000",Medium,Collateral requirement is elevated.
2025-04-01,CANOLA,Canola,High margin requirement,1221240.6,"<= 1,000,000",Medium,Collateral requirement is elevated.
2025-04-02,CANOLA,Canola,Hedge ratio above target,1.53,<= 1.25,Medium,Futures quantity is high relative to physical exposure.
2025-04-02,CANOLA,Canola,High margin requirement,1312345.61,"<= 1,000,000",Medium,Collateral requirement is elevated.
2025-04-03,CANOLA,Canola,Hedge ratio above target,1.7,<= 1.25,Medium,Futures quantity is high relative to physical exposure.
2025-04-03,CANOLA,Canola,Large net open exposure,-3517317.34,"abs <= 1,500,000",High,Residual price exposure needs review.
2025-04-03,CANOLA,Canola,High margin requirement,1342856.56,"<= 1,000,000",Medium,Collateral requirement is elevated.
2025-04-04,CANOLA,Canola,Hedge ratio below target,0.7,>= 0.75,Medium,Open physical exposure is under-hedged.
2025-04-04,CANOLA,Canola,Large net open exposure,-5088415.38,"abs <= 1,500,000",High,Residual price exposure needs review.
2025-04-04,CANOLA,Canola,High margin requirement,1335519.33,"<= 1,000,000",Medium,Collateral requirement is elevated.
2025-04-07,CANOLA,Canola,Large net open exposure,-3876776.3,"abs <= 1,500,000",High,Residual price exposure needs review.
2025-04-07,CANOLA,Canola,High margin requirement,1355658.29,"<= 1,000,000",Medium,Collateral requirement is elevated.
2025-04-08,CANOLA,Canola,Hedge ratio below target,0.56,>= 0.75,Medium,Open physical exposure is under-hedged.
2025-04-08,CANOLA,Canola,Large net open exposure,-5644206.99,"abs <= 1,500,000",High,Residual price exposure needs review.
2025-04-08,CANOLA,Canola,High margin requirement,1296403.46,"<= 1,000,000",Medium,Collateral requirement is elevated.
2025-04-09,CANOLA,Canola,Hedge ratio below target,0.61,>= 0.75,Medium,Open physical exposure is under-hedged.
2025-04-09,CANOLA,Canola,Large net open exposure,-5894352.69,"abs <= 1,500,000",High,Residual price exposure needs review.
2025-04-09,CANOLA,Canola,High margin requirement,1345935.14,"<= 1,000,000",Medium,Collateral requirement is elevated.
2025-04-10,CANOLA,Canola,Hedge ratio below target,0.39,>= 0.75,Medium,Open physical exposure is under-hedged.
2025-04-10,CANOLA,Canola,Large net open exposure,-7818301.25,"abs <= 1,500,000",High,Residual price exposure needs review.
2025-04-10,CANOLA,Canola,High margin requirement,1362659.05,"<= 1,000,000",Medium,Collateral requirement is elevated.
2025-04-11,CANOLA,Canola,Hedge ratio below target,0.39,>= 0.75,Medium,Open physical exposure is under-hedged.
2025-04-11,CANOLA,Canola,Large net open exposure,-7779179.28,"abs <= 1,500,000",High,Residual price exposure needs review.
2025-04-11,CANOLA,Canola,High margin requirement,1333103.69,"<= 1,000,000",Medium,Collateral requirement is elevated.
2025-04-14,CANOLA,Canola,Hedge ratio below target,0.51,>= 0.75,Medium,Open physical exposure is under-hedged.
2025-04-14,CANOLA,Canola,Large net open exposure,-6642358.73,"abs <= 1,500,000",High,Residual price exposure needs review.
2025-04-14,CANOLA,Canola,High margin requirement,1304529.82,"<= 1,000,000",Medium,Collateral requirement is elevated.
2025-04-15,CANOLA,Canola,Hedge ratio below target,0.61,>= 0.75,Medium,Open physical exposure is under-hedged.
2025-04-15,CANOLA,Canola,Large net open exposure,-6149423.9,"abs <= 1,500,000",High,Residual price exposure needs review.
2025-04-15,CANOLA,Canola,High margin requirement,1322459.24,"<= 1,000,000",Medium,Collateral requirement is elevated.
2025-04-16,CANOLA,Canola,Hedge ratio below target,0.49,>= 0.75,Medium,Open physical exposure is under-hedged.
2025-04-16,CANOLA,Canola,Large net open exposure,-6963033.55,"abs <= 1,500,000",High,Residual price exposure needs review.
2025-04-16,CANOLA,Canola,High margin requirement,1296447.88,"<= 1,000,000",Medium,Collateral requirement is elevated.
2025-04-17,CANOLA,Canola,Hedge ratio below target,0.56,>= 0.75,Medium,Open physical exposure is under-hedged.
2025-04-17,CANOLA,Canola,Large net open exposure,-6515808.01,"abs <= 1,500,000",High,Residual price exposure needs review.
2025-04-17,CANOLA,Canola,High margin requirement,1372907.28,"<= 1,000,000",Medium,Collateral requirement is elevated.
2025-04-18,CANOLA,Canola,Hedge ratio below target,0.56,>= 0.75,Medium,Open physical exposure is under-hedged.
2025-04-18,CANOLA,Canola,Large net open exposure,-6462747.9,"abs <= 1,500,000",High,Residual price exposure needs review.
2025-04-18,CANOLA,Canola,High margin requirement,1335236.58,"<= 1,000,000",Medium,Collateral requirement is elevated.
2025-04-21,CANOLA,Canola,Hedge ratio above target,1.74,<= 1.25,Medium,Futures quantity is high relative to physical exposure.
2025-04-21,CANOLA,Canola,Large net open exposure,-3956595.19,"abs <= 1,500,000",High,Residual price exposure needs review.
2025-04-21,CANOLA,Canola,High margin requirement,1304727.83,"<= 1,000,000",Medium,Collateral requirement is elevated.
2025-04-22,CANOLA,Canola,Hedge ratio above target,2.55,<= 1.25,Medium,Futures quantity is high relative to physical exposure.
2025-04-22,CANOLA,Canola,Large net open exposure,-2000419.07,"abs <= 1,500,000",High,Residual price exposure needs review.
2025-04-22,CANOLA,Canola,High margin requirement,1314371.42,"<= 1,000,000",Medium,Collateral requirement is elevated.
2025-04-23,CANOLA,Canola,High margin requirement,1284768.46,"<= 1,000,000",Medium,Collateral requirement is elevated.
2025-04-24,CANOLA,Canola,High margin requirement,1403000.29,"<= 1,000,000",Medium,Collateral requirement is elevated.
2025-04-25,CANOLA,Canola,High margin requirement,1354385.42,"<= 1,000,000",Medium,Collateral requirement is elevated.
2025-04-28,CANOLA,Canola,Hedge ratio above target,2.07,<= 1.25,Medium,Futures quantity is high relative to physical exposure.
2025-04-28,CANOLA,Canola,Large net open exposure,-1791655.57,"abs <= 1,500,000",High,Residual price exposure needs review.
2025-04-28,CANOLA,Canola,High margin requirement,1294025.45,"<= 1,000,000",Medium,Collateral requirement is elevated.
2025-04-29,CANOLA,Canola,Hedge ratio above target,2.07,<= 1.25,Medium,Futures quantity is high relative to physical exposure.
2025-04-29,CANOLA,Canola,Large net open exposure,-1765702.9,"abs <= 1,500,000",High,Residual price exposure needs review.
2025-04-29,CANOLA,Canola,High margin requirement,1383625.65,"<= 1,000,000",Medium,Collateral requirement is elevated.
2025-04-30,CANOLA,Canola,Hedge ratio above target,2.69,<= 1.25,Medium,Futures quantity is high relative to physical exposure.
2025-04-30,CANOLA,Canola,Large net open exposure,-2658284.64,"abs <= 1,500,000",High,Residual price exposure needs review.
2025-04-30,CANOLA,Canola,High margin requirement,1443056.51,"<= 1,000,000",Medium,Collateral requirement is elevated.
2025-05-01,CANOLA,Canola,Hedge ratio above target,2.69,<= 1.25,Medium,Futures quantity is high relative to physical exposure.
2025-05-01,CANOLA,Canola,Large net open exposure,-2681251.52,"abs <= 1,500,000",High,Residual price exposure needs review.
2025-05-01,CANOLA,Canola,High margin requirement,1393097.23,"<= 1,000,000",Medium,Collateral requirement is elevated.
2025-05-02,CANOLA,Canola,Hedge ratio above target,2.69,<= 1.25,Medium,Futures quantity is high relative to physical exposure.
2025-05-02,CANOLA,Canola,Large net open exposure,-2692255.12,"abs <= 1,500,000",High,Residual price exposure needs review.
2025-05-02,CANOLA,Canola,High margin requirement,1536447.22,"<= 1,000,000",Medium,Collateral requirement is elevated.
2025-05-05,CANOLA,Canola,Hedge ratio above target,2.69,<= 1.25,Medium,Futures quantity is high relative to physical exposure.
2025-05-05,CANOLA,Canola,Large net open exposure,-2655309.96,"abs <= 1,500,000",High,Residual price exposure needs review.
2025-05-05,CANOLA,Canola,High margin requirement,1444434.24,"<= 1,000,000",Medium,Collateral requirement is elevated.
2025-05-06,CANOLA,Canola,Hedge ratio above target,35.78,<= 1.25,Medium,Futures quantity is high relative to physical exposure.
2025-05-06,CANOLA,Canola,Large net open exposure,-3657486.98,"abs <= 1,500,000",High,Residual price exposure needs review.
2025-05-06,CANOLA,Canola,High margin requirement,1452000.84,"<= 1,000,000",Medium,Collateral requirement is elevated.
2025-05-07,CANOLA,Canola,Hedge ratio above target,5.35,<= 1.25,Medium,Futures quantity is high relative to physical exposure.
2025-05-07,CANOLA,Canola,Large net open exposure,-3263104.43,"abs <= 1,500,000",High,Residual price exposure needs review.
2025-05-07,CANOLA,Canola,High margin requirement,1478571.44,"<= 1,000,000",Medium,Collateral requirement is elevated.
2025-05-08,CANOLA,Canola,Hedge ratio above target,5.35,<= 1.25,Medium,Futures quantity is high relative to physical exposure.
2025-05-08,CANOLA,Canola,Large net open exposure,-3161990.16,"abs <= 1,500,000",High,Residual price exposure needs review.
2025-05-08,CANOLA,Canola,High margin requirement,1543609.25,"<= 1,000,000",Medium,Collateral requirement is elevated.
2025-05-09,CANOLA,Canola,Hedge ratio above target,3.13,<= 1.25,Medium,Futures quantity is high relative to physical exposure.
2025-05-09,CANOLA,Canola,Large net open exposure,-2863868.07,"abs <= 1,500,000",High,Residual price exposure needs review.
2025-05-09,CANOLA,Canola,High margin requirement,1477324.92,"<= 1,000,000",Medium,Collateral requirement is elevated.
2025-05-12,CANOLA,Canola,Hedge ratio above target,4.87,<= 1.25,Medium,Futures quantity is high relative to physical exposure.
2025-05-12,CANOLA,Canola,Large net open exposure,-4273244.66,"abs <= 1,500,000",High,Residual price exposure needs review.
2025-05-12,CANOLA,Canola,High margin requirement,1405343.76,"<= 1,000,000",Medium,Collateral requirement is elevated.
2025-05-13,CANOLA,Canola,Hedge ratio above target,5.33,<= 1.25,Medium,Futures quantity is high relative to physical exposure.
2025-05-13,CANOLA,Canola,Large net open exposure,-4711122.96,"abs <= 1,500,000",High,Residual price exposure needs review.
2025-05-13,CANOLA,Canola,High margin requirement,1564536.63,"<= 1,000,000",Medium,Collateral requirement is elevated.
2025-05-14,CANOLA,Canola,Hedge ratio above target,7.15,<= 1.25,Medium,Futures quantity is high relative to physical exposure.
2025-05-14,CANOLA,Canola,Large net open exposure,-4486347.57,"abs <= 1,500,000",High,Residual price exposure needs review.
2025-05-14,CANOLA,Canola,High margin requirement,1501518.25,"<= 1,000,000",Medium,Collateral requirement is elevated.
2025-05-15,CANOLA,Canola,Hedge ratio above target,7.15,<= 1.25,Medium,Futures quantity is high relative to physical exposure.
2025-05-15,CANOLA,Canola,Large net open exposure,-4451105.62,"abs <= 1,500,000",High,Residual price exposure needs review.
2025-05-15,CANOLA,Canola,High margin requirement,1634750.5,"<= 1,000,000",Medium,Collateral requirement is elevated.
2025-05-16,CANOLA,Canola,Hedge ratio above target,1.73,<= 1.25,Medium,Futures quantity is high relative to physical exposure.
2025-05-16,CANOLA,Canola,Large net open exposure,-2382318.76,"abs <= 1,500,000",High,Residual price exposure needs review.
2025-05-16,CANOLA,Canola,High margin requirement,1554523.41,"<= 1,000,000",Medium,Collateral requirement is elevated.
2025-05-19,CANOLA,Canola,Hedge ratio above target,1.73,<= 1.25,Medium,Futures quantity is high relative to physical exposure.
2025-05-19,CANOLA,Canola,Large net open exposure,-2436962.0,"abs <= 1,500,000",High,Residual price exposure needs review.
2025-05-19,CANOLA,Canola,High margin requirement,1415611.93,"<= 1,000,000",Medium,Collateral requirement is elevated.
2025-05-20,CANOLA,Canola,Hedge ratio above target,1.47,<= 1.25,Medium,Futures quantity is high relative to physical exposure.
2025-05-20,CANOLA,Canola,Large net open exposure,-2126323.16,"abs <= 1,500,000",High,Residual price exposure needs review.
2025-05-20,CANOLA,Canola,High margin requirement,1576817.42,"<= 1,000,000",Medium,Collateral requirement is elevated.
2025-05-21,CANOLA,Canola,Hedge ratio above target,13.97,<= 1.25,Medium,Futures quantity is high relative to physical exposure.
2025-05-21,CANOLA,Canola,Large net open exposure,-4056065.53,"abs <= 1,500,000",High,Residual price exposure needs review.
2025-05-21,CANOLA,Canola,High margin requirement,1675516.77,"<= 1,000,000",Medium,Collateral requirement is elevated.
2025-05-22,CANOLA,Canola,Hedge ratio above target,1.44,<= 1.25,Medium,Futures quantity is high relative to physical exposure.
2025-05-22,CANOLA,Canola,Large net open exposure,-6387947.73,"abs <= 1,500,000",High,Residual price exposure needs review.
2025-05-22,CANOLA,Canola,High margin requirement,1652589.4,"<= 1,000,000",Medium,Collateral requirement is elevated.
2025-05-23,CANOLA,Canola,Hedge ratio above target,1.44,<= 1.25,Medium,Futures quantity is high relative to physical exposure.
2025-05-23,CANOLA,Canola,Large net open exposure,-6431289.72,"abs <= 1,500,000",High,Residual price exposure needs review.
2025-05-23,CANOLA,Canola,High margin requirement,1668446.25,"<= 1,000,000",Medium,Collateral requirement is elevated.
2025-05-26,CANOLA,Canola,Hedge ratio below target,0.68,>= 0.75,Medium,Open physical exposure is under-hedged.
2025-05-26,CANOLA,Canola,Large net open exposure,-8928007.16,"abs <= 1,500,000",High,Residual price exposure needs review.
2025-05-26,CANOLA,Canola,High margin requirement,1491176.64,"<= 1,000,000",Medium,Collateral requirement is elevated.
2025-05-27,CANOLA,Canola,Hedge ratio below target,0.68,>= 0.75,Medium,Open physical exposure is under-hedged.
2025-05-27,CANOLA,Canola,Large net open exposure,-8873725.16,"abs <= 1,500,000",High,Residual price exposure needs review.
2025-05-27,CANOLA,Canola,High margin requirement,1611317.85,"<= 1,000,000",Medium,Collateral requirement is elevated.
2025-05-28,CANOLA,Canola,Hedge ratio below target,0.68,>= 0.75,Medium,Open physical exposure is under-hedged.
2025-05-28,CANOLA,Canola,Large net open exposure,-8731040.73,"abs <= 1,500,000",High,Residual price exposure needs review.
2025-05-28,CANOLA,Canola,High margin requirement,1509693.57,"<= 1,000,000",Medium,Collateral requirement is elevated.
2025-05-29,CANOLA,Canola,Hedge ratio below target,0.68,>= 0.75,Medium,Open physical exposure is under-hedged.
2025-05-29,CANOLA,Canola,Large net open exposure,-8824181.19,"abs <= 1,500,000",High,Residual price exposure needs review.
2025-05-29,CANOLA,Canola,High margin requirement,1568537.77,"<= 1,000,000",Medium,Collateral requirement is elevated.
2025-05-30,CANOLA,Canola,Large net open exposure,-8267462.91,"abs <= 1,500,000",High,Residual price exposure needs review.
2025-05-30,CANOLA,Canola,High margin requirement,1541765.78,"<= 1,000,000",Medium,Collateral requirement is elevated.
2025-06-02,CANOLA,Canola,Hedge ratio above target,149.84,<= 1.25,Medium,Futures quantity is high relative to physical exposure.
2025-06-02,CANOLA,Canola,Large net open exposure,-5265163.96,"abs <= 1,500,000",High,Residual price exposure needs review.
2025-06-02,CANOLA,Canola,High margin requirement,1223083.39,"<= 1,000,000",Medium,Collateral requirement is elevated.
2025-06-03,CANOLA,Canola,Hedge ratio above target,149.84,<= 1.25,Medium,Futures quantity is high relative to physical exposure.
2025-06-03,CANOLA,Canola,Large net open exposure,-5317393.5,"abs <= 1,500,000",High,Residual price exposure needs review.
2025-06-03,CANOLA,Canola,High margin requirement,1230599.41,"<= 1,000,000",Medium,Collateral requirement is elevated.
2025-06-04,CANOLA,Canola,Hedge ratio above target,149.84,<= 1.25,Medium,Futures quantity is high relative to physical exposure.
2025-06-04,CANOLA,Canola,Large net open exposure,-5260052.17,"abs <= 1,500,000",High,Residual price exposure needs review.
2025-06-04,CANOLA,Canola,High margin requirement,1300567.66,"<= 1,000,000",Medium,Collateral requirement is elevated.
2025-06-05,CANOLA,Canola,Hedge ratio above target,149.84,<= 1.25,Medium,Futures quantity is high relative to physical exposure.
2025-06-05,CANOLA,Canola,Large net open exposure,-5308312.05,"abs <= 1,500,000",High,Residual price exposure needs review.
2025-06-05,CANOLA,Canola,High margin requirement,1295657.47,"<= 1,000,000",Medium,Collateral requirement is elevated.
2025-06-06,CANOLA,Canola,Hedge ratio above target,149.84,<= 1.25,Medium,Futures quantity is high relative to physical exposure.
2025-06-06,CANOLA,Canola,Large net open exposure,-5309970.88,"abs <= 1,500,000",High,Residual price exposure needs review.
2025-06-06,CANOLA,Canola,High margin requirement,1269348.9,"<= 1,000,000",Medium,Collateral requirement is elevated.
2025-06-09,CANOLA,Canola,Hedge ratio above target,149.84,<= 1.25,Medium,Futures quantity is high relative to physical exposure.
2025-06-09,CANOLA,Canola,Large net open exposure,-5335823.67,"abs <= 1,500,000",High,Residual price exposure needs review.
2025-06-09,CANOLA,Canola,High margin requirement,1187633.32,"<= 1,000,000",Medium,Collateral requirement is elevated.
2025-06-10,CANOLA,Canola,Hedge ratio above target,2.14,<= 1.25,Medium,Futures quantity is high relative to physical exposure.
2025-06-10,CANOLA,Canola,Large net open exposure,-7062968.27,"abs <= 1,500,000",High,Residual price exposure needs review.
2025-06-10,CANOLA,Canola,High margin requirement,1239794.77,"<= 1,000,000",Medium,Collateral requirement is elevated.
2025-06-11,CANOLA,Canola,Hedge ratio above target,4.3,<= 1.25,Medium,Futures quantity is high relative to physical exposure.
2025-06-11,CANOLA,Canola,Large net open exposure,-6141010.23,"abs <= 1,500,000",High,Residual price exposure needs review.
2025-06-11,CANOLA,Canola,High margin requirement,1217977.91,"<= 1,000,000",Medium,Collateral requirement is elevated.
2025-06-12,CANOLA,Canola,Hedge ratio above target,4.3,<= 1.25,Medium,Futures quantity is high relative to physical exposure.
2025-06-12,CANOLA,Canola,Large net open exposure,-6228245.07,"abs <= 1,500,000",High,Residual price exposure needs review.
2025-06-12,CANOLA,Canola,High margin requirement,1299116.92,"<= 1,000,000",Medium,Collateral requirement is elevated.
2025-06-13,CANOLA,Canola,Hedge ratio above target,5.61,<= 1.25,Medium,Futures quantity is high relative to physical exposure.
2025-06-13,CANOLA,Canola,Large net open exposure,-6005641.83,"abs <= 1,500,000",High,Residual price exposure needs review.
2025-06-13,CANOLA,Canola,High margin requirement,1314610.06,"<= 1,000,000",Medium,Collateral requirement is elevated.
2025-06-16,CANOLA,Canola,Hedge ratio above target,2.13,<= 1.25,Medium,Futures quantity is high relative to physical exposure.
2025-06-16,CANOLA,Canola,Large net open exposure,-7181095.11,"abs <= 1,500,000",High,Residual price exposure needs review.
2025-06-16,CANOLA,Canola,High margin requirement,1308490.92,"<= 1,000,000",Medium,Collateral requirement is elevated.
2025-06-17,CANOLA,Canola,Hedge ratio above target,2.13,<= 1.25,Medium,Futures quantity is high relative to physical exposure.
2025-06-17,CANOLA,Canola,Large net open exposure,-7108201.31,"abs <= 1,500,000",High,Residual price exposure needs review.
2025-06-17,CANOLA,Canola,High margin requirement,1217522.23,"<= 1,000,000",Medium,Collateral requirement is elevated.
2025-06-18,CANOLA,Canola,Hedge ratio above target,1.64,<= 1.25,Medium,Futures quantity is high relative to physical exposure.
2025-06-18,CANOLA,Canola,Large net open exposure,-7582728.91,"abs <= 1,500,000",High,Residual price exposure needs review.
2025-06-18,CANOLA,Canola,High margin requirement,1117877.02,"<= 1,000,000",Medium,Collateral requirement is elevated.
2025-06-19,CANOLA,Canola,Large net open exposure,-10057762.74,"abs <= 1,500,000",High,Residual price exposure needs review.
2025-06-19,CANOLA,Canola,High margin requirement,1166709.22,"<= 1,000,000",Medium,Collateral requirement is elevated.
2025-06-20,CANOLA,Canola,Large net open exposure,-8470621.11,"abs <= 1,500,000",High,Residual price exposure needs review.
2025-06-20,CANOLA,Canola,High margin requirement,1326839.03,"<= 1,000,000",Medium,Collateral requirement is elevated.
2025-06-23,CANOLA,Canola,Hedge ratio above target,2.55,<= 1.25,Medium,Futures quantity is high relative to physical exposure.
2025-06-23,CANOLA,Canola,Large net open exposure,-6757538.8,"abs <= 1,500,000",High,Residual price exposure needs review.
2025-06-23,CANOLA,Canola,High margin requirement,1235293.77,"<= 1,000,000",Medium,Collateral requirement is elevated.
2025-06-24,CANOLA,Canola,Hedge ratio above target,2.55,<= 1.25,Medium,Futures quantity is high relative to physical exposure.
2025-06-24,CANOLA,Canola,Large net open exposure,-6670928.68,"abs <= 1,500,000",High,Residual price exposure needs review.
2025-06-24,CANOLA,Canola,High margin requirement,1217745.42,"<= 1,000,000",Medium,Collateral requirement is elevated.
2025-06-25,CANOLA,Canola,Hedge ratio above target,2.55,<= 1.25,Medium,Futures quantity is high relative to physical exposure.
2025-06-25,CANOLA,Canola,Large net open exposure,-6790713.67,"abs <= 1,500,000",High,Residual price exposure needs review.
2025-06-25,CANOLA,Canola,High margin requirement,1337933.45,"<= 1,000,000",Medium,Collateral requirement is elevated.
2025-06-26,CANOLA,Canola,Hedge ratio above target,2.55,<= 1.25,Medium,Futures quantity is high relative to physical exposure.
2025-06-26,CANOLA,Canola,Large net open exposure,-6791605.68,"abs <= 1,500,000",High,Residual price exposure needs review.
2025-06-26,CANOLA,Canola,High margin requirement,1328824.01,"<= 1,000,000",Medium,Collateral requirement is elevated.
2025-06-27,CANOLA,Canola,Hedge ratio above target,2.55,<= 1.25,Medium,Futures quantity is high relative to physical exposure.
2025-06-27,CANOLA,Canola,Large net open exposure,-6817635.53,"abs <= 1,500,000",High,Residual price exposure needs review.
2025-06-27,CANOLA,Canola,High margin requirement,1266051.71,"<= 1,000,000",Medium,Collateral requirement is elevated.
2025-06-30,CANOLA,Canola,Hedge ratio above target,3.5,<= 1.25,Medium,Futures quantity is high relative to physical exposure.
2025-06-30,CANOLA,Canola,Large net open exposure,-6522125.4,"abs <= 1,500,000",High,Residual price exposure needs review.
2025-06-30,CANOLA,Canola,High margin requirement,1249974.5,"<= 1,000,000",Medium,Collateral requirement is elevated.
2025-01-02,CORN,Corn,Large net open exposure,2497658.78,"abs <= 1,500,000",High,Residual price exposure needs review.
2025-01-03,CORN,Corn,Hedge ratio below target,0.67,>= 0.75,Medium,Open physical exposure is under-hedged.
2025-01-03,CORN,Corn,Large net open exposure,3024467.55,"abs <= 1,500,000",High,Residual price exposure needs review.
2025-01-06,CORN,Corn,Hedge ratio above target,3.03,<= 1.25,Medium,Futures quantity is high relative to physical exposure.
2025-01-06,CORN,Corn,Large net open exposure,1612112.33,"abs <= 1,500,000",High,Residual price exposure needs review.
2025-01-07,CORN,Corn,Hedge ratio above target,3.03,<= 1.25,Medium,Futures quantity is high relative to physical exposure.
2025-01-07,CORN,Corn,Large net open exposure,1610450.25,"abs <= 1,500,000",High,Residual price exposure needs review.
2025-01-08,CORN,Corn,Hedge ratio below target,0.29,>= 0.75,Medium,Open physical exposure is under-hedged.
2025-01-08,CORN,Corn,Large net open exposure,2128835.63,"abs <= 1,500,000",High,Residual price exposure needs review.
2025-01-09,CORN,Corn,Hedge ratio below target,0.29,>= 0.75,Medium,Open physical exposure is under-hedged.
2025-01-09,CORN,Corn,Large net open exposure,2129509.63,"abs <= 1,500,000",High,Residual price exposure needs review.
2025-01-10,CORN,Corn,Hedge ratio below target,0.29,>= 0.75,Medium,Open physical exposure is under-hedged.
2025-01-10,CORN,Corn,Large net open exposure,2101117.31,"abs <= 1,500,000",High,Residual price exposure needs review.
2025-01-13,CORN,Corn,Hedge ratio below target,0.46,>= 0.75,Medium,Open physical exposure is under-hedged.
2025-01-14,CORN,Corn,Hedge ratio above target,1.69,<= 1.25,Medium,Futures quantity is high relative to physical exposure.
2025-01-15,CORN,Corn,Hedge ratio above target,1.69,<= 1.25,Medium,Futures quantity is high relative to physical exposure.
2025-01-16,CORN,Corn,Hedge ratio above target,4.57,<= 1.25,Medium,Futures quantity is high relative to physical exposure.
2025-01-16,CORN,Corn,Large net open exposure,-2336184.52,"abs <= 1,500,000",High,Residual price exposure needs review.
2025-01-17,CORN,Corn,Hedge ratio above target,1.55,<= 1.25,Medium,Futures quantity is high relative to physical exposure.
2025-01-17,CORN,Corn,Large net open exposure,-2141638.24,"abs <= 1,500,000",High,Residual price exposure needs review.
2025-01-20,CORN,Corn,Hedge ratio below target,0.3,>= 0.75,Medium,Open physical exposure is under-hedged.
2025-01-21,CORN,Corn,Hedge ratio below target,0.3,>= 0.75,Medium,Open physical exposure is under-hedged.
2025-01-22,CORN,Corn,Hedge ratio below target,0.3,>= 0.75,Medium,Open physical exposure is under-hedged.
2025-01-23,CORN,Corn,Hedge ratio below target,0.3,>= 0.75,Medium,Open physical exposure is under-hedged.
2025-01-24,CORN,Corn,Hedge ratio below target,0.61,>= 0.75,Medium,Open physical exposure is under-hedged.
2025-01-27,CORN,Corn,Hedge ratio below target,0.61,>= 0.75,Medium,Open physical exposure is under-hedged.
2025-01-28,CORN,Corn,Hedge ratio below target,0.61,>= 0.75,Medium,Open physical exposure is under-hedged.
2025-01-29,CORN,Corn,Hedge ratio below target,0.3,>= 0.75,Medium,Open physical exposure is under-hedged.
2025-01-30,CORN,Corn,Hedge ratio below target,0.3,>= 0.75,Medium,Open physical exposure is under-hedged.
2025-01-31,CORN,Corn,Hedge ratio below target,0.3,>= 0.75,Medium,Open physical exposure is under-hedged.
2025-02-03,CORN,Corn,Hedge ratio above target,2.12,<= 1.25,Medium,Futures quantity is high relative to physical exposure.
2025-02-03,CORN,Corn,Large net open exposure,-3756081.73,"abs <= 1,500,000",High,Residual price exposure needs review.
2025-02-03,CORN,Corn,High margin requirement,1120962.32,"<= 1,000,000",Medium,Collateral requirement is elevated.
2025-02-04,CORN,Corn,Hedge ratio above target,2.12,<= 1.25,Medium,Futures quantity is high relative to physical exposure.
2025-02-04,CORN,Corn,Large net open exposure,-3711073.59,"abs <= 1,500,000",High,Residual price exposure needs review.
2025-02-04,CORN,Corn,High margin requirement,1133656.89,"<= 1,000,000",Medium,Collateral requirement is elevated.
2025-02-05,CORN,Corn,Hedge ratio above target,2.28,<= 1.25,Medium,Futures quantity is high relative to physical exposure.
2025-02-05,CORN,Corn,Large net open exposure,-3990972.74,"abs <= 1,500,000",High,Residual price exposure needs review.
2025-02-05,CORN,Corn,High margin requirement,1097821.65,"<= 1,000,000",Medium,Collateral requirement is elevated.
2025-02-06,CORN,Corn,Hedge ratio above target,1.46,<= 1.25,Medium,Futures quantity is high relative to physical exposure.
2025-02-06,CORN,Corn,Large net open exposure,-4671937.37,"abs <= 1,500,000",High,Residual price exposure needs review.
2025-02-06,CORN,Corn,High margin requirement,1192099.57,"<= 1,000,000",Medium,Collateral requirement is elevated.
2025-02-07,CORN,Corn,Hedge ratio below target,0.66,>= 0.75,Medium,Open physical exposure is under-hedged.
2025-02-07,CORN,Corn,Large net open exposure,-3219966.54,"abs <= 1,500,000",High,Residual price exposure needs review.
2025-02-07,CORN,Corn,High margin requirement,1339243.9,"<= 1,000,000",Medium,Collateral requirement is elevated.
2025-02-10,CORN,Corn,Hedge ratio below target,0.66,>= 0.75,Medium,Open physical exposure is under-hedged.
2025-02-10,CORN,Corn,Large net open exposure,-3210250.97,"abs <= 1,500,000",High,Residual price exposure needs review.
2025-02-10,CORN,Corn,High margin requirement,1330271.58,"<= 1,000,000",Medium,Collateral requirement is elevated.
2025-02-11,CORN,Corn,Hedge ratio below target,0.66,>= 0.75,Medium,Open physical exposure is under-hedged.
2025-02-11,CORN,Corn,Large net open exposure,-3198058.44,"abs <= 1,500,000",High,Residual price exposure needs review.
2025-02-11,CORN,Corn,High margin requirement,1379863.74,"<= 1,000,000",Medium,Collateral requirement is elevated.
2025-02-12,CORN,Corn,Hedge ratio below target,0.66,>= 0.75,Medium,Open physical exposure is under-hedged.
2025-02-12,CORN,Corn,Large net open exposure,-3179359.49,"abs <= 1,500,000",High,Residual price exposure needs review.
2025-02-12,CORN,Corn,High margin requirement,1254296.46,"<= 1,000,000",Medium,Collateral requirement is elevated.
2025-02-13,CORN,Corn,Hedge ratio below target,0.66,>= 0.75,Medium,Open physical exposure is under-hedged.
2025-02-13,CORN,Corn,Large net open exposure,-3200815.69,"abs <= 1,500,000",High,Residual price exposure needs review.
2025-02-13,CORN,Corn,High margin requirement,1320574.84,"<= 1,000,000",Medium,Collateral requirement is elevated.
2025-02-14,CORN,Corn,Hedge ratio below target,0.66,>= 0.75,Medium,Open physical exposure is under-hedged.
2025-02-14,CORN,Corn,Large net open exposure,-3224080.65,"abs <= 1,500,000",High,Residual price exposure needs review.
2025-02-14,CORN,Corn,High margin requirement,1417215.57,"<= 1,000,000",Medium,Collateral requirement is elevated.
2025-02-17,CORN,Corn,Hedge ratio above target,1.26,<= 1.25,Medium,Futures quantity is high relative to physical exposure.
2025-02-17,CORN,Corn,Large net open exposure,-2274375.38,"abs <= 1,500,000",High,Residual price exposure needs review.
2025-02-17,CORN,Corn,High margin requirement,1259666.31,"<= 1,000,000",Medium,Collateral requirement is elevated.
2025-02-18,CORN,Corn,Hedge ratio above target,3.14,<= 1.25,Medium,Futures quantity is high relative to physical exposure.
2025-02-18,CORN,Corn,High margin requirement,1457740.34,"<= 1,000,000",Medium,Collateral requirement is elevated.
2025-02-19,CORN,Corn,Hedge ratio above target,3.14,<= 1.25,Medium,Futures quantity is high relative to physical exposure.
2025-02-19,CORN,Corn,High margin requirement,1479701.76,"<= 1,000,000",Medium,Collateral requirement is elevated.
2025-02-20,CORN,Corn,High margin requirement,1384848.06,"<= 1,000,000",Medium,Collateral requirement is elevated.
2025-02-21,CORN,Corn,High margin requirement,1422026.71,"<= 1,000,000",Medium,Collateral requirement is elevated.
2025-02-24,CORN,Corn,High margin requirement,1457817.86,"<= 1,000,000",Medium,Collateral requirement is elevated.
2025-02-25,CORN,Corn,High margin requirement,1369305.53,"<= 1,000,000",Medium,Collateral requirement is elevated.
2025-02-26,CORN,Corn,Hedge ratio below target,0.69,>= 0.75,Medium,Open physical exposure is under-hedged.
2025-02-26,CORN,Corn,High margin requirement,1443794.5,"<= 1,000,000",Medium,Collateral requirement is elevated.
2025-02-27,CORN,Corn,Hedge ratio below target,0.69,>= 0.75,Medium,Open physical exposure is under-hedged.
2025-02-27,CORN,Corn,High margin requirement,1367886.91,"<= 1,000,000",Medium,Collateral requirement is elevated.
2025-02-28,CORN,Corn,Hedge ratio below target,0.69,>= 0.75,Medium,Open physical exposure is under-hedged.
2025-02-28,CORN,Corn,High margin requirement,1378764.85,"<= 1,000,000",Medium,Collateral requirement is elevated.
2025-03-03,CORN,Corn,Hedge ratio below target,0.48,>= 0.75,Medium,Open physical exposure is under-hedged.
2025-03-03,CORN,Corn,Large net open exposure,2093910.91,"abs <= 1,500,000",High,Residual price exposure needs review.
2025-03-03,CORN,Corn,High margin requirement,1360679.2,"<= 1,000,000",Medium,Collateral requirement is elevated.
2025-03-04,CORN,Corn,High margin requirement,1567373.28,"<= 1,000,000",Medium,Collateral requirement is elevated.
2025-03-05,CORN,Corn,Hedge ratio above target,1.47,<= 1.25,Medium,Futures quantity is high relative to physical exposure.
2025-03-05,CORN,Corn,High margin requirement,1617796.0,"<= 1,000,000",Medium,Collateral requirement is elevated.
2025-03-06,CORN,Corn,Hedge ratio above target,1.47,<= 1.25,Medium,Futures quantity is high relative to physical exposure.
2025-03-06,CORN,Corn,High margin requirement,1534791.79,"<= 1,000,000",Medium,Collateral requirement is elevated.
2025-03-07,CORN,Corn,Hedge ratio above target,1.38,<= 1.25,Medium,Futures quantity is high relative to physical exposure.
2025-03-07,CORN,Corn,High margin requirement,1474580.46,"<= 1,000,000",Medium,Collateral requirement is elevated.
2025-03-10,CORN,Corn,Hedge ratio above target,1.38,<= 1.25,Medium,Futures quantity is high relative to physical exposure.
2025-03-10,CORN,Corn,High margin requirement,1486301.36,"<= 1,000,000",Medium,Collateral requirement is elevated.
2025-03-11,CORN,Corn,Hedge ratio above target,1.38,<= 1.25,Medium,Futures quantity is high relative to physical exposure.
2025-03-11,CORN,Corn,High margin requirement,1578100.67,"<= 1,000,000",Medium,Collateral requirement is elevated.
2025-03-12,CORN,Corn,Hedge ratio above target,1.38,<= 1.25,Medium,Futures quantity is high relative to physical exposure.
2025-03-12,CORN,Corn,High margin requirement,1668182.42,"<= 1,000,000",Medium,Collateral requirement is elevated.
2025-03-13,CORN,Corn,Hedge ratio above target,1.38,<= 1.25,Medium,Futures quantity is high relative to physical exposure.
2025-03-13,CORN,Corn,High margin requirement,1578048.88,"<= 1,000,000",Medium,Collateral requirement is elevated.
2025-03-14,CORN,Corn,High margin requirement,1529534.03,"<= 1,000,000",Medium,Collateral requirement is elevated.
2025-03-17,CORN,Corn,High margin requirement,1601197.23,"<= 1,000,000",Medium,Collateral requirement is elevated.
2025-03-18,CORN,Corn,High margin requirement,1538700.16,"<= 1,000,000",Medium,Collateral requirement is elevated.
2025-03-19,CORN,Corn,High margin requirement,1530069.16,"<= 1,000,000",Medium,Collateral requirement is elevated.
2025-03-20,CORN,Corn,High margin requirement,1494017.47,"<= 1,000,000",Medium,Collateral requirement is elevated.
2025-03-21,CORN,Corn,Hedge ratio above target,3.41,<= 1.25,Medium,Futures quantity is high relative to physical exposure.
2025-03-21,CORN,Corn,Large net open exposure,-4652458.83,"abs <= 1,500,000",High,Residual price exposure needs review.
2025-03-21,CORN,Corn,High margin requirement,1828662.05,"<= 1,000,000",Medium,Collateral requirement is elevated.
2025-03-24,CORN,Corn,Hedge ratio above target,5.17,<= 1.25,Medium,Futures quantity is high relative to physical exposure.
2025-03-24,CORN,Corn,Large net open exposure,-5379842.46,"abs <= 1,500,000",High,Residual price exposure needs review.
2025-03-24,CORN,Corn,High margin requirement,1555306.69,"<= 1,000,000",Medium,Collateral requirement is elevated.
2025-03-25,CORN,Corn,Hedge ratio above target,5.17,<= 1.25,Medium,Futures quantity is high relative to physical exposure.
2025-03-25,CORN,Corn,Large net open exposure,-5503672.92,"abs <= 1,500,000",High,Residual price exposure needs review.
2025-03-25,CORN,Corn,High margin requirement,1786383.96,"<= 1,000,000",Medium,Collateral requirement is elevated.
2025-03-26,CORN,Corn,Hedge ratio above target,6.9,<= 1.25,Medium,Futures quantity is high relative to physical exposure.
2025-03-26,CORN,Corn,Large net open exposure,-7633765.6,"abs <= 1,500,000",High,Residual price exposure needs review.
2025-03-26,CORN,Corn,High margin requirement,1851495.61,"<= 1,000,000",Medium,Collateral requirement is elevated.
2025-03-27,CORN,Corn,Hedge ratio above target,6.9,<= 1.25,Medium,Futures quantity is high relative to physical exposure.
2025-03-27,CORN,Corn,Large net open exposure,-7635201.12,"abs <= 1,500,000",High,Residual price exposure needs review.
2025-03-27,CORN,Corn,High margin requirement,1855530.6,"<= 1,000,000",Medium,Collateral requirement is elevated.
2025-03-28,CORN,Corn,Hedge ratio above target,10.12,<= 1.25,Medium,Futures quantity is high relative to physical exposure.
2025-03-28,CORN,Corn,Large net open exposure,-9817268.55,"abs <= 1,500,000",High,Residual price exposure needs review.
2025-03-28,CORN,Corn,High margin requirement,2014194.89,"<= 1,000,000",Medium,Collateral requirement is elevated.
2025-03-31,CORN,Corn,Hedge ratio above target,10.12,<= 1.25,Medium,Futures quantity is high relative to physical exposure.
2025-03-31,CORN,Corn,Large net open exposure,-9647294.46,"abs <= 1,500,000",High,Residual price exposure needs review.
2025-03-31,CORN,Corn,High margin requirement,1832599.27,"<= 1,000,000",Medium,Collateral requirement is elevated.
2025-04-01,CORN,Corn,Hedge ratio above target,7.45,<= 1.25,Medium,Futures quantity is high relative to physical exposure.
2025-04-01,CORN,Corn,Large net open exposure,-8695927.89,"abs <= 1,500,000",High,Residual price exposure needs review.
2025-04-01,CORN,Corn,High margin requirement,1403371.01,"<= 1,000,000",Medium,Collateral requirement is elevated.
2025-04-02,CORN,Corn,Hedge ratio above target,6.64,<= 1.25,Medium,Futures quantity is high relative to physical exposure.
2025-04-02,CORN,Corn,Large net open exposure,-7783868.41,"abs <= 1,500,000",High,Residual price exposure needs review.
2025-04-02,CORN,Corn,High margin requirement,1491506.51,"<= 1,000,000",Medium,Collateral requirement is elevated.
2025-04-03,CORN,Corn,Hedge ratio above target,6.64,<= 1.25,Medium,Futures quantity is high relative to physical exposure.
2025-04-03,CORN,Corn,Large net open exposure,-7874995.83,"abs <= 1,500,000",High,Residual price exposure needs review.
2025-04-03,CORN,Corn,High margin requirement,1524150.21,"<= 1,000,000",Medium,Collateral requirement is elevated.
2025-04-04,CORN,Corn,Hedge ratio above target,6.64,<= 1.25,Medium,Futures quantity is high relative to physical exposure.
2025-04-04,CORN,Corn,Large net open exposure,-7938955.41,"abs <= 1,500,000",High,Residual price exposure needs review.
2025-04-04,CORN,Corn,High margin requirement,1472831.54,"<= 1,000,000",Medium,Collateral requirement is elevated.
2025-04-07,CORN,Corn,Hedge ratio above target,25.84,<= 1.25,Medium,Futures quantity is high relative to physical exposure.
2025-04-07,CORN,Corn,Large net open exposure,-7208386.89,"abs <= 1,500,000",High,Residual price exposure needs review.
2025-04-07,CORN,Corn,High margin requirement,1404936.97,"<= 1,000,000",Medium,Collateral requirement is elevated.
2025-04-08,CORN,Corn,Hedge ratio above target,16.53,<= 1.25,Medium,Futures quantity is high relative to physical exposure.
2025-04-08,CORN,Corn,Large net open exposure,-9260305.35,"abs <= 1,500,000",High,Residual price exposure needs review.
2025-04-08,CORN,Corn,High margin requirement,1566440.0,"<= 1,000,000",Medium,Collateral requirement is elevated.
2025-04-09,CORN,Corn,Hedge ratio above target,16.53,<= 1.25,Medium,Futures quantity is high relative to physical exposure.
2025-04-09,CORN,Corn,Large net open exposure,-9244197.53,"abs <= 1,500,000",High,Residual price exposure needs review.
2025-04-09,CORN,Corn,High margin requirement,1705796.7,"<= 1,000,000",Medium,Collateral requirement is elevated.
2025-04-10,CORN,Corn,Hedge ratio above target,20.66,<= 1.25,Medium,Futures quantity is high relative to physical exposure.
2025-04-10,CORN,Corn,Large net open exposure,-11618570.47,"abs <= 1,500,000",High,Residual price exposure needs review.
2025-04-10,CORN,Corn,High margin requirement,1775880.09,"<= 1,000,000",Medium,Collateral requirement is elevated.
2025-04-11,CORN,Corn,Hedge ratio above target,20.66,<= 1.25,Medium,Futures quantity is high relative to physical exposure.
2025-04-11,CORN,Corn,Large net open exposure,-11412810.65,"abs <= 1,500,000",High,Residual price exposure needs review.
2025-04-11,CORN,Corn,High margin requirement,1789380.07,"<= 1,000,000",Medium,Collateral requirement is elevated.
2025-04-14,CORN,Corn,Hedge ratio above target,12.95,<= 1.25,Medium,Futures quantity is high relative to physical exposure.
2025-04-14,CORN,Corn,Large net open exposure,-11670029.46,"abs <= 1,500,000",High,Residual price exposure needs review.
2025-04-14,CORN,Corn,High margin requirement,1739286.65,"<= 1,000,000",Medium,Collateral requirement is elevated.
2025-04-15,CORN,Corn,Hedge ratio above target,12.95,<= 1.25,Medium,Futures quantity is high relative to physical exposure.
2025-04-15,CORN,Corn,Large net open exposure,-11768448.63,"abs <= 1,500,000",High,Residual price exposure needs review.
2025-04-15,CORN,Corn,High margin requirement,1711300.73,"<= 1,000,000",Medium,Collateral requirement is elevated.
2025-04-16,CORN,Corn,Hedge ratio above target,12.95,<= 1.25,Medium,Futures quantity is high relative to physical exposure.
2025-04-16,CORN,Corn,Large net open exposure,-11729897.46,"abs <= 1,500,000",High,Residual price exposure needs review.
2025-04-16,CORN,Corn,High margin requirement,1875613.02,"<= 1,000,000",Medium,Collateral requirement is elevated.
2025-04-17,CORN,Corn,Hedge ratio above target,8.9,<= 1.25,Medium,Futures quantity is high relative to physical exposure.
2025-04-17,CORN,Corn,Large net open exposure,-12026145.44,"abs <= 1,500,000",High,Residual price exposure needs review.
2025-04-17,CORN,Corn,High margin requirement,1757259.41,"<= 1,000,000",Medium,Collateral requirement is elevated.
2025-04-18,CORN,Corn,Hedge ratio above target,3.63,<= 1.25,Medium,Futures quantity is high relative to physical exposure.
2025-04-18,CORN,Corn,Large net open exposure,-13673861.02,"abs <= 1,500,000",High,Residual price exposure needs review.
2025-04-18,CORN,Corn,High margin requirement,1726494.76,"<= 1,000,000",Medium,Collateral requirement is elevated.
2025-04-21,CORN,Corn,Hedge ratio above target,3.63,<= 1.25,Medium,Futures quantity is high relative to physical exposure.
2025-04-21,CORN,Corn,Large net open exposure,-13691963.45,"abs <= 1,500,000",High,Residual price exposure needs review.
2025-04-21,CORN,Corn,High margin requirement,1834727.8,"<= 1,000,000",Medium,Collateral requirement is elevated.
2025-04-22,CORN,Corn,Hedge ratio above target,3.24,<= 1.25,Medium,Futures quantity is high relative to physical exposure.
2025-04-22,CORN,Corn,Large net open exposure,-14278008.61,"abs <= 1,500,000",High,Residual price exposure needs review.
2025-04-22,CORN,Corn,High margin requirement,1719427.84,"<= 1,000,000",Medium,Collateral requirement is elevated.
2025-04-23,CORN,Corn,Hedge ratio above target,3.36,<= 1.25,Medium,Futures quantity is high relative to physical exposure.
2025-04-23,CORN,Corn,Large net open exposure,-15131500.7,"abs <= 1,500,000",High,Residual price exposure needs review.
2025-04-23,CORN,Corn,High margin requirement,1781429.08,"<= 1,000,000",Medium,Collateral requirement is elevated.
2025-04-24,CORN,Corn,Hedge ratio above target,3.36,<= 1.25,Medium,Futures quantity is high relative to physical exposure.
2025-04-24,CORN,Corn,Large net open exposure,-15208533.21,"abs <= 1,500,000",High,Residual price exposure needs review.
2025-04-24,CORN,Corn,High margin requirement,1825590.21,"<= 1,000,000",Medium,Collateral requirement is elevated.
2025-04-25,CORN,Corn,Hedge ratio above target,3.36,<= 1.25,Medium,Futures quantity is high relative to physical exposure.
2025-04-25,CORN,Corn,Large net open exposure,-15151883.48,"abs <= 1,500,000",High,Residual price exposure needs review.
2025-04-25,CORN,Corn,High margin requirement,1824860.28,"<= 1,000,000",Medium,Collateral requirement is elevated.
2025-04-28,CORN,Corn,Hedge ratio above target,2.61,<= 1.25,Medium,Futures quantity is high relative to physical exposure.
2025-04-28,CORN,Corn,Large net open exposure,-16051366.34,"abs <= 1,500,000",High,Residual price exposure needs review.
2025-04-28,CORN,Corn,High margin requirement,1830329.62,"<= 1,000,000",Medium,Collateral requirement is elevated.
2025-04-29,CORN,Corn,Hedge ratio above target,2.61,<= 1.25,Medium,Futures quantity is high relative to physical exposure.
2025-04-29,CORN,Corn,Large net open exposure,-15981635.13,"abs <= 1,500,000",High,Residual price exposure needs review.
2025-04-29,CORN,Corn,High margin requirement,1963083.84,"<= 1,000,000",Medium,Collateral requirement is elevated.
2025-04-30,CORN,Corn,Hedge ratio above target,2.5,<= 1.25,Medium,Futures quantity is high relative to physical exposure.
2025-04-30,CORN,Corn,Large net open exposure,-15946208.77,"abs <= 1,500,000",High,Residual price exposure needs review.
2025-04-30,CORN,Corn,High margin requirement,1835884.94,"<= 1,000,000",Medium,Collateral requirement is elevated.
2025-05-01,CORN,Corn,Hedge ratio above target,3.48,<= 1.25,Medium,Futures quantity is high relative to physical exposure.
2025-05-01,CORN,Corn,Large net open exposure,-14782654.66,"abs <= 1,500,000",High,Residual price exposure needs review.
2025-05-01,CORN,Corn,High margin requirement,1639204.19,"<= 1,000,000",Medium,Collateral requirement is elevated.
2025-05-02,CORN,Corn,Hedge ratio above target,3.48,<= 1.25,Medium,Futures quantity is high relative to physical exposure.
2025-05-02,CORN,Corn,Large net open exposure,-14663977.87,"abs <= 1,500,000",High,Residual price exposure needs review.
2025-05-02,CORN,Corn,High margin requirement,1835160.34,"<= 1,000,000",Medium,Collateral requirement is elevated.
2025-05-05,CORN,Corn,Hedge ratio above target,3.52,<= 1.25,Medium,Futures quantity is high relative to physical exposure.
2025-05-05,CORN,Corn,Large net open exposure,-14827872.92,"abs <= 1,500,000",High,Residual price exposure needs review.
2025-05-05,CORN,Corn,High margin requirement,1814267.47,"<= 1,000,000",Medium,Collateral requirement is elevated.
2025-05-06,CORN,Corn,Hedge ratio above target,3.52,<= 1.25,Medium,Futures quantity is high relative to physical exposure.
2025-05-06,CORN,Corn,Large net open exposure,-14570208.25,"abs <= 1,500,000",High,Residual price exposure needs review.
2025-05-06,CORN,Corn,High margin requirement,1814670.03,"<= 1,000,000",Medium,Collateral requirement is elevated.
2025-05-07,CORN,Corn,Hedge ratio above target,3.52,<= 1.25,Medium,Futures quantity is high relative to physical exposure.
2025-05-07,CORN,Corn,Large net open exposure,-14566466.15,"abs <= 1,500,000",High,Residual price exposure needs review.
2025-05-07,CORN,Corn,High margin requirement,1829343.34,"<= 1,000,000",Medium,Collateral requirement is elevated.
2025-05-08,CORN,Corn,Hedge ratio above target,4.21,<= 1.25,Medium,Futures quantity is high relative to physical exposure.
2025-05-08,CORN,Corn,Large net open exposure,-14224545.58,"abs <= 1,500,000",High,Residual price exposure needs review.
2025-05-08,CORN,Corn,High margin requirement,1809446.82,"<= 1,000,000",Medium,Collateral requirement is elevated.
2025-05-09,CORN,Corn,Hedge ratio above target,4.21,<= 1.25,Medium,Futures quantity is high relative to physical exposure.
2025-05-09,CORN,Corn,Large net open exposure,-14345413.81,"abs <= 1,500,000",High,Residual price exposure needs review.
2025-05-09,CORN,Corn,High margin requirement,1807705.74,"<= 1,000,000",Medium,Collateral requirement is elevated.
2025-05-12,CORN,Corn,Hedge ratio above target,5.14,<= 1.25,Medium,Futures quantity is high relative to physical exposure.
2025-05-12,CORN,Corn,Large net open exposure,-12468892.76,"abs <= 1,500,000",High,Residual price exposure needs review.
2025-05-12,CORN,Corn,High margin requirement,1933691.44,"<= 1,000,000",Medium,Collateral requirement is elevated.
2025-05-13,CORN,Corn,Hedge ratio above target,5.14,<= 1.25,Medium,Futures quantity is high relative to physical exposure.
2025-05-13,CORN,Corn,Large net open exposure,-12521025.08,"abs <= 1,500,000",High,Residual price exposure needs review.
2025-05-13,CORN,Corn,High margin requirement,1846482.7,"<= 1,000,000",Medium,Collateral requirement is elevated.
2025-05-14,CORN,Corn,Hedge ratio above target,5.14,<= 1.25,Medium,Futures quantity is high relative to physical exposure.
2025-05-14,CORN,Corn,Large net open exposure,-12357869.31,"abs <= 1,500,000",High,Residual price exposure needs review.
2025-05-14,CORN,Corn,High margin requirement,1815864.75,"<= 1,000,000",Medium,Collateral requirement is elevated.
2025-05-15,CORN,Corn,Hedge ratio above target,5.14,<= 1.25,Medium,Futures quantity is high relative to physical exposure.
2025-05-15,CORN,Corn,Large net open exposure,-12322510.07,"abs <= 1,500,000",High,Residual price exposure needs review.
2025-05-15,CORN,Corn,High margin requirement,2100133.45,"<= 1,000,000",Medium,Collateral requirement is elevated.
2025-05-16,CORN,Corn,Hedge ratio above target,5.6,<= 1.25,Medium,Futures quantity is high relative to physical exposure.
2025-05-16,CORN,Corn,Large net open exposure,-12288774.74,"abs <= 1,500,000",High,Residual price exposure needs review.
2025-05-16,CORN,Corn,High margin requirement,1819884.59,"<= 1,000,000",Medium,Collateral requirement is elevated.
2025-05-19,CORN,Corn,Hedge ratio above target,5.6,<= 1.25,Medium,Futures quantity is high relative to physical exposure.
2025-05-19,CORN,Corn,Large net open exposure,-12250400.98,"abs <= 1,500,000",High,Residual price exposure needs review.
2025-05-19,CORN,Corn,High margin requirement,1881034.53,"<= 1,000,000",Medium,Collateral requirement is elevated.
2025-05-20,CORN,Corn,Hedge ratio above target,5.6,<= 1.25,Medium,Futures quantity is high relative to physical exposure.
2025-05-20,CORN,Corn,Large net open exposure,-12135924.56,"abs <= 1,500,000",High,Residual price exposure needs review.
2025-05-20,CORN,Corn,High margin requirement,1761440.86,"<= 1,000,000",Medium,Collateral requirement is elevated.
2025-05-21,CORN,Corn,Hedge ratio above target,5.6,<= 1.25,Medium,Futures quantity is high relative to physical exposure.
2025-05-21,CORN,Corn,Large net open exposure,-12103541.3,"abs <= 1,500,000",High,Residual price exposure needs review.
2025-05-21,CORN,Corn,High margin requirement,1882262.73,"<= 1,000,000",Medium,Collateral requirement is elevated.
2025-05-22,CORN,Corn,Hedge ratio above target,2.93,<= 1.25,Medium,Futures quantity is high relative to physical exposure.
2025-05-22,CORN,Corn,Large net open exposure,-13831594.05,"abs <= 1,500,000",High,Residual price exposure needs review.
2025-05-22,CORN,Corn,High margin requirement,1803595.29,"<= 1,000,000",Medium,Collateral requirement is elevated.
2025-05-23,CORN,Corn,Hedge ratio above target,2.93,<= 1.25,Medium,Futures quantity is high relative to physical exposure.
2025-05-23,CORN,Corn,Large net open exposure,-13826493.46,"abs <= 1,500,000",High,Residual price exposure needs review.
2025-05-23,CORN,Corn,High margin requirement,1840368.52,"<= 1,000,000",Medium,Collateral requirement is elevated.
2025-05-26,CORN,Corn,Hedge ratio above target,4.73,<= 1.25,Medium,Futures quantity is high relative to physical exposure.
2025-05-26,CORN,Corn,Large net open exposure,-12627187.61,"abs <= 1,500,000",High,Residual price exposure needs review.
2025-05-26,CORN,Corn,High margin requirement,1959438.28,"<= 1,000,000",Medium,Collateral requirement is elevated.
2025-05-27,CORN,Corn,Hedge ratio above target,4.84,<= 1.25,Medium,Futures quantity is high relative to physical exposure.
2025-05-27,CORN,Corn,Large net open exposure,-12961200.28,"abs <= 1,500,000",High,Residual price exposure needs review.
2025-05-27,CORN,Corn,High margin requirement,1933656.81,"<= 1,000,000",Medium,Collateral requirement is elevated.
2025-05-28,CORN,Corn,Hedge ratio above target,4.84,<= 1.25,Medium,Futures quantity is high relative to physical exposure.
2025-05-28,CORN,Corn,Large net open exposure,-13179945.97,"abs <= 1,500,000",High,Residual price exposure needs review.
2025-05-28,CORN,Corn,High margin requirement,1940984.55,"<= 1,000,000",Medium,Collateral requirement is elevated.
2025-05-29,CORN,Corn,Hedge ratio above target,3.49,<= 1.25,Medium,Futures quantity is high relative to physical exposure.
2025-05-29,CORN,Corn,Large net open exposure,-17472835.87,"abs <= 1,500,000",High,Residual price exposure needs review.
2025-05-29,CORN,Corn,High margin requirement,1925932.83,"<= 1,000,000",Medium,Collateral requirement is elevated.
2025-05-30,CORN,Corn,Hedge ratio above target,3.49,<= 1.25,Medium,Futures quantity is high relative to physical exposure.
2025-05-30,CORN,Corn,Large net open exposure,-17519592.47,"abs <= 1,500,000",High,Residual price exposure needs review.
2025-05-30,CORN,Corn,High margin requirement,2208611.83,"<= 1,000,000",Medium,Collateral requirement is elevated.
2025-06-02,CORN,Corn,Hedge ratio above target,1.59,<= 1.25,Medium,Futures quantity is high relative to physical exposure.
2025-06-02,CORN,Corn,Large net open exposure,-7410546.76,"abs <= 1,500,000",High,Residual price exposure needs review.
2025-06-02,CORN,Corn,High margin requirement,1012977.53,"<= 1,000,000",Medium,Collateral requirement is elevated.
2025-06-03,CORN,Corn,Hedge ratio above target,4.22,<= 1.25,Medium,Futures quantity is high relative to physical exposure.
2025-06-03,CORN,Corn,Large net open exposure,-5605329.53,"abs <= 1,500,000",High,Residual price exposure needs review.
2025-06-03,CORN,Corn,High margin requirement,1137154.22,"<= 1,000,000",Medium,Collateral requirement is elevated.
2025-06-04,CORN,Corn,Hedge ratio above target,34.74,<= 1.25,Medium,Futures quantity is high relative to physical exposure.
2025-06-04,CORN,Corn,Large net open exposure,-4640698.26,"abs <= 1,500,000",High,Residual price exposure needs review.
2025-06-04,CORN,Corn,High margin requirement,1107155.64,"<= 1,000,000",Medium,Collateral requirement is elevated.
2025-06-05,CORN,Corn,Hedge ratio above target,34.74,<= 1.25,Medium,Futures quantity is high relative to physical exposure.
2025-06-05,CORN,Corn,Large net open exposure,-4614586.56,"abs <= 1,500,000",High,Residual price exposure needs review.
2025-06-05,CORN,Corn,High margin requirement,1088257.38,"<= 1,000,000",Medium,Collateral requirement is elevated.
2025-06-06,CORN,Corn,Hedge ratio above target,34.74,<= 1.25,Medium,Futures quantity is high relative to physical exposure.
2025-06-06,CORN,Corn,Large net open exposure,-4611777.3,"abs <= 1,500,000",High,Residual price exposure needs review.
2025-06-06,CORN,Corn,High margin requirement,1027313.73,"<= 1,000,000",Medium,Collateral requirement is elevated.
2025-06-09,CORN,Corn,Hedge ratio above target,217.48,<= 1.25,Medium,Futures quantity is high relative to physical exposure.
2025-06-09,CORN,Corn,Large net open exposure,-4486772.13,"abs <= 1,500,000",High,Residual price exposure needs review.
2025-06-09,CORN,Corn,High margin requirement,1070139.16,"<= 1,000,000",Medium,Collateral requirement is elevated.
2025-06-10,CORN,Corn,Hedge ratio above target,217.48,<= 1.25,Medium,Futures quantity is high relative to physical exposure.
2025-06-10,CORN,Corn,Large net open exposure,-4429587.69,"abs <= 1,500,000",High,Residual price exposure needs review.
2025-06-10,CORN,Corn,High margin requirement,1043653.22,"<= 1,000,000",Medium,Collateral requirement is elevated.
2025-06-11,CORN,Corn,Hedge ratio above target,217.48,<= 1.25,Medium,Futures quantity is high relative to physical exposure.
2025-06-11,CORN,Corn,Large net open exposure,-4403315.19,"abs <= 1,500,000",High,Residual price exposure needs review.
2025-06-11,CORN,Corn,High margin requirement,1064927.06,"<= 1,000,000",Medium,Collateral requirement is elevated.
2025-06-12,CORN,Corn,Hedge ratio above target,217.48,<= 1.25,Medium,Futures quantity is high relative to physical exposure.
2025-06-12,CORN,Corn,Large net open exposure,-4382023.07,"abs <= 1,500,000",High,Residual price exposure needs review.
2025-06-12,CORN,Corn,High margin requirement,1053060.99,"<= 1,000,000",Medium,Collateral requirement is elevated.
2025-06-13,CORN,Corn,Hedge ratio above target,217.48,<= 1.25,Medium,Futures quantity is high relative to physical exposure.
2025-06-13,CORN,Corn,Large net open exposure,-4458206.33,"abs <= 1,500,000",High,Residual price exposure needs review.
2025-06-16,CORN,Corn,Hedge ratio above target,2.33,<= 1.25,Medium,Futures quantity is high relative to physical exposure.
2025-06-16,CORN,Corn,Large net open exposure,-6313585.26,"abs <= 1,500,000",High,Residual price exposure needs review.
2025-06-16,CORN,Corn,High margin requirement,1111422.22,"<= 1,000,000",Medium,Collateral requirement is elevated.
2025-06-17,CORN,Corn,Hedge ratio above target,2.52,<= 1.25,Medium,Futures quantity is high relative to physical exposure.
2025-06-17,CORN,Corn,Large net open exposure,-6299304.3,"abs <= 1,500,000",High,Residual price exposure needs review.
2025-06-17,CORN,Corn,High margin requirement,1060240.91,"<= 1,000,000",Medium,Collateral requirement is elevated.
2025-06-18,CORN,Corn,Hedge ratio above target,2.52,<= 1.25,Medium,Futures quantity is high relative to physical exposure.
2025-06-18,CORN,Corn,Large net open exposure,-6354220.48,"abs <= 1,500,000",High,Residual price exposure needs review.
2025-06-18,CORN,Corn,High margin requirement,1043062.28,"<= 1,000,000",Medium,Collateral requirement is elevated.
2025-06-19,CORN,Corn,Hedge ratio above target,2.52,<= 1.25,Medium,Futures quantity is high relative to physical exposure.
2025-06-19,CORN,Corn,Large net open exposure,-6319185.4,"abs <= 1,500,000",High,Residual price exposure needs review.
2025-06-19,CORN,Corn,High margin requirement,1039853.48,"<= 1,000,000",Medium,Collateral requirement is elevated.
2025-06-20,CORN,Corn,Hedge ratio above target,2.52,<= 1.25,Medium,Futures quantity is high relative to physical exposure.
2025-06-20,CORN,Corn,Large net open exposure,-6324630.93,"abs <= 1,500,000",High,Residual price exposure needs review.
2025-06-20,CORN,Corn,High margin requirement,1078944.16,"<= 1,000,000",Medium,Collateral requirement is elevated.
2025-06-23,CORN,Corn,Hedge ratio above target,2.52,<= 1.25,Medium,Futures quantity is high relative to physical exposure.
2025-06-23,CORN,Corn,Large net open exposure,-6330107.18,"abs <= 1,500,000",High,Residual price exposure needs review.
2025-06-23,CORN,Corn,High margin requirement,1025665.01,"<= 1,000,000",Medium,Collateral requirement is elevated.
2025-06-24,CORN,Corn,Hedge ratio above target,5.32,<= 1.25,Medium,Futures quantity is high relative to physical exposure.
2025-06-24,CORN,Corn,Large net open exposure,-5417052.24,"abs <= 1,500,000",High,Residual price exposure needs review.
2025-06-25,CORN,Corn,Hedge ratio above target,5.32,<= 1.25,Medium,Futures quantity is high relative to physical exposure.
2025-06-25,CORN,Corn,Large net open exposure,-5545299.7,"abs <= 1,500,000",High,Residual price exposure needs review.
2025-06-25,CORN,Corn,High margin requirement,1081012.45,"<= 1,000,000",Medium,Collateral requirement is elevated.
2025-06-26,CORN,Corn,Hedge ratio above target,5.32,<= 1.25,Medium,Futures quantity is high relative to physical exposure.
2025-06-26,CORN,Corn,Large net open exposure,-5513466.14,"abs <= 1,500,000",High,Residual price exposure needs review.
2025-06-26,CORN,Corn,High margin requirement,1093884.18,"<= 1,000,000",Medium,Collateral requirement is elevated.
2025-06-27,CORN,Corn,Hedge ratio above target,5.32,<= 1.25,Medium,Futures quantity is high relative to physical exposure.
2025-06-27,CORN,Corn,Large net open exposure,-5582172.69,"abs <= 1,500,000",High,Residual price exposure needs review.
2025-06-27,CORN,Corn,High margin requirement,1063074.82,"<= 1,000,000",Medium,Collateral requirement is elevated.
2025-06-30,CORN,Corn,Hedge ratio above target,21.25,<= 1.25,Medium,Futures quantity is high relative to physical exposure.
2025-06-30,CORN,Corn,Large net open exposure,-4441569.11,"abs <= 1,500,000",High,Residual price exposure needs review.
2025-06-30,CORN,Corn,High margin requirement,1022424.32,"<= 1,000,000",Medium,Collateral requirement is elevated.
2025-01-03,SOY,Soybeans,Hedge ratio below target,0.0,>= 0.75,Medium,Open physical exposure is under-hedged.
2025-01-06,SOY,Soybeans,Hedge ratio below target,0.0,>= 0.75,Medium,Open physical exposure is under-hedged.
2025-01-07,SOY,Soybeans,Hedge ratio below target,0.0,>= 0.75,Medium,Open physical exposure is under-hedged.
2025-01-07,SOY,Soybeans,Large net open exposure,-1526854.43,"abs <= 1,500,000",High,Residual price exposure needs review.
2025-01-08,SOY,Soybeans,Hedge ratio above target,2.15,<= 1.25,Medium,Futures quantity is high relative to physical exposure.
2025-01-08,SOY,Soybeans,Large net open exposure,1714434.24,"abs <= 1,500,000",High,Residual price exposure needs review.
2025-01-09,SOY,Soybeans,Hedge ratio above target,4.64,<= 1.25,Medium,Futures quantity is high relative to physical exposure.
2025-01-09,SOY,Soybeans,Large net open exposure,3913678.66,"abs <= 1,500,000",High,Residual price exposure needs review.
2025-01-10,SOY,Soybeans,Hedge ratio above target,4.64,<= 1.25,Medium,Futures quantity is high relative to physical exposure.
2025-01-10,SOY,Soybeans,Large net open exposure,3933768.3,"abs <= 1,500,000",High,Residual price exposure needs review.
2025-01-13,SOY,Soybeans,Hedge ratio above target,4.64,<= 1.25,Medium,Futures quantity is high relative to physical exposure.
2025-01-13,SOY,Soybeans,Large net open exposure,3956135.75,"abs <= 1,500,000",High,Residual price exposure needs review.
2025-01-14,SOY,Soybeans,Hedge ratio above target,4.64,<= 1.25,Medium,Futures quantity is high relative to physical exposure.
2025-01-14,SOY,Soybeans,Large net open exposure,3994040.43,"abs <= 1,500,000",High,Residual price exposure needs review.
2025-01-15,SOY,Soybeans,Hedge ratio above target,4.64,<= 1.25,Medium,Futures quantity is high relative to physical exposure.
2025-01-15,SOY,Soybeans,Large net open exposure,3992382.01,"abs <= 1,500,000",High,Residual price exposure needs review.
2025-01-16,SOY,Soybeans,Hedge ratio above target,4.64,<= 1.25,Medium,Futures quantity is high relative to physical exposure.
2025-01-16,SOY,Soybeans,Large net open exposure,4009208.8,"abs <= 1,500,000",High,Residual price exposure needs review.
2025-01-17,SOY,Soybeans,Hedge ratio above target,4.64,<= 1.25,Medium,Futures quantity is high relative to physical exposure.
2025-01-17,SOY,Soybeans,Large net open exposure,3978442.63,"abs <= 1,500,000",High,Residual price exposure needs review.
2025-01-20,SOY,Soybeans,Large net open exposure,6943813.76,"abs <= 1,500,000",High,Residual price exposure needs review.
2025-01-21,SOY,Soybeans,Hedge ratio above target,1.35,<= 1.25,Medium,Futures quantity is high relative to physical exposure.
2025-01-21,SOY,Soybeans,Large net open exposure,5649061.74,"abs <= 1,500,000",High,Residual price exposure needs review.
2025-01-22,SOY,Soybeans,Hedge ratio above target,1.27,<= 1.25,Medium,Futures quantity is high relative to physical exposure.
2025-01-22,SOY,Soybeans,Large net open exposure,5863946.15,"abs <= 1,500,000",High,Residual price exposure needs review.
2025-01-23,SOY,Soybeans,Hedge ratio above target,1.27,<= 1.25,Medium,Futures quantity is high relative to physical exposure.
2025-01-23,SOY,Soybeans,Large net open exposure,5816621.19,"abs <= 1,500,000",High,Residual price exposure needs review.
2025-01-24,SOY,Soybeans,Hedge ratio above target,1.78,<= 1.25,Medium,Futures quantity is high relative to physical exposure.
2025-01-24,SOY,Soybeans,Large net open exposure,5084517.69,"abs <= 1,500,000",High,Residual price exposure needs review.
2025-01-27,SOY,Soybeans,Hedge ratio above target,1.78,<= 1.25,Medium,Futures quantity is high relative to physical exposure.
2025-01-27,SOY,Soybeans,Large net open exposure,5098373.07,"abs <= 1,500,000",High,Residual price exposure needs review.
2025-01-28,SOY,Soybeans,Hedge ratio above target,1.78,<= 1.25,Medium,Futures quantity is high relative to physical exposure.
2025-01-28,SOY,Soybeans,Large net open exposure,5060710.09,"abs <= 1,500,000",High,Residual price exposure needs review.
2025-01-29,SOY,Soybeans,Hedge ratio above target,1.78,<= 1.25,Medium,Futures quantity is high relative to physical exposure.
2025-01-29,SOY,Soybeans,Large net open exposure,5023003.7,"abs <= 1,500,000",High,Residual price exposure needs review.
2025-01-30,SOY,Soybeans,Hedge ratio above target,1.78,<= 1.25,Medium,Futures quantity is high relative to physical exposure.
2025-01-30,SOY,Soybeans,Large net open exposure,4957833.4,"abs <= 1,500,000",High,Residual price exposure needs review.
2025-01-31,SOY,Soybeans,Hedge ratio above target,1.78,<= 1.25,Medium,Futures quantity is high relative to physical exposure.
2025-01-31,SOY,Soybeans,Large net open exposure,5075751.71,"abs <= 1,500,000",High,Residual price exposure needs review.
2025-02-03,SOY,Soybeans,Hedge ratio above target,1.78,<= 1.25,Medium,Futures quantity is high relative to physical exposure.
2025-02-03,SOY,Soybeans,Large net open exposure,5080469.34,"abs <= 1,500,000",High,Residual price exposure needs review.
2025-02-04,SOY,Soybeans,Hedge ratio above target,1.78,<= 1.25,Medium,Futures quantity is high relative to physical exposure.
2025-02-04,SOY,Soybeans,Large net open exposure,5026250.72,"abs <= 1,500,000",High,Residual price exposure needs review.
2025-02-05,SOY,Soybeans,Hedge ratio above target,1.78,<= 1.25,Medium,Futures quantity is high relative to physical exposure.
2025-02-05,SOY,Soybeans,Large net open exposure,4914317.73,"abs <= 1,500,000",High,Residual price exposure needs review.
2025-02-06,SOY,Soybeans,Hedge ratio above target,1.78,<= 1.25,Medium,Futures quantity is high relative to physical exposure.
2025-02-06,SOY,Soybeans,Large net open exposure,4959832.43,"abs <= 1,500,000",High,Residual price exposure needs review.
2025-02-07,SOY,Soybeans,Hedge ratio above target,1.78,<= 1.25,Medium,Futures quantity is high relative to physical exposure.
2025-02-07,SOY,Soybeans,Large net open exposure,4915932.46,"abs <= 1,500,000",High,Residual price exposure needs review.
2025-02-10,SOY,Soybeans,Large net open exposure,6080121.07,"abs <= 1,500,000",High,Residual price exposure needs review.
2025-02-11,SOY,Soybeans,Hedge ratio below target,0.67,>= 0.75,Medium,Open physical exposure is under-hedged.
2025-02-11,SOY,Soybeans,Large net open exposure,10623317.36,"abs <= 1,500,000",High,Residual price exposure needs review.
2025-02-12,SOY,Soybeans,Hedge ratio below target,0.71,>= 0.75,Medium,Open physical exposure is under-hedged.
2025-02-12,SOY,Soybeans,Large net open exposure,10973045.59,"abs <= 1,500,000",High,Residual price exposure needs review.
2025-02-13,SOY,Soybeans,Hedge ratio below target,0.49,>= 0.75,Medium,Open physical exposure is under-hedged.
2025-02-13,SOY,Soybeans,Large net open exposure,13934373.26,"abs <= 1,500,000",High,Residual price exposure needs review.
2025-02-14,SOY,Soybeans,Hedge ratio below target,0.62,>= 0.75,Medium,Open physical exposure is under-hedged.
2025-02-14,SOY,Soybeans,Large net open exposure,11949183.37,"abs <= 1,500,000",High,Residual price exposure needs review.
2025-02-17,SOY,Soybeans,Hedge ratio below target,0.69,>= 0.75,Medium,Open physical exposure is under-hedged.
2025-02-17,SOY,Soybeans,Large net open exposure,11244460.34,"abs <= 1,500,000",High,Residual price exposure needs review.
2025-02-18,SOY,Soybeans,Large net open exposure,10578198.01,"abs <= 1,500,000",High,Residual price exposure needs review.
2025-02-19,SOY,Soybeans,Large net open exposure,10604658.03,"abs <= 1,500,000",High,Residual price exposure needs review.
2025-02-20,SOY,Soybeans,Large net open exposure,10752013.42,"abs <= 1,500,000",High,Residual price exposure needs review.
2025-02-21,SOY,Soybeans,Hedge ratio below target,0.52,>= 0.75,Medium,Open physical exposure is under-hedged.
2025-02-21,SOY,Soybeans,Large net open exposure,9223495.33,"abs <= 1,500,000",High,Residual price exposure needs review.
2025-02-24,SOY,Soybeans,Large net open exposure,11409195.03,"abs <= 1,500,000",High,Residual price exposure needs review.
2025-02-25,SOY,Soybeans,Hedge ratio above target,1.26,<= 1.25,Medium,Futures quantity is high relative to physical exposure.
2025-02-25,SOY,Soybeans,Large net open exposure,9188788.26,"abs <= 1,500,000",High,Residual price exposure needs review.
2025-02-26,SOY,Soybeans,Hedge ratio above target,1.26,<= 1.25,Medium,Futures quantity is high relative to physical exposure.
2025-02-26,SOY,Soybeans,Large net open exposure,9214554.92,"abs <= 1,500,000",High,Residual price exposure needs review.
2025-02-27,SOY,Soybeans,Hedge ratio above target,1.26,<= 1.25,Medium,Futures quantity is high relative to physical exposure.
2025-02-27,SOY,Soybeans,Large net open exposure,9259365.43,"abs <= 1,500,000",High,Residual price exposure needs review.
2025-02-28,SOY,Soybeans,Hedge ratio above target,1.26,<= 1.25,Medium,Futures quantity is high relative to physical exposure.
2025-02-28,SOY,Soybeans,Large net open exposure,9221183.78,"abs <= 1,500,000",High,Residual price exposure needs review.
2025-03-03,SOY,Soybeans,Hedge ratio above target,1.26,<= 1.25,Medium,Futures quantity is high relative to physical exposure.
2025-03-03,SOY,Soybeans,Large net open exposure,9124854.49,"abs <= 1,500,000",High,Residual price exposure needs review.
2025-03-04,SOY,Soybeans,Hedge ratio below target,0.7,>= 0.75,Medium,Open physical exposure is under-hedged.
2025-03-04,SOY,Soybeans,Large net open exposure,12330137.96,"abs <= 1,500,000",High,Residual price exposure needs review.
2025-03-05,SOY,Soybeans,Large net open exposure,11802874.53,"abs <= 1,500,000",High,Residual price exposure needs review.
2025-03-06,SOY,Soybeans,Large net open exposure,11666115.43,"abs <= 1,500,000",High,Residual price exposure needs review.
2025-03-07,SOY,Soybeans,Hedge ratio below target,0.64,>= 0.75,Medium,Open physical exposure is under-hedged.
2025-03-07,SOY,Soybeans,Large net open exposure,12855326.72,"abs <= 1,500,000",High,Residual price exposure needs review.
2025-03-10,SOY,Soybeans,Hedge ratio below target,0.64,>= 0.75,Medium,Open physical exposure is under-hedged.
2025-03-10,SOY,Soybeans,Large net open exposure,12746334.68,"abs <= 1,500,000",High,Residual price exposure needs review.
2025-03-11,SOY,Soybeans,Large net open exposure,10623974.03,"abs <= 1,500,000",High,Residual price exposure needs review.
2025-03-12,SOY,Soybeans,Large net open exposure,10623847.26,"abs <= 1,500,000",High,Residual price exposure needs review.
2025-03-13,SOY,Soybeans,Large net open exposure,10552191.11,"abs <= 1,500,000",High,Residual price exposure needs review.
2025-03-14,SOY,Soybeans,Large net open exposure,10528748.06,"abs <= 1,500,000",High,Residual price exposure needs review.
2025-03-17,SOY,Soybeans,Hedge ratio above target,1.75,<= 1.25,Medium,Futures quantity is high relative to physical exposure.
2025-03-17,SOY,Soybeans,Large net open exposure,7648721.6,"abs <= 1,500,000",High,Residual price exposure needs review.
2025-03-18,SOY,Soybeans,Hedge ratio above target,2.33,<= 1.25,Medium,Futures quantity is high relative to physical exposure.
2025-03-18,SOY,Soybeans,Large net open exposure,9280631.39,"abs <= 1,500,000",High,Residual price exposure needs review.
2025-03-19,SOY,Soybeans,Hedge ratio above target,2.33,<= 1.25,Medium,Futures quantity is high relative to physical exposure.
2025-03-19,SOY,Soybeans,Large net open exposure,9285706.59,"abs <= 1,500,000",High,Residual price exposure needs review.
2025-03-20,SOY,Soybeans,Hedge ratio above target,2.33,<= 1.25,Medium,Futures quantity is high relative to physical exposure.
2025-03-20,SOY,Soybeans,Large net open exposure,9305784.66,"abs <= 1,500,000",High,Residual price exposure needs review.
2025-03-21,SOY,Soybeans,Hedge ratio above target,1.82,<= 1.25,Medium,Futures quantity is high relative to physical exposure.
2025-03-21,SOY,Soybeans,Large net open exposure,7870450.63,"abs <= 1,500,000",High,Residual price exposure needs review.
2025-03-24,SOY,Soybeans,Hedge ratio above target,2.32,<= 1.25,Medium,Futures quantity is high relative to physical exposure.
2025-03-24,SOY,Soybeans,Large net open exposure,7197967.03,"abs <= 1,500,000",High,Residual price exposure needs review.
2025-03-25,SOY,Soybeans,Large net open exposure,11298330.92,"abs <= 1,500,000",High,Residual price exposure needs review.
2025-03-26,SOY,Soybeans,Hedge ratio below target,0.48,>= 0.75,Medium,Open physical exposure is under-hedged.
2025-03-26,SOY,Soybeans,Large net open exposure,15603376.41,"abs <= 1,500,000",High,Residual price exposure needs review.
2025-03-27,SOY,Soybeans,Large net open exposure,20808223.74,"abs <= 1,500,000",High,Residual price exposure needs review.
2025-03-28,SOY,Soybeans,Large net open exposure,22487967.67,"abs <= 1,500,000",High,Residual price exposure needs review.
2025-03-31,SOY,Soybeans,Hedge ratio below target,0.69,>= 0.75,Medium,Open physical exposure is under-hedged.
2025-03-31,SOY,Soybeans,Large net open exposure,24534929.79,"abs <= 1,500,000",High,Residual price exposure needs review.
2025-04-01,SOY,Soybeans,Hedge ratio below target,0.28,>= 0.75,Medium,Open physical exposure is under-hedged.
2025-04-01,SOY,Soybeans,Large net open exposure,18570335.52,"abs <= 1,500,000",High,Residual price exposure needs review.
2025-04-02,SOY,Soybeans,Hedge ratio below target,0.23,>= 0.75,Medium,Open physical exposure is under-hedged.
2025-04-02,SOY,Soybeans,Large net open exposure,21900636.59,"abs <= 1,500,000",High,Residual price exposure needs review.
2025-04-03,SOY,Soybeans,Hedge ratio below target,0.28,>= 0.75,Medium,Open physical exposure is under-hedged.
2025-04-03,SOY,Soybeans,Large net open exposure,19008724.95,"abs <= 1,500,000",High,Residual price exposure needs review.
2025-04-04,SOY,Soybeans,Hedge ratio below target,0.34,>= 0.75,Medium,Open physical exposure is under-hedged.
2025-04-04,SOY,Soybeans,Large net open exposure,16123337.99,"abs <= 1,500,000",High,Residual price exposure needs review.
2025-04-07,SOY,Soybeans,Hedge ratio below target,0.02,>= 0.75,Medium,Open physical exposure is under-hedged.
2025-04-07,SOY,Soybeans,Large net open exposure,11909794.28,"abs <= 1,500,000",High,Residual price exposure needs review.
2025-04-08,SOY,Soybeans,Hedge ratio below target,0.02,>= 0.75,Medium,Open physical exposure is under-hedged.
2025-04-08,SOY,Soybeans,Large net open exposure,12008821.24,"abs <= 1,500,000",High,Residual price exposure needs review.
2025-04-09,SOY,Soybeans,Hedge ratio below target,0.02,>= 0.75,Medium,Open physical exposure is under-hedged.
2025-04-09,SOY,Soybeans,Large net open exposure,12822705.28,"abs <= 1,500,000",High,Residual price exposure needs review.
2025-04-10,SOY,Soybeans,Hedge ratio below target,0.02,>= 0.75,Medium,Open physical exposure is under-hedged.
2025-04-10,SOY,Soybeans,Large net open exposure,12578328.77,"abs <= 1,500,000",High,Residual price exposure needs review.
2025-04-11,SOY,Soybeans,Hedge ratio below target,0.03,>= 0.75,Medium,Open physical exposure is under-hedged.
2025-04-11,SOY,Soybeans,Large net open exposure,7611524.39,"abs <= 1,500,000",High,Residual price exposure needs review.
2025-04-14,SOY,Soybeans,Hedge ratio below target,0.54,>= 0.75,Medium,Open physical exposure is under-hedged.
2025-04-14,SOY,Soybeans,Large net open exposure,11965165.45,"abs <= 1,500,000",High,Residual price exposure needs review.
2025-04-14,SOY,Soybeans,High margin requirement,1101703.8,"<= 1,000,000",Medium,Collateral requirement is elevated.
2025-04-15,SOY,Soybeans,Large net open exposure,9165304.07,"abs <= 1,500,000",High,Residual price exposure needs review.
2025-04-15,SOY,Soybeans,High margin requirement,1157778.16,"<= 1,000,000",Medium,Collateral requirement is elevated.
2025-04-16,SOY,Soybeans,Hedge ratio below target,0.61,>= 0.75,Medium,Open physical exposure is under-hedged.
2025-04-16,SOY,Soybeans,Large net open exposure,11022640.78,"abs <= 1,500,000",High,Residual price exposure needs review.
2025-04-16,SOY,Soybeans,High margin requirement,1193844.45,"<= 1,000,000",Medium,Collateral requirement is elevated.
2025-04-17,SOY,Soybeans,Large net open exposure,12094550.56,"abs <= 1,500,000",High,Residual price exposure needs review.
2025-04-17,SOY,Soybeans,High margin requirement,1228114.24,"<= 1,000,000",Medium,Collateral requirement is elevated.
2025-04-18,SOY,Soybeans,Large net open exposure,11990330.43,"abs <= 1,500,000",High,Residual price exposure needs review.
2025-04-18,SOY,Soybeans,High margin requirement,1206491.7,"<= 1,000,000",Medium,Collateral requirement is elevated.
2025-04-21,SOY,Soybeans,Hedge ratio below target,0.55,>= 0.75,Medium,Open physical exposure is under-hedged.
2025-04-21,SOY,Soybeans,Large net open exposure,14569769.63,"abs <= 1,500,000",High,Residual price exposure needs review.
2025-04-21,SOY,Soybeans,High margin requirement,1160295.9,"<= 1,000,000",Medium,Collateral requirement is elevated.
2025-04-22,SOY,Soybeans,Large net open exposure,17802566.21,"abs <= 1,500,000",High,Residual price exposure needs review.
2025-04-22,SOY,Soybeans,High margin requirement,1405758.97,"<= 1,000,000",Medium,Collateral requirement is elevated.
2025-04-23,SOY,Soybeans,Large net open exposure,18795937.56,"abs <= 1,500,000",High,Residual price exposure needs review.
2025-04-23,SOY,Soybeans,High margin requirement,1244748.02,"<= 1,000,000",Medium,Collateral requirement is elevated.
2025-04-24,SOY,Soybeans,Hedge ratio below target,0.44,>= 0.75,Medium,Open physical exposure is under-hedged.
2025-04-24,SOY,Soybeans,Large net open exposure,17206621.17,"abs <= 1,500,000",High,Residual price exposure needs review.
2025-04-24,SOY,Soybeans,High margin requirement,1657284.79,"<= 1,000,000",Medium,Collateral requirement is elevated.
2025-04-25,SOY,Soybeans,Hedge ratio below target,0.44,>= 0.75,Medium,Open physical exposure is under-hedged.
2025-04-25,SOY,Soybeans,Large net open exposure,17271590.79,"abs <= 1,500,000",High,Residual price exposure needs review.
2025-04-25,SOY,Soybeans,High margin requirement,1800106.39,"<= 1,000,000",Medium,Collateral requirement is elevated.
2025-04-28,SOY,Soybeans,Hedge ratio below target,0.35,>= 0.75,Medium,Open physical exposure is under-hedged.
2025-04-28,SOY,Soybeans,Large net open exposure,20664925.35,"abs <= 1,500,000",High,Residual price exposure needs review.
2025-04-28,SOY,Soybeans,High margin requirement,1522604.96,"<= 1,000,000",Medium,Collateral requirement is elevated.
2025-04-29,SOY,Soybeans,Hedge ratio below target,0.43,>= 0.75,Medium,Open physical exposure is under-hedged.
2025-04-29,SOY,Soybeans,Large net open exposure,18060168.34,"abs <= 1,500,000",High,Residual price exposure needs review.
2025-04-29,SOY,Soybeans,High margin requirement,1604726.79,"<= 1,000,000",Medium,Collateral requirement is elevated.
2025-04-30,SOY,Soybeans,Hedge ratio below target,0.43,>= 0.75,Medium,Open physical exposure is under-hedged.
2025-04-30,SOY,Soybeans,Large net open exposure,17961363.85,"abs <= 1,500,000",High,Residual price exposure needs review.
2025-04-30,SOY,Soybeans,High margin requirement,1619861.76,"<= 1,000,000",Medium,Collateral requirement is elevated.
2025-05-01,SOY,Soybeans,Hedge ratio below target,0.43,>= 0.75,Medium,Open physical exposure is under-hedged.
2025-05-01,SOY,Soybeans,Large net open exposure,18083032.62,"abs <= 1,500,000",High,Residual price exposure needs review.
2025-05-01,SOY,Soybeans,High margin requirement,1590391.67,"<= 1,000,000",Medium,Collateral requirement is elevated.
2025-05-02,SOY,Soybeans,Hedge ratio below target,0.48,>= 0.75,Medium,Open physical exposure is under-hedged.
2025-05-02,SOY,Soybeans,Large net open exposure,16480604.27,"abs <= 1,500,000",High,Residual price exposure needs review.
2025-05-02,SOY,Soybeans,High margin requirement,1687545.04,"<= 1,000,000",Medium,Collateral requirement is elevated.
2025-05-05,SOY,Soybeans,Large net open exposure,12261395.36,"abs <= 1,500,000",High,Residual price exposure needs review.
2025-05-05,SOY,Soybeans,High margin requirement,1650993.58,"<= 1,000,000",Medium,Collateral requirement is elevated.
2025-05-06,SOY,Soybeans,Large net open exposure,12331779.0,"abs <= 1,500,000",High,Residual price exposure needs review.
2025-05-06,SOY,Soybeans,High margin requirement,1630245.93,"<= 1,000,000",Medium,Collateral requirement is elevated.
2025-05-07,SOY,Soybeans,Hedge ratio above target,1.37,<= 1.25,Medium,Futures quantity is high relative to physical exposure.
2025-05-07,SOY,Soybeans,Large net open exposure,9002420.97,"abs <= 1,500,000",High,Residual price exposure needs review.
2025-05-07,SOY,Soybeans,High margin requirement,1672044.63,"<= 1,000,000",Medium,Collateral requirement is elevated.
2025-05-08,SOY,Soybeans,Large net open exposure,12202894.63,"abs <= 1,500,000",High,Residual price exposure needs review.
2025-05-08,SOY,Soybeans,High margin requirement,1621454.55,"<= 1,000,000",Medium,Collateral requirement is elevated.
2025-05-09,SOY,Soybeans,Hedge ratio below target,0.61,>= 0.75,Medium,Open physical exposure is under-hedged.
2025-05-09,SOY,Soybeans,Large net open exposure,13653913.03,"abs <= 1,500,000",High,Residual price exposure needs review.
2025-05-09,SOY,Soybeans,High margin requirement,1826476.42,"<= 1,000,000",Medium,Collateral requirement is elevated.
2025-05-12,SOY,Soybeans,Hedge ratio below target,0.61,>= 0.75,Medium,Open physical exposure is under-hedged.
2025-05-12,SOY,Soybeans,Large net open exposure,13647115.63,"abs <= 1,500,000",High,Residual price exposure needs review.
2025-05-12,SOY,Soybeans,High margin requirement,1630183.87,"<= 1,000,000",Medium,Collateral requirement is elevated.
2025-05-13,SOY,Soybeans,Hedge ratio below target,0.61,>= 0.75,Medium,Open physical exposure is under-hedged.
2025-05-13,SOY,Soybeans,Large net open exposure,13491206.27,"abs <= 1,500,000",High,Residual price exposure needs review.
2025-05-13,SOY,Soybeans,High margin requirement,1633031.59,"<= 1,000,000",Medium,Collateral requirement is elevated.
2025-05-14,SOY,Soybeans,Hedge ratio below target,0.61,>= 0.75,Medium,Open physical exposure is under-hedged.
2025-05-14,SOY,Soybeans,Large net open exposure,13481743.23,"abs <= 1,500,000",High,Residual price exposure needs review.
2025-05-14,SOY,Soybeans,High margin requirement,1509510.97,"<= 1,000,000",Medium,Collateral requirement is elevated.
2025-05-15,SOY,Soybeans,Hedge ratio below target,0.61,>= 0.75,Medium,Open physical exposure is under-hedged.
2025-05-15,SOY,Soybeans,Large net open exposure,13389011.62,"abs <= 1,500,000",High,Residual price exposure needs review.
2025-05-15,SOY,Soybeans,High margin requirement,1573495.79,"<= 1,000,000",Medium,Collateral requirement is elevated.
2025-05-16,SOY,Soybeans,Hedge ratio below target,0.6,>= 0.75,Medium,Open physical exposure is under-hedged.
2025-05-16,SOY,Soybeans,Large net open exposure,13821273.35,"abs <= 1,500,000",High,Residual price exposure needs review.
2025-05-16,SOY,Soybeans,High margin requirement,1682275.43,"<= 1,000,000",Medium,Collateral requirement is elevated.
2025-05-19,SOY,Soybeans,Hedge ratio below target,0.6,>= 0.75,Medium,Open physical exposure is under-hedged.
2025-05-19,SOY,Soybeans,Large net open exposure,13870456.51,"abs <= 1,500,000",High,Residual price exposure needs review.
2025-05-19,SOY,Soybeans,High margin requirement,1522538.49,"<= 1,000,000",Medium,Collateral requirement is elevated.
2025-05-20,SOY,Soybeans,Large net open exposure,11642395.58,"abs <= 1,500,000",High,Residual price exposure needs review.
2025-05-20,SOY,Soybeans,High margin requirement,1469644.2,"<= 1,000,000",Medium,Collateral requirement is elevated.
2025-05-21,SOY,Soybeans,Hedge ratio above target,1.42,<= 1.25,Medium,Futures quantity is high relative to physical exposure.
2025-05-21,SOY,Soybeans,Large net open exposure,11339270.4,"abs <= 1,500,000",High,Residual price exposure needs review.
2025-05-21,SOY,Soybeans,High margin requirement,1686776.72,"<= 1,000,000",Medium,Collateral requirement is elevated.
2025-05-22,SOY,Soybeans,Hedge ratio above target,1.42,<= 1.25,Medium,Futures quantity is high relative to physical exposure.
2025-05-22,SOY,Soybeans,Large net open exposure,11165233.03,"abs <= 1,500,000",High,Residual price exposure needs review.
2025-05-22,SOY,Soybeans,High margin requirement,1776963.62,"<= 1,000,000",Medium,Collateral requirement is elevated.
2025-05-23,SOY,Soybeans,Hedge ratio above target,2.28,<= 1.25,Medium,Futures quantity is high relative to physical exposure.
2025-05-23,SOY,Soybeans,Large net open exposure,9496763.84,"abs <= 1,500,000",High,Residual price exposure needs review.
2025-05-23,SOY,Soybeans,High margin requirement,1687450.56,"<= 1,000,000",Medium,Collateral requirement is elevated.
2025-05-26,SOY,Soybeans,Large net open exposure,12342898.05,"abs <= 1,500,000",High,Residual price exposure needs review.
2025-05-26,SOY,Soybeans,High margin requirement,1661945.04,"<= 1,000,000",Medium,Collateral requirement is elevated.
2025-05-27,SOY,Soybeans,Large net open exposure,12373664.58,"abs <= 1,500,000",High,Residual price exposure needs review.
2025-05-27,SOY,Soybeans,High margin requirement,1559363.81,"<= 1,000,000",Medium,Collateral requirement is elevated.
2025-05-28,SOY,Soybeans,Large net open exposure,12407612.69,"abs <= 1,500,000",High,Residual price exposure needs review.
2025-05-28,SOY,Soybeans,High margin requirement,1715070.79,"<= 1,000,000",Medium,Collateral requirement is elevated.
2025-05-29,SOY,Soybeans,Hedge ratio above target,14.42,<= 1.25,Medium,Futures quantity is high relative to physical exposure.
2025-05-29,SOY,Soybeans,Large net open exposure,7159926.18,"abs <= 1,500,000",High,Residual price exposure needs review.
2025-05-29,SOY,Soybeans,High margin requirement,1729156.9,"<= 1,000,000",Medium,Collateral requirement is elevated.
2025-05-30,SOY,Soybeans,Hedge ratio above target,14.42,<= 1.25,Medium,Futures quantity is high relative to physical exposure.
2025-05-30,SOY,Soybeans,Large net open exposure,7079532.21,"abs <= 1,500,000",High,Residual price exposure needs review.
2025-05-30,SOY,Soybeans,High margin requirement,1552950.28,"<= 1,000,000",Medium,Collateral requirement is elevated.
2025-06-02,SOY,Soybeans,Hedge ratio above target,11.34,<= 1.25,Medium,Futures quantity is high relative to physical exposure.
2025-06-02,SOY,Soybeans,Large net open exposure,5723276.92,"abs <= 1,500,000",High,Residual price exposure needs review.
2025-06-02,SOY,Soybeans,High margin requirement,1530738.62,"<= 1,000,000",Medium,Collateral requirement is elevated.
2025-06-03,SOY,Soybeans,Hedge ratio above target,11.34,<= 1.25,Medium,Futures quantity is high relative to physical exposure.
2025-06-03,SOY,Soybeans,Large net open exposure,5815467.74,"abs <= 1,500,000",High,Residual price exposure needs review.
2025-06-03,SOY,Soybeans,High margin requirement,1520397.94,"<= 1,000,000",Medium,Collateral requirement is elevated.
2025-06-04,SOY,Soybeans,Hedge ratio above target,11.34,<= 1.25,Medium,Futures quantity is high relative to physical exposure.
2025-06-04,SOY,Soybeans,Large net open exposure,5800504.4,"abs <= 1,500,000",High,Residual price exposure needs review.
2025-06-04,SOY,Soybeans,High margin requirement,1530607.76,"<= 1,000,000",Medium,Collateral requirement is elevated.
2025-06-05,SOY,Soybeans,Hedge ratio above target,11.34,<= 1.25,Medium,Futures quantity is high relative to physical exposure.
2025-06-05,SOY,Soybeans,Large net open exposure,5858694.3,"abs <= 1,500,000",High,Residual price exposure needs review.
2025-06-05,SOY,Soybeans,High margin requirement,1498462.04,"<= 1,000,000",Medium,Collateral requirement is elevated.
2025-06-06,SOY,Soybeans,Hedge ratio above target,11.34,<= 1.25,Medium,Futures quantity is high relative to physical exposure.
2025-06-06,SOY,Soybeans,Large net open exposure,5813098.93,"abs <= 1,500,000",High,Residual price exposure needs review.
2025-06-06,SOY,Soybeans,High margin requirement,1502574.5,"<= 1,000,000",Medium,Collateral requirement is elevated.
2025-06-09,SOY,Soybeans,Large net open exposure,11197454.84,"abs <= 1,500,000",High,Residual price exposure needs review.
2025-06-09,SOY,Soybeans,High margin requirement,1494785.74,"<= 1,000,000",Medium,Collateral requirement is elevated.
2025-06-10,SOY,Soybeans,Large net open exposure,10083432.9,"abs <= 1,500,000",High,Residual price exposure needs review.
2025-06-10,SOY,Soybeans,High margin requirement,1515154.88,"<= 1,000,000",Medium,Collateral requirement is elevated.
2025-06-11,SOY,Soybeans,Large net open exposure,10083389.09,"abs <= 1,500,000",High,Residual price exposure needs review.
2025-06-11,SOY,Soybeans,High margin requirement,1357759.82,"<= 1,000,000",Medium,Collateral requirement is elevated.
2025-06-12,SOY,Soybeans,Hedge ratio above target,1.74,<= 1.25,Medium,Futures quantity is high relative to physical exposure.
2025-06-12,SOY,Soybeans,Large net open exposure,8447691.95,"abs <= 1,500,000",High,Residual price exposure needs review.
2025-06-12,SOY,Soybeans,High margin requirement,1376365.59,"<= 1,000,000",Medium,Collateral requirement is elevated.
2025-06-13,SOY,Soybeans,Large net open exposure,10386813.1,"abs <= 1,500,000",High,Residual price exposure needs review.
2025-06-13,SOY,Soybeans,High margin requirement,1421178.94,"<= 1,000,000",Medium,Collateral requirement is elevated.
2025-06-16,SOY,Soybeans,Large net open exposure,10210902.04,"abs <= 1,500,000",High,Residual price exposure needs review.
2025-06-16,SOY,Soybeans,High margin requirement,1456683.18,"<= 1,000,000",Medium,Collateral requirement is elevated.
2025-06-17,SOY,Soybeans,Large net open exposure,10261848.32,"abs <= 1,500,000",High,Residual price exposure needs review.
2025-06-17,SOY,Soybeans,High margin requirement,1487015.69,"<= 1,000,000",Medium,Collateral requirement is elevated.
2025-06-18,SOY,Soybeans,Hedge ratio above target,2.44,<= 1.25,Medium,Futures quantity is high relative to physical exposure.
2025-06-18,SOY,Soybeans,Large net open exposure,7693058.88,"abs <= 1,500,000",High,Residual price exposure needs review.
2025-06-18,SOY,Soybeans,High margin requirement,1483302.01,"<= 1,000,000",Medium,Collateral requirement is elevated.
2025-06-19,SOY,Soybeans,Hedge ratio above target,2.44,<= 1.25,Medium,Futures quantity is high relative to physical exposure.
2025-06-19,SOY,Soybeans,Large net open exposure,7738417.61,"abs <= 1,500,000",High,Residual price exposure needs review.
2025-06-19,SOY,Soybeans,High margin requirement,1529716.73,"<= 1,000,000",Medium,Collateral requirement is elevated.
2025-06-20,SOY,Soybeans,Hedge ratio above target,2.44,<= 1.25,Medium,Futures quantity is high relative to physical exposure.
2025-06-20,SOY,Soybeans,Large net open exposure,7838421.06,"abs <= 1,500,000",High,Residual price exposure needs review.
2025-06-20,SOY,Soybeans,High margin requirement,1531554.88,"<= 1,000,000",Medium,Collateral requirement is elevated.
2025-06-23,SOY,Soybeans,Hedge ratio above target,2.44,<= 1.25,Medium,Futures quantity is high relative to physical exposure.
2025-06-23,SOY,Soybeans,Large net open exposure,7796504.21,"abs <= 1,500,000",High,Residual price exposure needs review.
2025-06-23,SOY,Soybeans,High margin requirement,1413190.8,"<= 1,000,000",Medium,Collateral requirement is elevated.
2025-06-24,SOY,Soybeans,Hedge ratio above target,2.44,<= 1.25,Medium,Futures quantity is high relative to physical exposure.
2025-06-24,SOY,Soybeans,Large net open exposure,7813177.0,"abs <= 1,500,000",High,Residual price exposure needs review.
2025-06-24,SOY,Soybeans,High margin requirement,1478261.13,"<= 1,000,000",Medium,Collateral requirement is elevated.
2025-06-25,SOY,Soybeans,Hedge ratio above target,2.44,<= 1.25,Medium,Futures quantity is high relative to physical exposure.
2025-06-25,SOY,Soybeans,Large net open exposure,7811318.75,"abs <= 1,500,000",High,Residual price exposure needs review.
2025-06-25,SOY,Soybeans,High margin requirement,1414623.93,"<= 1,000,000",Medium,Collateral requirement is elevated.
2025-06-26,SOY,Soybeans,Hedge ratio above target,2.44,<= 1.25,Medium,Futures quantity is high relative to physical exposure.
2025-06-26,SOY,Soybeans,Large net open exposure,7885679.26,"abs <= 1,500,000",High,Residual price exposure needs review.
2025-06-26,SOY,Soybeans,High margin requirement,1464101.33,"<= 1,000,000",Medium,Collateral requirement is elevated.
2025-06-27,SOY,Soybeans,Hedge ratio above target,2.3,<= 1.25,Medium,Futures quantity is high relative to physical exposure.
2025-06-27,SOY,Soybeans,Large net open exposure,8085396.27,"abs <= 1,500,000",High,Residual price exposure needs review.
2025-06-27,SOY,Soybeans,High margin requirement,1494201.94,"<= 1,000,000",Medium,Collateral requirement is elevated.
2025-06-30,SOY,Soybeans,Hedge ratio above target,2.3,<= 1.25,Medium,Futures quantity is high relative to physical exposure.
2025-06-30,SOY,Soybeans,Large net open exposure,8123835.02,"abs <= 1,500,000",High,Residual price exposure needs review.
2025-06-30,SOY,Soybeans,High margin requirement,1274068.84,"<= 1,000,000",Medium,Collateral requirement is elevated.
2025-01-14,WHEAT,Spring Wheat,Hedge ratio above target,3.92,<= 1.25,Medium,Futures quantity is high relative to physical exposure.
2025-01-15,WHEAT,Spring Wheat,Hedge ratio above target,3.92,<= 1.25,Medium,Futures quantity is high relative to physical exposure.
2025-01-16,WHEAT,Spring Wheat,Hedge ratio above target,6.83,<= 1.25,Medium,Futures quantity is high relative to physical exposure.
2025-01-16,WHEAT,Spring Wheat,Large net open exposure,1640171.67,"abs <= 1,500,000",High,Residual price exposure needs review.
2025-01-17,WHEAT,Spring Wheat,Hedge ratio above target,6.83,<= 1.25,Medium,Futures quantity is high relative to physical exposure.
2025-01-17,WHEAT,Spring Wheat,Large net open exposure,1695363.96,"abs <= 1,500,000",High,Residual price exposure needs review.
2025-01-20,WHEAT,Spring Wheat,Hedge ratio above target,6.83,<= 1.25,Medium,Futures quantity is high relative to physical exposure.
2025-01-20,WHEAT,Spring Wheat,Large net open exposure,1701887.29,"abs <= 1,500,000",High,Residual price exposure needs review.
2025-01-21,WHEAT,Spring Wheat,Hedge ratio above target,1.68,<= 1.25,Medium,Futures quantity is high relative to physical exposure.
2025-01-21,WHEAT,Spring Wheat,Large net open exposure,2351144.57,"abs <= 1,500,000",High,Residual price exposure needs review.
2025-01-22,WHEAT,Spring Wheat,Hedge ratio above target,1.68,<= 1.25,Medium,Futures quantity is high relative to physical exposure.
2025-01-22,WHEAT,Spring Wheat,Large net open exposure,2323089.5,"abs <= 1,500,000",High,Residual price exposure needs review.
2025-01-23,WHEAT,Spring Wheat,Hedge ratio above target,1.51,<= 1.25,Medium,Futures quantity is high relative to physical exposure.
2025-01-23,WHEAT,Spring Wheat,Large net open exposure,2435261.59,"abs <= 1,500,000",High,Residual price exposure needs review.
2025-01-24,WHEAT,Spring Wheat,Hedge ratio above target,1.51,<= 1.25,Medium,Futures quantity is high relative to physical exposure.
2025-01-24,WHEAT,Spring Wheat,Large net open exposure,2396548.6,"abs <= 1,500,000",High,Residual price exposure needs review.
2025-01-27,WHEAT,Spring Wheat,Hedge ratio above target,1.51,<= 1.25,Medium,Futures quantity is high relative to physical exposure.
2025-01-27,WHEAT,Spring Wheat,Large net open exposure,2408812.85,"abs <= 1,500,000",High,Residual price exposure needs review.
2025-01-28,WHEAT,Spring Wheat,Large net open exposure,1835352.3,"abs <= 1,500,000",High,Residual price exposure needs review.
2025-01-29,WHEAT,Spring Wheat,Large net open exposure,1824507.47,"abs <= 1,500,000",High,Residual price exposure needs review.
2025-01-30,WHEAT,Spring Wheat,Large net open exposure,1840252.29,"abs <= 1,500,000",High,Residual price exposure needs review.
2025-01-31,WHEAT,Spring Wheat,Large net open exposure,1833230.95,"abs <= 1,500,000",High,Residual price exposure needs review.
2025-02-03,WHEAT,Spring Wheat,Hedge ratio below target,0.29,>= 0.75,Medium,Open physical exposure is under-hedged.
2025-02-03,WHEAT,Spring Wheat,Large net open exposure,3245869.31,"abs <= 1,500,000",High,Residual price exposure needs review.
2025-02-04,WHEAT,Spring Wheat,Hedge ratio below target,0.29,>= 0.75,Medium,Open physical exposure is under-hedged.
2025-02-04,WHEAT,Spring Wheat,Large net open exposure,3185757.16,"abs <= 1,500,000",High,Residual price exposure needs review.
2025-02-05,WHEAT,Spring Wheat,Hedge ratio below target,0.29,>= 0.75,Medium,Open physical exposure is under-hedged.
2025-02-05,WHEAT,Spring Wheat,Large net open exposure,3150558.72,"abs <= 1,500,000",High,Residual price exposure needs review.
2025-02-06,WHEAT,Spring Wheat,Hedge ratio below target,0.51,>= 0.75,Medium,Open physical exposure is under-hedged.
2025-02-06,WHEAT,Spring Wheat,Large net open exposure,2080038.85,"abs <= 1,500,000",High,Residual price exposure needs review.
2025-02-07,WHEAT,Spring Wheat,Hedge ratio below target,0.51,>= 0.75,Medium,Open physical exposure is under-hedged.
2025-02-07,WHEAT,Spring Wheat,Large net open exposure,2084348.59,"abs <= 1,500,000",High,Residual price exposure needs review.
2025-02-10,WHEAT,Spring Wheat,Hedge ratio below target,0.54,>= 0.75,Medium,Open physical exposure is under-hedged.
2025-02-11,WHEAT,Spring Wheat,Hedge ratio below target,0.28,>= 0.75,Medium,Open physical exposure is under-hedged.
2025-02-11,WHEAT,Spring Wheat,Large net open exposure,1944012.93,"abs <= 1,500,000",High,Residual price exposure needs review.
2025-02-12,WHEAT,Spring Wheat,Hedge ratio below target,0.28,>= 0.75,Medium,Open physical exposure is under-hedged.
2025-02-12,WHEAT,Spring Wheat,Large net open exposure,2024775.1,"abs <= 1,500,000",High,Residual price exposure needs review.
2025-02-17,WHEAT,Spring Wheat,Hedge ratio above target,1.53,<= 1.25,Medium,Futures quantity is high relative to physical exposure.
2025-02-18,WHEAT,Spring Wheat,Hedge ratio above target,1.53,<= 1.25,Medium,Futures quantity is high relative to physical exposure.
2025-02-19,WHEAT,Spring Wheat,Hedge ratio above target,1.32,<= 1.25,Medium,Futures quantity is high relative to physical exposure.
2025-02-20,WHEAT,Spring Wheat,Hedge ratio above target,1.32,<= 1.25,Medium,Futures quantity is high relative to physical exposure.
2025-02-21,WHEAT,Spring Wheat,Hedge ratio above target,1.32,<= 1.25,Medium,Futures quantity is high relative to physical exposure.
2025-02-24,WHEAT,Spring Wheat,Hedge ratio above target,1.32,<= 1.25,Medium,Futures quantity is high relative to physical exposure.
2025-02-25,WHEAT,Spring Wheat,Hedge ratio below target,0.54,>= 0.75,Medium,Open physical exposure is under-hedged.
2025-02-25,WHEAT,Spring Wheat,Large net open exposure,1651963.29,"abs <= 1,500,000",High,Residual price exposure needs review.
2025-02-26,WHEAT,Spring Wheat,Hedge ratio below target,0.61,>= 0.75,Medium,Open physical exposure is under-hedged.
2025-02-27,WHEAT,Spring Wheat,Hedge ratio below target,0.61,>= 0.75,Medium,Open physical exposure is under-hedged.
2025-02-28,WHEAT,Spring Wheat,Hedge ratio below target,0.61,>= 0.75,Medium,Open physical exposure is under-hedged.
2025-03-03,WHEAT,Spring Wheat,Hedge ratio below target,0.61,>= 0.75,Medium,Open physical exposure is under-hedged.
2025-03-04,WHEAT,Spring Wheat,Hedge ratio below target,0.06,>= 0.75,Medium,Open physical exposure is under-hedged.
2025-03-04,WHEAT,Spring Wheat,Large net open exposure,5787593.45,"abs <= 1,500,000",High,Residual price exposure needs review.
2025-03-05,WHEAT,Spring Wheat,Hedge ratio below target,0.07,>= 0.75,Medium,Open physical exposure is under-hedged.
2025-03-05,WHEAT,Spring Wheat,Large net open exposure,5109617.93,"abs <= 1,500,000",High,Residual price exposure needs review.
2025-03-06,WHEAT,Spring Wheat,Hedge ratio below target,0.07,>= 0.75,Medium,Open physical exposure is under-hedged.
2025-03-06,WHEAT,Spring Wheat,Large net open exposure,5042448.74,"abs <= 1,500,000",High,Residual price exposure needs review.
2025-03-07,WHEAT,Spring Wheat,Hedge ratio below target,0.07,>= 0.75,Medium,Open physical exposure is under-hedged.
2025-03-07,WHEAT,Spring Wheat,Large net open exposure,5004091.5,"abs <= 1,500,000",High,Residual price exposure needs review.
2025-03-10,WHEAT,Spring Wheat,Hedge ratio below target,0.1,>= 0.75,Medium,Open physical exposure is under-hedged.
2025-03-10,WHEAT,Spring Wheat,Large net open exposure,3319550.06,"abs <= 1,500,000",High,Residual price exposure needs review.
2025-03-11,WHEAT,Spring Wheat,Hedge ratio below target,0.07,>= 0.75,Medium,Open physical exposure is under-hedged.
2025-03-11,WHEAT,Spring Wheat,Large net open exposure,5022769.4,"abs <= 1,500,000",High,Residual price exposure needs review.
2025-03-12,WHEAT,Spring Wheat,Hedge ratio below target,0.09,>= 0.75,Medium,Open physical exposure is under-hedged.
2025-03-12,WHEAT,Spring Wheat,Large net open exposure,3982867.18,"abs <= 1,500,000",High,Residual price exposure needs review.
2025-03-13,WHEAT,Spring Wheat,Hedge ratio below target,0.09,>= 0.75,Medium,Open physical exposure is under-hedged.
2025-03-13,WHEAT,Spring Wheat,Large net open exposure,3976781.77,"abs <= 1,500,000",High,Residual price exposure needs review.
2025-03-14,WHEAT,Spring Wheat,Hedge ratio below target,0.15,>= 0.75,Medium,Open physical exposure is under-hedged.
2025-03-14,WHEAT,Spring Wheat,Large net open exposure,2448677.74,"abs <= 1,500,000",High,Residual price exposure needs review.
2025-03-17,WHEAT,Spring Wheat,Hedge ratio above target,1.81,<= 1.25,Medium,Futures quantity is high relative to physical exposure.
2025-03-17,WHEAT,Spring Wheat,Large net open exposure,-3236922.71,"abs <= 1,500,000",High,Residual price exposure needs review.
2025-03-17,WHEAT,Spring Wheat,High margin requirement,1045736.76,"<= 1,000,000",Medium,Collateral requirement is elevated.
2025-03-18,WHEAT,Spring Wheat,Hedge ratio above target,1.67,<= 1.25,Medium,Futures quantity is high relative to physical exposure.
2025-03-18,WHEAT,Spring Wheat,Large net open exposure,-3348525.56,"abs <= 1,500,000",High,Residual price exposure needs review.
2025-03-19,WHEAT,Spring Wheat,Hedge ratio above target,11.43,<= 1.25,Medium,Futures quantity is high relative to physical exposure.
2025-03-19,WHEAT,Spring Wheat,Large net open exposure,-2251332.8,"abs <= 1,500,000",High,Residual price exposure needs review.
2025-03-20,WHEAT,Spring Wheat,Hedge ratio above target,11.43,<= 1.25,Medium,Futures quantity is high relative to physical exposure.
2025-03-20,WHEAT,Spring Wheat,Large net open exposure,-2268079.4,"abs <= 1,500,000",High,Residual price exposure needs review.
2025-03-20,WHEAT,Spring Wheat,High margin requirement,1025468.29,"<= 1,000,000",Medium,Collateral requirement is elevated.
2025-03-21,WHEAT,Spring Wheat,Hedge ratio above target,12.53,<= 1.25,Medium,Futures quantity is high relative to physical exposure.
2025-03-21,WHEAT,Spring Wheat,Large net open exposure,-2493366.47,"abs <= 1,500,000",High,Residual price exposure needs review.
2025-03-21,WHEAT,Spring Wheat,High margin requirement,1061721.5,"<= 1,000,000",Medium,Collateral requirement is elevated.
2025-03-24,WHEAT,Spring Wheat,Hedge ratio above target,30.3,<= 1.25,Medium,Futures quantity is high relative to physical exposure.
2025-03-24,WHEAT,Spring Wheat,Large net open exposure,-2400566.08,"abs <= 1,500,000",High,Residual price exposure needs review.
2025-03-24,WHEAT,Spring Wheat,High margin requirement,1022978.86,"<= 1,000,000",Medium,Collateral requirement is elevated.
2025-03-25,WHEAT,Spring Wheat,Hedge ratio above target,30.3,<= 1.25,Medium,Futures quantity is high relative to physical exposure.
2025-03-25,WHEAT,Spring Wheat,Large net open exposure,-2409841.13,"abs <= 1,500,000",High,Residual price exposure needs review.
2025-03-26,WHEAT,Spring Wheat,Hedge ratio above target,30.3,<= 1.25,Medium,Futures quantity is high relative to physical exposure.
2025-03-26,WHEAT,Spring Wheat,Large net open exposure,-2369758.35,"abs <= 1,500,000",High,Residual price exposure needs review.
2025-03-27,WHEAT,Spring Wheat,Hedge ratio above target,30.3,<= 1.25,Medium,Futures quantity is high relative to physical exposure.
2025-03-27,WHEAT,Spring Wheat,Large net open exposure,-2344874.19,"abs <= 1,500,000",High,Residual price exposure needs review.
2025-03-28,WHEAT,Spring Wheat,Hedge ratio above target,4.23,<= 1.25,Medium,Futures quantity is high relative to physical exposure.
2025-03-28,WHEAT,Spring Wheat,Large net open exposure,-2849204.61,"abs <= 1,500,000",High,Residual price exposure needs review.
2025-03-31,WHEAT,Spring Wheat,Hedge ratio above target,3.5,<= 1.25,Medium,Futures quantity is high relative to physical exposure.
2025-03-31,WHEAT,Spring Wheat,Large net open exposure,-1671562.99,"abs <= 1,500,000",High,Residual price exposure needs review.
2025-03-31,WHEAT,Spring Wheat,High margin requirement,1025809.42,"<= 1,000,000",Medium,Collateral requirement is elevated.
2025-04-01,WHEAT,Spring Wheat,Hedge ratio above target,3.38,<= 1.25,Medium,Futures quantity is high relative to physical exposure.
2025-04-01,WHEAT,Spring Wheat,Large net open exposure,-1595562.26,"abs <= 1,500,000",High,Residual price exposure needs review.
2025-04-02,WHEAT,Spring Wheat,Hedge ratio above target,3.38,<= 1.25,Medium,Futures quantity is high relative to physical exposure.
2025-04-02,WHEAT,Spring Wheat,Large net open exposure,-1606747.29,"abs <= 1,500,000",High,Residual price exposure needs review.
2025-04-03,WHEAT,Spring Wheat,Hedge ratio above target,2.87,<= 1.25,Medium,Futures quantity is high relative to physical exposure.
2025-04-04,WHEAT,Spring Wheat,Hedge ratio above target,3.2,<= 1.25,Medium,Futures quantity is high relative to physical exposure.
2025-04-04,WHEAT,Spring Wheat,Large net open exposure,-1562370.93,"abs <= 1,500,000",High,Residual price exposure needs review.
2025-04-07,WHEAT,Spring Wheat,Hedge ratio above target,3.2,<= 1.25,Medium,Futures quantity is high relative to physical exposure.
2025-04-07,WHEAT,Spring Wheat,Large net open exposure,-1549923.45,"abs <= 1,500,000",High,Residual price exposure needs review.
2025-04-08,WHEAT,Spring Wheat,Hedge ratio above target,1.41,<= 1.25,Medium,Futures quantity is high relative to physical exposure.
2025-04-09,WHEAT,Spring Wheat,Hedge ratio above target,1.41,<= 1.25,Medium,Futures quantity is high relative to physical exposure.
2025-04-10,WHEAT,Spring Wheat,Hedge ratio above target,1.41,<= 1.25,Medium,Futures quantity is high relative to physical exposure.
2025-04-11,WHEAT,Spring Wheat,Hedge ratio below target,0.68,>= 0.75,Medium,Open physical exposure is under-hedged.
2025-04-14,WHEAT,Spring Wheat,Hedge ratio below target,0.68,>= 0.75,Medium,Open physical exposure is under-hedged.
2025-04-15,WHEAT,Spring Wheat,Hedge ratio below target,0.68,>= 0.75,Medium,Open physical exposure is under-hedged.
2025-04-16,WHEAT,Spring Wheat,Hedge ratio below target,0.62,>= 0.75,Medium,Open physical exposure is under-hedged.
2025-04-16,WHEAT,Spring Wheat,Large net open exposure,2010472.08,"abs <= 1,500,000",High,Residual price exposure needs review.
2025-04-18,WHEAT,Spring Wheat,Hedge ratio below target,0.68,>= 0.75,Medium,Open physical exposure is under-hedged.
2025-04-18,WHEAT,Spring Wheat,Large net open exposure,1519989.65,"abs <= 1,500,000",High,Residual price exposure needs review.
2025-04-22,WHEAT,Spring Wheat,Hedge ratio above target,2.0,<= 1.25,Medium,Futures quantity is high relative to physical exposure.
2025-04-22,WHEAT,Spring Wheat,Large net open exposure,-2912500.45,"abs <= 1,500,000",High,Residual price exposure needs review.
2025-04-23,WHEAT,Spring Wheat,Hedge ratio above target,1.44,<= 1.25,Medium,Futures quantity is high relative to physical exposure.
2025-04-23,WHEAT,Spring Wheat,Large net open exposure,-1704976.17,"abs <= 1,500,000",High,Residual price exposure needs review.
2025-04-24,WHEAT,Spring Wheat,Hedge ratio above target,1.44,<= 1.25,Medium,Futures quantity is high relative to physical exposure.
2025-04-24,WHEAT,Spring Wheat,Large net open exposure,-1732700.48,"abs <= 1,500,000",High,Residual price exposure needs review.
2025-04-25,WHEAT,Spring Wheat,Hedge ratio above target,2.41,<= 1.25,Medium,Futures quantity is high relative to physical exposure.
2025-04-25,WHEAT,Spring Wheat,Large net open exposure,-3389729.0,"abs <= 1,500,000",High,Residual price exposure needs review.
2025-04-28,WHEAT,Spring Wheat,Hedge ratio above target,2.41,<= 1.25,Medium,Futures quantity is high relative to physical exposure.
2025-04-28,WHEAT,Spring Wheat,Large net open exposure,-3443299.37,"abs <= 1,500,000",High,Residual price exposure needs review.
2025-04-29,WHEAT,Spring Wheat,Hedge ratio above target,2.41,<= 1.25,Medium,Futures quantity is high relative to physical exposure.
2025-04-29,WHEAT,Spring Wheat,Large net open exposure,-3443664.47,"abs <= 1,500,000",High,Residual price exposure needs review.
2025-04-30,WHEAT,Spring Wheat,Hedge ratio above target,2.41,<= 1.25,Medium,Futures quantity is high relative to physical exposure.
2025-04-30,WHEAT,Spring Wheat,Large net open exposure,-3399341.97,"abs <= 1,500,000",High,Residual price exposure needs review.
2025-05-01,WHEAT,Spring Wheat,Hedge ratio above target,6.0,<= 1.25,Medium,Futures quantity is high relative to physical exposure.
2025-05-01,WHEAT,Spring Wheat,Large net open exposure,-4791678.98,"abs <= 1,500,000",High,Residual price exposure needs review.
2025-05-02,WHEAT,Spring Wheat,Hedge ratio above target,4.24,<= 1.25,Medium,Futures quantity is high relative to physical exposure.
2025-05-02,WHEAT,Spring Wheat,Large net open exposure,-3118442.28,"abs <= 1,500,000",High,Residual price exposure needs review.
2025-05-05,WHEAT,Spring Wheat,Hedge ratio above target,4.24,<= 1.25,Medium,Futures quantity is high relative to physical exposure.
2025-05-05,WHEAT,Spring Wheat,Large net open exposure,-3125994.02,"abs <= 1,500,000",High,Residual price exposure needs review.
2025-05-06,WHEAT,Spring Wheat,Hedge ratio above target,4.24,<= 1.25,Medium,Futures quantity is high relative to physical exposure.
2025-05-06,WHEAT,Spring Wheat,Large net open exposure,-3147259.23,"abs <= 1,500,000",High,Residual price exposure needs review.
2025-05-06,WHEAT,Spring Wheat,High margin requirement,1012504.36,"<= 1,000,000",Medium,Collateral requirement is elevated.
2025-05-07,WHEAT,Spring Wheat,Hedge ratio above target,4.24,<= 1.25,Medium,Futures quantity is high relative to physical exposure.
2025-05-07,WHEAT,Spring Wheat,Large net open exposure,-3199285.38,"abs <= 1,500,000",High,Residual price exposure needs review.
2025-05-08,WHEAT,Spring Wheat,Hedge ratio above target,1.82,<= 1.25,Medium,Futures quantity is high relative to physical exposure.
2025-05-08,WHEAT,Spring Wheat,Large net open exposure,-1891902.11,"abs <= 1,500,000",High,Residual price exposure needs review.
2025-05-08,WHEAT,Spring Wheat,High margin requirement,1028069.56,"<= 1,000,000",Medium,Collateral requirement is elevated.
2025-05-09,WHEAT,Spring Wheat,Hedge ratio above target,3.27,<= 1.25,Medium,Futures quantity is high relative to physical exposure.
2025-05-09,WHEAT,Spring Wheat,Large net open exposure,-5152091.62,"abs <= 1,500,000",High,Residual price exposure needs review.
2025-05-09,WHEAT,Spring Wheat,High margin requirement,1178207.55,"<= 1,000,000",Medium,Collateral requirement is elevated.
2025-05-12,WHEAT,Spring Wheat,Hedge ratio above target,2.97,<= 1.25,Medium,Futures quantity is high relative to physical exposure.
2025-05-12,WHEAT,Spring Wheat,Large net open exposure,-4957017.6,"abs <= 1,500,000",High,Residual price exposure needs review.
2025-05-12,WHEAT,Spring Wheat,High margin requirement,1208634.98,"<= 1,000,000",Medium,Collateral requirement is elevated.
2025-05-13,WHEAT,Spring Wheat,Hedge ratio above target,2.97,<= 1.25,Medium,Futures quantity is high relative to physical exposure.
2025-05-13,WHEAT,Spring Wheat,Large net open exposure,-4919208.68,"abs <= 1,500,000",High,Residual price exposure needs review.
2025-05-13,WHEAT,Spring Wheat,High margin requirement,1205749.47,"<= 1,000,000",Medium,Collateral requirement is elevated.
2025-05-14,WHEAT,Spring Wheat,Hedge ratio above target,2.97,<= 1.25,Medium,Futures quantity is high relative to physical exposure.
2025-05-14,WHEAT,Spring Wheat,Large net open exposure,-4939710.18,"abs <= 1,500,000",High,Residual price exposure needs review.
2025-05-14,WHEAT,Spring Wheat,High margin requirement,1302196.23,"<= 1,000,000",Medium,Collateral requirement is elevated.
2025-05-15,WHEAT,Spring Wheat,Hedge ratio above target,3.87,<= 1.25,Medium,Futures quantity is high relative to physical exposure.
2025-05-15,WHEAT,Spring Wheat,Large net open exposure,-7242357.87,"abs <= 1,500,000",High,Residual price exposure needs review.
2025-05-15,WHEAT,Spring Wheat,High margin requirement,1407500.01,"<= 1,000,000",Medium,Collateral requirement is elevated.
2025-05-16,WHEAT,Spring Wheat,Hedge ratio above target,3.87,<= 1.25,Medium,Futures quantity is high relative to physical exposure.
2025-05-16,WHEAT,Spring Wheat,Large net open exposure,-7111765.98,"abs <= 1,500,000",High,Residual price exposure needs review.
2025-05-16,WHEAT,Spring Wheat,High margin requirement,1377381.92,"<= 1,000,000",Medium,Collateral requirement is elevated.
2025-05-19,WHEAT,Spring Wheat,Hedge ratio above target,1.85,<= 1.25,Medium,Futures quantity is high relative to physical exposure.
2025-05-19,WHEAT,Spring Wheat,Large net open exposure,-4420832.9,"abs <= 1,500,000",High,Residual price exposure needs review.
2025-05-19,WHEAT,Spring Wheat,High margin requirement,1416860.24,"<= 1,000,000",Medium,Collateral requirement is elevated.
2025-05-20,WHEAT,Spring Wheat,Hedge ratio above target,1.62,<= 1.25,Medium,Futures quantity is high relative to physical exposure.
2025-05-20,WHEAT,Spring Wheat,Large net open exposure,-3711021.67,"abs <= 1,500,000",High,Residual price exposure needs review.
2025-05-20,WHEAT,Spring Wheat,High margin requirement,1272064.5,"<= 1,000,000",Medium,Collateral requirement is elevated.
2025-05-21,WHEAT,Spring Wheat,Hedge ratio above target,1.76,<= 1.25,Medium,Futures quantity is high relative to physical exposure.
2025-05-21,WHEAT,Spring Wheat,Large net open exposure,-4242036.3,"abs <= 1,500,000",High,Residual price exposure needs review.
2025-05-21,WHEAT,Spring Wheat,High margin requirement,1386755.37,"<= 1,000,000",Medium,Collateral requirement is elevated.
2025-05-22,WHEAT,Spring Wheat,Hedge ratio above target,2.01,<= 1.25,Medium,Futures quantity is high relative to physical exposure.
2025-05-22,WHEAT,Spring Wheat,Large net open exposure,-4927908.41,"abs <= 1,500,000",High,Residual price exposure needs review.
2025-05-22,WHEAT,Spring Wheat,High margin requirement,1500143.09,"<= 1,000,000",Medium,Collateral requirement is elevated.
2025-05-23,WHEAT,Spring Wheat,Hedge ratio above target,1.74,<= 1.25,Medium,Futures quantity is high relative to physical exposure.
2025-05-23,WHEAT,Spring Wheat,Large net open exposure,-4188801.51,"abs <= 1,500,000",High,Residual price exposure needs review.
2025-05-23,WHEAT,Spring Wheat,High margin requirement,1396505.88,"<= 1,000,000",Medium,Collateral requirement is elevated.
2025-05-26,WHEAT,Spring Wheat,Hedge ratio above target,1.74,<= 1.25,Medium,Futures quantity is high relative to physical exposure.
2025-05-26,WHEAT,Spring Wheat,Large net open exposure,-4043393.14,"abs <= 1,500,000",High,Residual price exposure needs review.
2025-05-26,WHEAT,Spring Wheat,High margin requirement,1392920.55,"<= 1,000,000",Medium,Collateral requirement is elevated.
2025-05-27,WHEAT,Spring Wheat,Hedge ratio above target,1.74,<= 1.25,Medium,Futures quantity is high relative to physical exposure.
2025-05-27,WHEAT,Spring Wheat,Large net open exposure,-4114481.81,"abs <= 1,500,000",High,Residual price exposure needs review.
2025-05-27,WHEAT,Spring Wheat,High margin requirement,1419605.46,"<= 1,000,000",Medium,Collateral requirement is elevated.
2025-05-28,WHEAT,Spring Wheat,Hedge ratio above target,1.77,<= 1.25,Medium,Futures quantity is high relative to physical exposure.
2025-05-28,WHEAT,Spring Wheat,Large net open exposure,-4163135.42,"abs <= 1,500,000",High,Residual price exposure needs review.
2025-05-28,WHEAT,Spring Wheat,High margin requirement,1438914.64,"<= 1,000,000",Medium,Collateral requirement is elevated.
2025-05-29,WHEAT,Spring Wheat,Hedge ratio above target,1.26,<= 1.25,Medium,Futures quantity is high relative to physical exposure.
2025-05-29,WHEAT,Spring Wheat,High margin requirement,1463359.24,"<= 1,000,000",Medium,Collateral requirement is elevated.
2025-05-30,WHEAT,Spring Wheat,Hedge ratio above target,1.57,<= 1.25,Medium,Futures quantity is high relative to physical exposure.
2025-05-30,WHEAT,Spring Wheat,Large net open exposure,-2483170.5,"abs <= 1,500,000",High,Residual price exposure needs review.
2025-05-30,WHEAT,Spring Wheat,High margin requirement,1472418.1,"<= 1,000,000",Medium,Collateral requirement is elevated.
2025-06-02,WHEAT,Spring Wheat,Hedge ratio above target,1.42,<= 1.25,Medium,Futures quantity is high relative to physical exposure.
2025-06-02,WHEAT,Spring Wheat,Large net open exposure,-1938123.71,"abs <= 1,500,000",High,Residual price exposure needs review.
2025-06-03,WHEAT,Spring Wheat,Hedge ratio above target,1.42,<= 1.25,Medium,Futures quantity is high relative to physical exposure.
2025-06-03,WHEAT,Spring Wheat,Large net open exposure,-1809361.55,"abs <= 1,500,000",High,Residual price exposure needs review.
2025-06-04,WHEAT,Spring Wheat,Hedge ratio above target,1.42,<= 1.25,Medium,Futures quantity is high relative to physical exposure.
2025-06-04,WHEAT,Spring Wheat,Large net open exposure,-1806643.03,"abs <= 1,500,000",High,Residual price exposure needs review.
2025-06-05,WHEAT,Spring Wheat,Hedge ratio above target,1.42,<= 1.25,Medium,Futures quantity is high relative to physical exposure.
2025-06-05,WHEAT,Spring Wheat,Large net open exposure,-1797631.67,"abs <= 1,500,000",High,Residual price exposure needs review.
2025-06-06,WHEAT,Spring Wheat,Hedge ratio above target,1.42,<= 1.25,Medium,Futures quantity is high relative to physical exposure.
2025-06-06,WHEAT,Spring Wheat,Large net open exposure,-1743812.44,"abs <= 1,500,000",High,Residual price exposure needs review.
2025-06-09,WHEAT,Spring Wheat,Hedge ratio above target,1.42,<= 1.25,Medium,Futures quantity is high relative to physical exposure.
2025-06-09,WHEAT,Spring Wheat,Large net open exposure,-1780988.96,"abs <= 1,500,000",High,Residual price exposure needs review.
2025-06-10,WHEAT,Spring Wheat,Hedge ratio above target,1.42,<= 1.25,Medium,Futures quantity is high relative to physical exposure.
2025-06-10,WHEAT,Spring Wheat,Large net open exposure,-1732478.28,"abs <= 1,500,000",High,Residual price exposure needs review.
2025-06-11,WHEAT,Spring Wheat,Hedge ratio above target,1.42,<= 1.25,Medium,Futures quantity is high relative to physical exposure.
2025-06-11,WHEAT,Spring Wheat,Large net open exposure,-1789641.08,"abs <= 1,500,000",High,Residual price exposure needs review.
2025-06-12,WHEAT,Spring Wheat,Hedge ratio above target,1.7,<= 1.25,Medium,Futures quantity is high relative to physical exposure.
2025-06-12,WHEAT,Spring Wheat,Large net open exposure,-2424574.91,"abs <= 1,500,000",High,Residual price exposure needs review.
2025-06-13,WHEAT,Spring Wheat,Hedge ratio above target,1.7,<= 1.25,Medium,Futures quantity is high relative to physical exposure.
2025-06-13,WHEAT,Spring Wheat,Large net open exposure,-2411488.45,"abs <= 1,500,000",High,Residual price exposure needs review.
2025-06-16,WHEAT,Spring Wheat,Hedge ratio above target,2.21,<= 1.25,Medium,Futures quantity is high relative to physical exposure.
2025-06-16,WHEAT,Spring Wheat,Large net open exposure,-3179513.72,"abs <= 1,500,000",High,Residual price exposure needs review.
2025-06-17,WHEAT,Spring Wheat,Hedge ratio above target,2.21,<= 1.25,Medium,Futures quantity is high relative to physical exposure.
2025-06-17,WHEAT,Spring Wheat,Large net open exposure,-3246171.05,"abs <= 1,500,000",High,Residual price exposure needs review.
2025-06-18,WHEAT,Spring Wheat,Hedge ratio above target,4.08,<= 1.25,Medium,Futures quantity is high relative to physical exposure.
2025-06-18,WHEAT,Spring Wheat,Large net open exposure,-4582497.16,"abs <= 1,500,000",High,Residual price exposure needs review.
2025-06-19,WHEAT,Spring Wheat,Hedge ratio above target,4.08,<= 1.25,Medium,Futures quantity is high relative to physical exposure.
2025-06-19,WHEAT,Spring Wheat,Large net open exposure,-4608122.03,"abs <= 1,500,000",High,Residual price exposure needs review.
2025-06-20,WHEAT,Spring Wheat,Hedge ratio above target,2.1,<= 1.25,Medium,Futures quantity is high relative to physical exposure.
2025-06-20,WHEAT,Spring Wheat,Large net open exposure,-3109328.49,"abs <= 1,500,000",High,Residual price exposure needs review.
2025-06-23,WHEAT,Spring Wheat,Hedge ratio above target,2.1,<= 1.25,Medium,Futures quantity is high relative to physical exposure.
2025-06-23,WHEAT,Spring Wheat,Large net open exposure,-3152121.82,"abs <= 1,500,000",High,Residual price exposure needs review.
2025-06-24,WHEAT,Spring Wheat,Hedge ratio above target,2.23,<= 1.25,Medium,Futures quantity is high relative to physical exposure.
2025-06-24,WHEAT,Spring Wheat,Large net open exposure,-3333303.26,"abs <= 1,500,000",High,Residual price exposure needs review.
2025-06-25,WHEAT,Spring Wheat,Hedge ratio above target,2.23,<= 1.25,Medium,Futures quantity is high relative to physical exposure.
2025-06-25,WHEAT,Spring Wheat,Large net open exposure,-3385458.61,"abs <= 1,500,000",High,Residual price exposure needs review.
2025-06-26,WHEAT,Spring Wheat,Hedge ratio above target,2.23,<= 1.25,Medium,Futures quantity is high relative to physical exposure.
2025-06-26,WHEAT,Spring Wheat,Large net open exposure,-3320937.78,"abs <= 1,500,000",High,Residual price exposure needs review.
2025-06-27,WHEAT,Spring Wheat,Hedge ratio above target,2.23,<= 1.25,Medium,Futures quantity is high relative to physical exposure.
2025-06-27,WHEAT,Spring Wheat,Large net open exposure,-3388524.56,"abs <= 1,500,000",High,Residual price exposure needs review.
2025-06-30,WHEAT,Spring Wheat,Hedge ratio above target,2.23,<= 1.25,Medium,Futures quantity is high relative to physical exposure.
2025-06-30,WHEAT,Spring Wheat,Large net open exposure,-3394530.69,"abs <= 1,500,000",High,Residual price exposure needs review.
